Date,Freight_Index_BDRY,Brent_Crude_USD,USD_INR_Exchange_Rate,"Coal, Australian","Coal, South African **","Iron ore, cfr spot",Freight_Lag_7,Crude_Lag_7,Freight_Lag_14,Crude_Lag_14,Freight_Lag_30,Crude_Lag_30,Freight_MA_7,Freight_MA_30,Freight_Momentum_7_30,Freight_Volatility_14d,Target_Freight_14d,Target_Freight_30d
2021-02-12,12.43000030517578,62.43000030517578,72.70950317382812,86.74,82.76,163.8,9.449999809265137,58.459999084472656,10.699999809265137,55.880001068115234,8.470000267028809,51.09000015258789,10.667143004281181,10.264100042978923,1.0392662354178432,0.8558584997868173,15.260000228881836,18.420000076293945
2021-02-15,12.43000030517578,62.43000030517578,72.59480285644531,86.74,82.76,163.8,9.8100004196167,58.84000015258789,9.600000381469728,55.90999984741211,8.470000267028809,51.09000015258789,11.041428702218193,10.396100044250488,1.0620730884168155,1.0143611903159768,16.25,16.8700008392334
2021-02-16,15.81999969482422,63.349998474121094,72.63870239257812,86.74,82.76,163.8,10.239999771118164,59.34000015258789,10.02299976348877,55.810001373291016,8.5600004196167,53.599998474121094,11.838571548461914,10.63810002009074,1.112845376303124,1.7497624641324885,16.5,16.5
2021-02-17,16.65999984741211,64.33999633789062,72.93499755859375,86.74,82.76,163.8,9.789999961853027,60.560001373291016,9.760000228881836,55.529998779296875,8.529999732971191,54.29999923706055,12.820000103541783,10.909100023905436,1.1751646170447416,2.303489568052082,16.329999923706055,16.920000076293945
2021-02-18,13.520000457763672,63.93000030517578,72.79730224609375,86.74,82.76,163.8,10.100000381469728,61.09000015258789,10.34000015258789,55.880001068115234,9.31999969482422,54.380001068115234,13.308571543012347,11.04910004933675,1.2044926228073207,2.3533167068055154,15.31999969482422,17.93000030517578
2021-02-19,14.5,62.90999984741211,72.60540008544922,86.74,82.76,163.8,10.75,61.470001220703125,10.1899995803833,56.349998474121094,10.34000015258789,55.9900016784668,13.844285828726631,11.187766710917154,1.2374474559558581,2.439342362032975,16.200000762939453,17.93000030517578
2021-02-22,13.739999771118164,65.23999786376953,72.5530014038086,86.74,82.76,163.8,11.550000190734863,61.13999938964844,9.229999542236328,57.459999084472656,11.800000190734863,55.65999984741211,14.157142911638532,11.252433363596598,1.2581394506227055,2.359352720009774,16.59000015258789,18.209999084472656
2021-02-23,13.34000015258789,65.37000274658203,72.44400024414062,86.74,82.76,163.8,12.43000030517578,62.43000030517578,9.449999809265137,58.459999084472656,10.59000015258789,56.58000183105469,14.287142889840263,11.344100030263265,1.259432679313381,2.2365302763838084,17.950000762939453,17.56999969482422
2021-02-24,13.170000076293944,67.04000091552734,72.37699890136719,86.74,82.76,163.8,12.43000030517578,62.43000030517578,9.8100004196167,58.84000015258789,9.960000038146973,56.060001373291016,14.392857142857142,11.45110003153483,1.2568962400344712,2.1046995347040056,18.0,16.969999313354492
2021-02-25,13.3100004196167,66.87999725341797,72.4000015258789,86.74,82.76,163.8,15.81999969482422,63.349998474121094,10.239999771118164,59.34000015258789,10.470000267028809,56.41999816894531,14.034285817827497,11.545766703287761,1.215534145384183,1.9831776385761568,19.5,16.530000686645508
2021-02-26,12.710000038146973,66.12999725341797,73.1509017944336,86.74,82.76,163.8,16.65999984741211,64.33999633789062,9.789999961853027,60.560001373291016,11.039999961853027,55.099998474121094,13.47000013078962,11.601433372497558,1.161062438379148,1.7687706232509628,20.329999923706055,17.520000457763672
2021-03-01,13.020000457763672,63.689998626708984,73.59590148925781,94.92,90.66,168.18,13.520000457763672,63.93000030517578,10.100000381469728,61.09000015258789,11.039999961853027,55.099998474121094,13.398571559361049,11.667433389027913,1.1483725365199622,1.5393734152617675,19.56999969482422,18.079999923706055
2021-03-02,14.890000343322754,62.70000076293945,73.30940246582031,94.92,90.66,168.18,14.5,62.90999984741211,10.75,61.470001220703125,10.710000038146973,55.900001525878906,13.454285894121442,11.806766732533772,1.1395392831515083,1.3912774405681092,19.059999465942383,17.06999969482422
2021-03-03,15.279999732971191,64.06999969482422,73.27749633789062,94.92,90.66,168.18,13.739999771118164,65.23999786376953,11.550000190734863,61.13999938964844,10.800000190734863,56.08000183105469,13.674285888671875,11.956100050608317,1.1437069273192362,1.3133028531275401,16.700000762939453,18.790000915527344
2021-03-04,15.260000228881836,66.73999786376953,72.88069915771484,94.92,90.66,168.18,13.34000015258789,65.37000274658203,12.43000030517578,62.43000030517578,11.329999923706056,56.099998474121094,13.948571613856725,12.087100060780843,1.1540038556541141,1.2845122017821262,17.239999771118164,20.299999237060547
2021-03-05,16.25,69.36000061035156,73.13179779052734,94.92,90.66,168.18,13.170000076293944,67.04000091552734,12.43000030517578,62.43000030517578,11.0,55.40999984741211,14.388571602957589,12.262100060780844,1.173417261110551,1.3039728719966455,19.299999237060547,19.790000915527344
2021-03-08,16.5,68.23999786376953,73.1333999633789,94.92,90.66,168.18,13.3100004196167,66.87999725341797,15.81999969482422,63.349998474121094,10.699999809265137,55.880001068115234,14.844285828726631,12.455433400472005,1.191791038781012,1.3721877250434715,18.420000076293945,20.0
2021-03-09,16.329999923706055,67.5199966430664,73.33000183105469,94.92,90.66,168.18,12.710000038146973,66.12999725341797,16.65999984741211,64.33999633789062,9.600000381469728,55.90999984741211,15.361428669520787,12.67976671854655,1.2114904710468457,1.333391841843107,16.8700008392334,20.450000762939453
2021-03-10,15.31999969482422,67.9000015258789,72.7759017944336,94.92,90.66,168.18,13.020000457763672,63.689998626708984,13.520000457763672,63.93000030517578,10.02299976348877,55.810001373291016,15.689999989100865,12.856333382924397,1.2204092191516982,1.3271467225980196,16.5,21.8799991607666
2021-03-11,16.200000762939453,69.62999725341797,72.70600128173828,94.92,90.66,168.18,14.890000343322754,62.70000076293945,14.5,62.90999984741211,9.760000228881836,55.529998779296875,15.877142906188965,13.071000067392985,1.2146837026616768,1.3986295941235163,16.920000076293945,20.469999313354492
2021-03-12,16.59000015258789,69.22000122070312,72.63899993896484,94.92,90.66,168.18,15.279999732971191,64.06999969482422,13.739999771118164,65.23999786376953,10.34000015258789,55.880001068115234,16.064285823277064,13.279333400726319,1.2097198888913756,1.4596071915236015,17.93000030517578,20.920000076293945
2021-03-15,17.950000762939453,68.87999725341797,72.68299865722656,94.92,90.66,168.18,15.260000228881836,66.73999786376953,13.34000015258789,65.37000274658203,10.1899995803833,56.349998474121094,16.448571613856725,13.538000106811523,1.2149918255402083,1.601200824062336,17.93000030517578,21.399999618530273
2021-03-16,18.0,68.38999938964844,72.51529693603516,94.92,90.66,168.18,16.25,69.36000061035156,13.170000076293944,67.04000091552734,9.229999542236328,57.459999084472656,16.698571613856725,13.830333455403645,1.207386618250065,1.6500937409044143,18.209999084472656,22.979999542236328
2021-03-17,19.5,68.0,72.5156021118164,94.92,90.66,168.18,16.5,68.23999786376953,13.3100004196167,66.87999725341797,9.449999809265137,58.459999084472656,17.127143042428152,14.165333461761474,1.2090877350529399,1.8255482431901173,17.56999969482422,23.520000457763672
2021-03-18,20.329999923706055,63.279998779296875,72.29560089111328,94.92,90.66,168.18,16.329999923706055,67.5199966430664,12.710000038146973,66.12999725341797,9.8100004196167,58.84000015258789,17.698571613856725,14.516000111897787,1.2192449218088108,1.9078622272735004,16.969999313354492,24.010000228881836
2021-03-19,19.56999969482422,64.52999877929688,72.6688003540039,94.92,90.66,168.18,15.31999969482422,67.9000015258789,13.020000457763672,63.689998626708984,10.239999771118164,59.34000015258789,18.305714470999582,14.827000109354655,1.2346194098465033,1.7797198039499098,16.530000686645508,24.700000762939453
2021-03-22,19.059999465942383,64.62000274658203,72.40499877929688,94.92,90.66,168.18,16.200000762939453,69.62999725341797,14.890000343322754,62.70000076293945,9.789999961853027,60.560001373291016,18.714285714285715,15.1360000928243,1.2364081154489854,1.7484837328054597,17.520000457763672,25.079999923706055
2021-03-23,16.700000762939453,60.790000915527344,72.38050079345703,94.92,90.66,168.18,16.59000015258789,69.22000122070312,15.279999732971191,64.06999969482422,10.100000381469728,61.09000015258789,18.73000008719308,15.356000105539957,1.2197178797398613,1.6615859042487318,18.079999923706055,26.209999084472656
2021-03-24,17.239999771118164,64.41000366210938,72.61219787597656,94.92,90.66,168.18,17.950000762939453,68.87999725341797,15.260000228881836,66.73999786376953,10.75,61.470001220703125,18.628571374075754,15.572333431243896,1.1962599885062857,1.5459268275334168,17.06999969482422,26.670000076293945
2021-03-25,19.299999237060547,61.95000076293945,72.64559936523438,94.92,90.66,168.18,18.0,68.38999938964844,16.25,69.36000061035156,11.550000190734863,61.13999938964844,18.81428555079869,15.830666732788085,1.1884700741713101,1.5651570104312489,18.790000915527344,23.559999465942383
2021-03-26,18.420000076293945,64.56999969482422,72.61280059814453,94.92,90.66,168.18,19.5,68.0,16.5,68.23999786376953,12.43000030517578,62.43000030517578,18.65999984741211,16.03033339182536,1.1640424282444093,1.5303271172027995,20.299999237060547,25.899999618530273
2021-03-29,16.8700008392334,64.9800033569336,72.44719696044922,94.92,90.66,168.18,20.329999923706055,63.279998779296875,16.329999923706055,67.5199966430664,12.43000030517578,62.43000030517578,18.165714263916016,16.178333409627278,1.1228414309159804,1.4942666416936683,19.790000915527344,27.59000015258789
2021-03-30,16.5,64.13999938964844,72.74189758300781,94.92,90.66,168.18,19.56999969482422,64.52999877929688,15.31999969482422,67.9000015258789,15.81999969482422,63.349998474121094,17.727142878941127,16.201000086466472,1.0941998544738585,1.3631160633981139,20.0,25.989999771118164
2021-03-31,16.920000076293945,63.540000915527344,73.44529724121094,94.92,90.66,168.18,19.059999465942383,64.62000274658203,16.200000762939453,69.62999725341797,16.65999984741211,64.33999633789062,17.421428680419922,16.209666760762534,1.074754847832042,1.3015028898992702,20.450000762939453,24.200000762939453
2021-04-01,17.93000030517578,64.86000061035156,73.20349884033203,92.22,89.13,179.83,16.700000762939453,60.790000915527344,16.59000015258789,69.22000122070312,13.520000457763672,63.93000030517578,17.597142900739396,16.35666675567627,1.075838519253775,1.2318689037175772,21.8799991607666,23.959999084472656
2021-04-02,17.93000030517578,64.86000061035156,73.28730010986328,92.22,89.13,179.83,17.239999771118164,64.41000366210938,17.950000762939453,68.87999725341797,14.5,62.90999984741211,17.69571440560477,16.471000099182127,1.0743551427051494,1.2321472007980365,20.469999313354492,22.950000762939453
2021-04-05,18.209999084472656,62.150001525878906,73.3759994506836,92.22,89.13,179.83,19.299999237060547,61.95000076293945,18.0,68.38999938964844,13.739999771118164,65.23999786376953,17.540000098092214,16.620000076293945,1.0553543600500281,1.231299418180534,20.920000076293945,21.93000030517578
2021-04-06,17.56999969482422,62.7400016784668,73.27950286865234,92.22,89.13,179.83,18.420000076293945,64.56999969482422,19.5,68.0,13.34000015258789,65.37000274658203,17.41857147216797,16.761000061035155,1.0392316100723231,1.1787178381884318,21.399999618530273,24.079999923706055
2021-04-07,16.969999313354492,63.15999984741211,73.48999786376953,92.22,89.13,179.83,16.8700008392334,64.9800033569336,20.329999923706055,63.279998779296875,13.170000076293944,67.04000091552734,17.432856968470983,16.887666702270508,1.0322827275659048,1.0058095019827193,22.979999542236328,24.450000762939453
2021-04-08,16.530000686645508,63.20000076293945,74.40149688720703,92.22,89.13,179.83,16.5,64.13999938964844,19.56999969482422,64.52999877929688,13.3100004196167,66.87999725341797,17.437142780848912,16.995000044504803,1.0260154442501828,0.9184865408653176,23.520000457763672,25.6200008392334
2021-04-09,17.520000457763672,62.95000076293945,74.54450225830078,92.22,89.13,179.83,16.920000076293945,63.540000915527344,19.059999465942383,64.62000274658203,12.710000038146973,66.12999725341797,17.522857121058873,17.15533339182536,1.021422697339223,0.8141739320253527,24.010000228881836,26.86000061035156
2021-04-12,18.079999923706055,63.279998779296875,74.72949981689453,92.22,89.13,179.83,17.93000030517578,64.86000061035156,16.700000762939453,60.790000915527344,13.020000457763672,63.689998626708984,17.54428563799177,17.324000040690105,1.0127150467348085,0.7968538020571876,24.700000762939453,25.239999771118164
2021-04-13,17.06999969482422,63.66999816894531,74.99099731445312,92.22,89.13,179.83,17.93000030517578,64.86000061035156,17.239999771118164,64.41000366210938,14.890000343322754,62.70000076293945,17.421428407941544,17.396666685740154,1.0014227845150263,0.8035482122498411,25.079999923706055,23.959999084472656
2021-04-14,18.790000915527344,66.58000183105469,75.18150329589844,92.22,89.13,179.83,18.209999084472656,62.150001525878906,19.299999237060547,61.95000076293945,15.279999732971191,64.06999969482422,17.50428581237793,17.513666725158693,0.9994637954709263,0.7263838665248971,26.209999084472656,23.959999084472656
2021-04-15,20.299999237060547,66.94000244140625,75.0261001586914,92.22,89.13,179.83,17.56999969482422,62.7400016784668,18.420000076293945,64.56999969482422,15.260000228881836,66.73999786376953,17.89428574698312,17.68166669209798,1.012024258705067,1.019695164678662,26.670000076293945,23.920000076293945
2021-04-16,19.790000915527344,66.7699966430664,74.72740173339844,92.22,89.13,179.83,16.969999313354492,63.15999984741211,16.8700008392334,64.9800033569336,16.25,69.36000061035156,18.297143118722097,17.79966672261556,1.0279480579259328,1.138208799244288,23.559999465942383,23.0
2021-04-19,20.0,67.05000305175781,74.56320190429688,92.22,89.13,179.83,16.530000686645508,63.20000076293945,16.5,64.13999938964844,16.5,68.23999786376953,18.792857306344168,17.916333389282226,1.0489225897281185,1.1981315650637274,25.899999618530273,23.0
2021-04-20,20.450000762939453,66.56999969482422,74.8781967163086,92.22,89.13,179.83,17.520000457763672,62.95000076293945,16.920000076293945,63.540000915527344,16.329999923706055,67.5199966430664,19.211428778512136,18.053666750590008,1.0641283237711838,1.2948385411413428,27.59000015258789,23.850000381469727
2021-04-21,21.8799991607666,65.31999969482422,75.44920349121094,92.22,89.13,179.83,18.079999923706055,63.279998779296875,17.93000030517578,64.86000061035156,15.31999969482422,67.9000015258789,19.75428581237793,18.27233339945475,1.081103029892017,1.589157746114804,25.989999771118164,22.579999923706055
2021-04-22,20.469999313354492,65.4000015258789,75.42949676513672,92.22,89.13,179.83,17.06999969482422,63.66999816894531,17.93000030517578,64.86000061035156,16.200000762939453,69.62999725341797,20.24000004359654,18.41466668446859,1.099123291188027,1.6447419411718243,24.200000762939453,22.709999084472656
2021-04-23,20.920000076293945,66.11000061035156,75.0916976928711,92.22,89.13,179.83,18.790000915527344,66.58000183105469,18.209999084472656,62.150001525878906,16.59000015258789,69.22000122070312,20.54428563799177,18.55900001525879,1.1069709871970936,1.7236485857445476,23.959999084472656,23.5
2021-04-26,21.399999618530273,65.6500015258789,74.86810302734375,92.22,89.13,179.83,20.299999237060547,66.94000244140625,17.56999969482422,62.7400016784668,17.950000762939453,68.87999725341797,20.7014285496303,18.673999977111816,1.1085689991064283,1.7781543570631961,22.950000762939453,22.65999984741211
2021-04-27,22.979999542236328,66.41999816894531,74.81490325927734,92.22,89.13,179.83,19.790000915527344,66.7699966430664,16.969999313354492,63.15999984741211,18.0,68.38999938964844,21.157142639160156,18.839999961853028,1.1229899921496234,1.8945888755999771,21.93000030517578,23.11000061035156
2021-04-28,23.520000457763672,67.2699966430664,74.57499694824219,92.22,89.13,179.83,20.0,67.05000305175781,16.530000686645508,63.20000076293945,19.5,68.0,21.65999984741211,18.973999977111816,1.1415615293520125,1.9082233903915355,24.079999923706055,24.989999771118164
2021-04-29,24.010000228881836,68.55999755859375,74.31179809570312,92.22,89.13,179.83,20.450000762939453,66.56999969482422,17.520000457763672,62.95000076293945,20.329999923706055,63.279998779296875,22.16857119968959,19.096666653951008,1.1608601643837868,1.9868645093748887,24.450000762939453,27.049999237060547
2021-04-30,24.700000762939453,67.25,74.10579681396484,92.22,89.13,179.83,21.8799991607666,65.31999969482422,18.079999923706055,63.279998779296875,19.56999969482422,64.52999877929688,22.571428571428573,19.26766668955485,1.1714660223494777,2.102322677191027,25.6200008392334,27.81999969482422
2021-05-03,25.079999923706055,67.55999755859375,74.09480285644531,107.04,99.31,207.72,20.469999313354492,65.4000015258789,17.06999969482422,63.66999816894531,19.059999465942383,64.62000274658203,23.23000008719308,19.468333371480306,1.1932191478204215,1.9897148703676932,26.86000061035156,27.0
2021-05-04,26.209999084472656,68.87999725341797,73.8375015258789,107.04,99.31,207.72,20.920000076293945,66.11000061035156,18.790000915527344,66.58000183105469,16.700000762939453,60.790000915527344,23.985714231218612,19.785333315531414,1.2122970953144858,2.128317259076096,25.239999771118164,28.989999771118164
2021-05-05,26.670000076293945,68.95999908447266,73.77890014648438,107.04,99.31,207.72,21.399999618530273,65.6500015258789,20.299999237060547,66.94000244140625,17.239999771118164,64.41000366210938,24.738571439470565,20.099666659037272,1.230794497798428,2.3457161340799675,23.959999084472656,30.13999938964844
2021-05-06,23.559999465942383,68.08999633789062,73.79940032958984,107.04,99.31,207.72,22.979999542236328,66.41999816894531,19.790000915527344,66.7699966430664,19.299999237060547,61.95000076293945,24.821428571428573,20.241666666666667,1.2262535846303528,2.1950379794960297,23.959999084472656,28.06999969482422
2021-05-07,25.899999618530273,68.27999877929688,73.61519622802734,107.04,99.31,207.72,23.520000457763672,67.2699966430664,20.0,67.05000305175781,18.420000076293945,64.56999969482422,25.161428451538086,20.49099998474121,1.2279252447914837,2.142724575708977,23.920000076293945,27.06999969482422
2021-05-10,27.59000015258789,68.31999969482422,73.29029846191406,107.04,99.31,207.72,24.010000228881836,68.55999755859375,20.450000762939453,66.56999969482422,16.8700008392334,64.9800033569336,25.67285701206752,20.84833329518636,1.2314099326057761,2.2316896023602215,23.0,26.559999465942383
2021-05-11,25.989999771118164,68.55000305175781,73.5,107.04,99.31,207.72,24.700000762939453,67.25,21.8799991607666,65.31999969482422,16.5,64.13999938964844,25.85714258466448,21.164666620890298,1.221712150288304,2.212839230908945,23.0,27.049999237060547
2021-05-12,24.200000762939453,69.31999969482422,73.3750991821289,107.04,99.31,207.72,25.079999923706055,67.55999755859375,20.469999313354492,65.4000015258789,16.920000076293945,63.540000915527344,25.731428418840682,21.40733331044515,1.2019907396115663,1.9343711378075368,23.850000381469727,27.8799991607666
2021-05-13,23.959999084472656,67.05000305175781,73.68160247802734,107.04,99.31,207.72,26.209999084472656,68.87999725341797,20.920000076293945,66.11000061035156,17.93000030517578,64.86000061035156,25.40999984741211,21.608333269755047,1.1759346623754445,1.6542634212062355,22.579999923706055,28.84000015258789
2021-05-14,22.950000762939453,68.70999908447266,73.44490051269531,107.04,99.31,207.72,26.670000076293945,68.95999908447266,21.399999618530273,65.6500015258789,17.93000030517578,64.86000061035156,24.878571374075754,21.775666618347167,1.1424936092738553,1.456633834628786,22.709999084472656,29.959999084472656
2021-05-17,21.93000030517578,69.45999908447266,73.27890014648438,107.04,99.31,207.72,23.559999465942383,68.08999633789062,22.979999542236328,66.41999816894531,18.209999084472656,62.150001525878906,24.645714351109095,21.899666659037273,1.125391700289722,1.5798469814906475,23.5,28.93000030517578
2021-05-18,24.079999923706055,68.70999908447266,73.26969909667969,107.04,99.31,207.72,25.899999618530273,68.27999877929688,23.520000457763672,67.2699966430664,17.56999969482422,62.7400016784668,24.385714394705637,22.116666666666667,1.1025939729660545,1.553628891459621,22.65999984741211,28.81999969482422
2021-05-19,24.450000762939453,66.66000366210938,73.1281967163086,107.04,99.31,207.72,27.59000015258789,68.31999969482422,24.010000228881836,68.55999755859375,16.969999313354492,63.15999984741211,23.937143053327286,22.3660000483195,1.0702464588727947,1.5413965675365378,23.11000061035156,29.350000381469727
2021-05-20,25.6200008392334,65.11000061035156,73.222900390625,107.04,99.31,207.72,25.989999771118164,68.55000305175781,24.700000762939453,67.25,16.530000686645508,63.20000076293945,23.884286063058035,22.66900005340576,1.0536095756625108,1.5561166713846144,24.989999771118164,27.31999969482422
2021-05-21,26.86000061035156,66.44000244140625,73.02189636230469,107.04,99.31,207.72,24.200000762939453,69.31999969482422,25.079999923706055,67.55999755859375,17.520000457763672,62.95000076293945,24.264286041259766,22.980333391825358,1.0558713430666635,1.6447266137449519,27.049999237060547,26.8700008392334
2021-05-24,25.239999771118164,68.45999908447266,72.90979766845703,107.04,99.31,207.72,23.959999084472656,67.05000305175781,26.209999084472656,68.87999725341797,18.079999923706055,63.279998779296875,24.447143282209122,23.21900005340576,1.0528934362825353,1.6097962443627325,27.81999969482422,26.8700008392334
2021-05-25,23.959999084472656,68.6500015258789,72.83660125732422,107.04,99.31,207.72,22.950000762939453,68.70999908447266,26.670000076293945,68.95999908447266,17.06999969482422,63.66999816894531,24.591428756713867,23.448666699727376,1.0487341811062532,1.5459563075324692,27.0,25.260000228881836
2021-05-26,23.959999084472656,68.87000274658203,72.80490112304688,107.04,99.31,207.72,21.93000030517578,69.45999908447266,23.559999465942383,68.08999633789062,18.790000915527344,66.58000183105469,24.881428582327707,23.620999972025555,1.0533600642730718,1.5261395067917902,28.989999771118164,26.920000076293945
2021-05-27,23.920000076293945,69.45999908447266,72.67250061035156,107.04,99.31,207.72,24.079999923706055,68.70999908447266,25.899999618530273,68.27999877929688,20.299999237060547,66.94000244140625,24.858571461268834,23.741666666666667,1.0470436359774997,1.504312739299507,30.13999938964844,26.34000015258789
2021-05-28,23.0,69.62999725341797,72.68299865722656,107.04,99.31,207.72,24.450000762939453,66.66000366210938,27.59000015258789,68.31999969482422,19.790000915527344,66.7699966430664,24.651428495134628,23.848666636149087,1.0336602265707588,1.293080561964057,28.06999969482422,26.790000915527344
2021-05-31,23.0,69.62999725341797,72.39350128173828,107.04,99.31,207.72,25.6200008392334,65.11000061035156,25.989999771118164,68.55000305175781,20.0,67.05000305175781,24.277142660958425,23.94866663614909,1.0137154144172433,1.2371772041769065,27.06999969482422,25.34000015258789
2021-06-01,23.850000381469727,70.25,72.48719787597656,129.97,112.92,214.43,26.86000061035156,66.44000244140625,24.200000762939453,69.31999969482422,20.450000762939453,66.56999969482422,23.84714262826102,24.061999956766766,0.9910702668275924,1.2381172532161684,26.559999465942383,24.489999771118164
2021-06-02,22.579999923706055,71.3499984741211,72.8550033569336,129.97,112.92,214.43,25.239999771118164,68.45999908447266,23.959999084472656,67.05000305175781,21.8799991607666,65.31999969482422,23.46714265005929,24.08533331553141,0.9743329103773466,1.2997245132105801,27.049999237060547,23.149999618530273
2021-06-03,22.709999084472656,71.30999755859375,72.96510314941406,129.97,112.92,214.43,23.959999084472656,68.6500015258789,22.950000762939453,68.70999908447266,20.469999313354492,65.4000015258789,23.288571221487864,24.159999974568684,0.963930530078501,1.3155170856410032,27.8799991607666,24.450000762939453
2021-06-04,23.5,71.88999938964844,73.04419708251953,129.97,112.92,214.43,23.959999084472656,68.87000274658203,21.93000030517578,69.45999908447266,20.920000076293945,66.11000061035156,23.222857066563197,24.245999972025555,0.957801184333305,1.1921230150042348,28.84000015258789,24.510000228881836
2021-06-07,22.65999984741211,71.48999786376953,72.90969848632812,129.97,112.92,214.43,23.920000076293945,69.45999908447266,24.079999923706055,68.70999908447266,21.399999618530273,65.6500015258789,23.042857033865793,24.28799997965495,0.9487338424666258,1.2486393253136048,29.959999084472656,25.329999923706055
2021-06-08,23.11000061035156,72.22000122070312,72.80940246582031,129.97,112.92,214.43,23.0,69.62999725341797,24.450000762939453,66.66000366210938,22.979999542236328,66.41999816894531,23.058571406773158,24.292333348592123,0.9492114892287463,1.2587404377348594,28.93000030517578,25.479999542236328
2021-06-09,24.989999771118164,72.22000122070312,72.97530364990234,129.97,112.92,214.43,23.0,69.62999725341797,25.6200008392334,65.11000061035156,23.520000457763672,67.2699966430664,23.342857088361466,24.34133332570394,0.9589798219440053,1.200711446943383,28.81999969482422,26.100000381469727
2021-06-10,27.049999237060547,72.5199966430664,72.98529815673828,129.97,112.92,214.43,23.850000381469727,70.25,26.86000061035156,66.44000244140625,24.010000228881836,68.55999755859375,23.7999997820173,24.442666625976564,0.9737067730431676,1.2383213380389844,29.350000381469727,26.579999923706055
2021-06-11,27.81999969482422,72.69000244140625,73.01229858398438,129.97,112.92,214.43,22.579999923706055,71.3499984741211,25.239999771118164,68.45999908447266,24.700000762939453,67.25,24.548571177891322,24.54666659037272,1.000077183056192,1.6034681222290583,27.31999969482422,27.09000015258789
2021-06-14,27.0,72.86000061035156,73.23159790039062,129.97,112.92,214.43,22.709999084472656,71.30999755859375,23.959999084472656,68.6500015258789,25.079999923706055,67.55999755859375,25.161428451538086,24.61066659291585,1.0223785744590528,1.791324079237906,26.8700008392334,25.6299991607666
2021-06-15,28.989999771118164,73.98999786376953,73.18080139160156,129.97,112.92,214.43,23.5,71.88999938964844,23.959999084472656,68.87000274658203,26.209999084472656,68.87999725341797,25.945714133126394,24.7033332824707,1.0502916077572897,2.1933945728919153,26.8700008392334,24.6299991607666
2021-06-16,30.13999938964844,74.38999938964844,73.3447036743164,129.97,112.92,214.43,22.65999984741211,71.48999786376953,23.920000076293945,69.45999908447266,26.670000076293945,68.95999908447266,27.014285496303014,24.818999926249187,1.0884513756421867,2.6341537935620214,25.260000228881836,25.489999771118164
2021-06-17,28.06999969482422,73.08000183105469,73.8240966796875,129.97,112.92,214.43,23.11000061035156,72.22000122070312,23.0,69.62999725341797,23.559999465942383,68.08999633789062,27.722856794084823,24.969333267211915,1.1102757688660814,2.681892015218516,26.920000076293945,26.649999618530273
2021-06-18,27.06999969482422,73.51000213623047,74.25389862060547,129.97,112.92,214.43,24.989999771118164,72.22000122070312,23.0,69.62999725341797,25.899999618530273,68.27999877929688,28.019999640328543,25.008333269755045,1.1204260649371276,2.622746085674044,26.34000015258789,25.799999237060547
2021-06-21,26.559999465942383,74.9000015258789,74.1438980102539,129.97,112.92,214.43,27.049999237060547,72.5199966430664,23.850000381469727,70.25,27.59000015258789,68.31999969482422,27.94999967302595,24.97399991353353,1.1191634731385174,2.5767830554940354,26.790000915527344,26.549999237060547
2021-06-22,27.049999237060547,74.80999755859375,74.13520050048828,129.97,112.92,214.43,27.81999969482422,72.69000244140625,22.579999923706055,71.3499984741211,25.989999771118164,68.55000305175781,27.83999960763114,25.009333229064943,1.113183954997927,2.4085414566934364,25.34000015258789,26.6299991607666
2021-06-23,27.8799991607666,75.19000244140625,74.33219909667969,129.97,112.92,214.43,27.0,72.86000061035156,22.709999084472656,71.30999755859375,24.200000762939453,69.31999969482422,27.96571377345494,25.131999842325847,1.1127527781863564,2.222370667038173,24.489999771118164,27.190000534057617
2021-06-24,28.84000015258789,75.55999755859375,74.24690246582031,129.97,112.92,214.43,28.989999771118164,73.98999786376953,23.5,71.88999938964844,23.959999084472656,67.05000305175781,27.944285256522043,25.294666544596353,1.1047496577888332,2.1116151398991807,23.149999618530273,26.729999542236328
2021-06-25,29.959999084472656,76.18000030517578,74.19029998779297,129.97,112.92,214.43,30.13999938964844,74.38999938964844,22.65999984741211,71.48999786376953,22.950000762939453,68.70999908447266,27.918570927211217,25.528333155314126,1.0936303526380453,1.8582148244429748,24.450000762939453,26.600000381469727
2021-06-28,28.93000030517578,74.68000030517578,74.21299743652344,129.97,112.92,214.43,28.06999969482422,73.08000183105469,23.11000061035156,72.22000122070312,21.93000030517578,69.45999908447266,28.04142815726144,25.76166648864746,1.0884939172968269,1.404187015715594,24.510000228881836,26.420000076293945
2021-06-29,28.81999969482422,74.76000213623047,74.285400390625,129.97,112.92,214.43,27.06999969482422,73.51000213623047,24.989999771118164,72.22000122070312,24.079999923706055,68.70999908447266,28.29142815726144,25.919666481018066,1.0915039073878987,1.146900286949859,25.329999923706055,27.010000228881836
2021-06-30,29.350000381469727,75.12999725341797,74.28759765625,129.97,112.92,214.43,26.559999465942383,74.9000015258789,27.049999237060547,72.5199966430664,24.450000762939453,66.66000366210938,28.689999716622488,26.082999801635744,1.0999497348969003,1.1410454469922031,25.479999542236328,27.770000457763672
2021-07-01,27.31999969482422,75.83999633789062,74.37100219726562,151.97,122.33,214.14,27.049999237060547,74.80999755859375,27.81999969482422,72.69000244140625,25.6200008392334,65.11000061035156,28.72857121058873,26.139666430155437,1.0990408120525423,1.1654627378944036,26.100000381469727,28.25
2021-07-02,26.8700008392334,76.16999816894531,74.54499816894531,151.97,122.33,214.14,27.8799991607666,75.19000244140625,27.0,72.86000061035156,26.86000061035156,66.44000244140625,28.584285736083984,26.139999771118163,1.0935070792386037,1.176943525856795,26.579999923706055,27.969999313354492
2021-07-05,26.8700008392334,76.16999816894531,74.48179626464844,151.97,122.33,214.14,28.84000015258789,75.55999755859375,28.989999771118164,73.98999786376953,25.239999771118164,68.45999908447266,28.30285726274763,26.19433314005534,1.0804950180051676,1.213682175513443,27.09000015258789,28.780000686645508
2021-07-06,25.260000228881836,74.52999877929688,74.31780242919922,151.97,122.33,214.14,29.959999084472656,76.18000030517578,30.13999938964844,74.38999938964844,23.959999084472656,68.6500015258789,27.63142885480608,26.237666511535643,1.0531202655333318,1.2884799081852645,25.6299991607666,29.209999084472656
2021-07-07,26.920000076293945,73.43000030517578,74.76290130615234,151.97,122.33,214.14,28.93000030517578,74.68000030517578,28.06999969482422,73.08000183105469,23.959999084472656,68.87000274658203,27.34428596496582,26.33633321126302,1.038271932652812,1.3047806103600224,24.6299991607666,29.600000381469727
2021-07-08,26.34000015258789,74.12000274658203,74.8218994140625,151.97,122.33,214.14,28.81999969482422,74.76000213623047,27.06999969482422,73.51000213623047,23.920000076293945,69.45999908447266,26.990000316074916,26.41699988047282,1.0216902078696517,1.345536439018852,25.489999771118164,29.270000457763672
2021-07-09,26.790000915527344,75.55000305175781,74.72139739990234,151.97,122.33,214.14,29.350000381469727,75.12999725341797,26.559999465942383,74.9000015258789,23.0,69.62999725341797,26.624286106654576,26.54333324432373,1.003049459956336,1.3326687548934841,26.649999618530273,29.979999542236328
2021-07-12,25.34000015258789,75.16000366210938,74.4905014038086,151.97,122.33,214.14,27.31999969482422,75.83999633789062,27.049999237060547,74.80999755859375,23.0,69.62999725341797,26.341429029192245,26.621333249409993,0.989485345739496,1.4644437430610429,25.799999237060547,30.329999923706055
2021-07-13,24.489999771118164,76.48999786376953,74.54170227050781,151.97,122.33,214.14,26.8700008392334,76.16999816894531,27.8799991607666,75.19000244140625,23.850000381469727,70.25,26.001428876604354,26.642666562398276,0.9759315591174899,1.6689904823291044,26.549999237060547,30.3700008392334
2021-07-14,23.149999618530273,74.76000213623047,74.65910339355469,151.97,122.33,214.14,26.8700008392334,76.16999816894531,28.84000015258789,75.55999755859375,22.579999923706055,71.3499984741211,25.47000013078962,26.66166655222575,0.9553037702223326,1.934880632784546,26.6299991607666,29.399999618530273
2021-07-15,24.450000762939453,73.47000122070312,74.46910095214844,151.97,122.33,214.14,25.260000228881836,74.52999877929688,29.959999084472656,76.18000030517578,22.709999084472656,71.30999755859375,25.35428592136928,26.71966660817464,0.9488994306769554,1.8184881446486085,27.190000534057617,30.739999771118164
2021-07-16,24.510000228881836,73.58999633789062,74.53700256347656,151.97,122.33,214.14,26.920000076293945,73.43000030517578,28.93000030517578,74.68000030517578,23.5,71.88999938964844,25.010000228881836,26.753333282470702,0.9348364413680164,1.745021235123781,26.729999542236328,30.0
2021-07-19,25.329999923706055,68.62000274658203,74.63179779052734,151.97,122.33,214.14,26.34000015258789,74.12000274658203,28.81999969482422,74.76000213623047,22.65999984741211,71.48999786376953,24.865714481898717,26.842333285013833,0.9263615407147157,1.5799036478300927,26.600000381469727,29.940000534057617
2021-07-20,25.479999542236328,69.3499984741211,74.99340057373047,151.97,122.33,214.14,26.790000915527344,75.55000305175781,29.350000381469727,75.12999725341797,23.11000061035156,72.22000122070312,24.678571428571427,26.921333249409994,0.9166916821326246,1.2362778193320187,26.420000076293945,28.329999923706055
2021-07-21,26.100000381469727,72.2300033569336,74.5270004272461,151.97,122.33,214.14,25.34000015258789,75.16000366210938,27.31999969482422,75.83999633789062,24.989999771118164,72.22000122070312,24.78714288984026,26.958333269755045,0.9194609120379187,1.1495735126566278,27.010000228881836,27.729999542236328
2021-07-22,26.579999923706055,73.79000091552734,74.44020080566406,151.97,122.33,214.14,24.489999771118164,76.48999786376953,26.8700008392334,76.16999816894531,27.049999237060547,72.5199966430664,25.08571434020996,26.942666625976564,0.9310772900723521,1.1266194061531467,27.770000457763672,28.260000228881836
2021-07-23,27.09000015258789,74.0999984741211,74.4520034790039,151.97,122.33,214.14,23.149999618530273,74.76000213623047,26.8700008392334,76.16999816894531,27.81999969482422,72.69000244140625,25.64857155936105,26.918333307902017,0.9528287556921001,1.1478775175467593,28.25,27.36000061035156
2021-07-26,25.6299991607666,74.5,74.44889831542969,151.97,122.33,214.14,24.450000762939453,73.47000122070312,25.260000228881836,74.52999877929688,27.0,72.86000061035156,25.817142759050643,26.872666613260904,0.9607209259650233,1.14471179835281,27.969999313354492,27.36000061035156
2021-07-27,24.6299991607666,74.4800033569336,74.28949737548828,151.97,122.33,214.14,24.510000228881836,73.58999633789062,26.920000076293945,73.43000030517578,28.989999771118164,73.98999786376953,25.834285463605607,26.72733325958252,0.9665863611170286,1.1022089891357032,28.780000686645508,26.899999618530273
2021-07-28,25.489999771118164,74.73999786376953,74.5022964477539,151.97,122.33,214.14,25.329999923706055,68.62000274658203,26.34000015258789,74.12000274658203,30.13999938964844,74.38999938964844,25.85714258466448,26.572333272298177,0.9730847716249662,1.0707213909960869,29.209999084472656,27.670000076293945
2021-07-29,26.649999618530273,76.05000305175781,74.38999938964844,151.97,122.33,214.14,25.479999542236328,69.3499984741211,26.790000915527344,75.55000305175781,28.06999969482422,73.08000183105469,26.024285452706472,26.52499993642171,0.9811225524546293,1.0569175874741878,29.600000381469727,29.350000381469727
2021-07-30,25.799999237060547,76.33000183105469,74.25199890136719,151.97,122.33,214.14,26.100000381469727,72.2300033569336,25.34000015258789,75.16000366210938,27.06999969482422,73.51000213623047,25.981428146362305,26.48266658782959,0.9810725913672321,1.0636635947134188,29.270000457763672,30.1200008392334
2021-08-02,26.549999237060547,72.88999938964844,74.37909698486328,169.58,137.92,162.16,26.579999923706055,73.79000091552734,24.489999771118164,76.48999786376953,26.559999465942383,74.9000015258789,25.977142333984375,26.48233324686686,0.9809231038140004,1.0728814725597804,29.979999542236328,30.829999923706055
2021-08-03,26.6299991607666,72.41000366210938,74.33200073242188,169.58,137.92,162.16,27.09000015258789,74.0999984741211,23.149999618530273,74.76000213623047,27.049999237060547,74.80999755859375,25.911427906581334,26.46833324432373,0.9789591916425736,0.8608849325975063,30.329999923706055,29.8799991607666
2021-08-04,27.190000534057617,70.37999725341797,74.21440124511719,169.58,137.92,162.16,25.6299991607666,74.5,24.450000762939453,73.47000122070312,27.8799991607666,75.19000244140625,26.13428524562291,26.4453332901001,0.9882377006392035,0.8466015872873459,30.3700008392334,30.200000762939453
2021-08-05,26.729999542236328,71.29000091552734,74.18399810791016,169.58,137.92,162.16,24.6299991607666,74.4800033569336,24.510000228881836,73.58999633789062,28.84000015258789,75.55999755859375,26.43428530011858,26.374999936421712,1.002247406307704,0.7537672909157952,29.399999618530273,30.649999618530273
2021-08-06,26.600000381469727,70.69999694824219,74.08200073242188,169.58,137.92,162.16,25.489999771118164,74.73999786376953,25.329999923706055,68.62000274658203,29.959999084472656,76.18000030517578,26.592856815883092,26.262999979654946,1.0125593691082502,0.72541525571213,30.739999771118164,30.729999542236328
2021-08-09,26.420000076293945,69.04000091552734,74.49140167236328,169.58,137.92,162.16,26.649999618530273,76.05000305175781,25.479999542236328,69.3499984741211,28.93000030517578,74.68000030517578,26.55999973842076,26.179333305358888,1.0145403354324765,0.6939763000608632,30.0,28.899999618530273
2021-08-10,27.010000228881836,70.62999725341797,74.46620178222656,169.58,137.92,162.16,25.799999237060547,76.33000183105469,26.100000381469727,72.2300033569336,28.81999969482422,74.76000213623047,26.73285702296666,26.118999989827476,1.0235019257383131,0.716835531867069,29.940000534057617,30.899999618530273
2021-08-11,27.770000457763672,71.44000244140625,74.43550109863281,169.58,137.92,162.16,26.549999237060547,72.88999938964844,26.579999923706055,73.79000091552734,29.350000381469727,75.12999725341797,26.907142911638534,26.06633332570394,1.0322561387083966,0.809816846431562,28.329999923706055,30.739999771118164
2021-08-12,28.25,71.30999755859375,74.10299682617188,169.58,137.92,162.16,26.6299991607666,72.41000366210938,27.09000015258789,74.0999984741211,27.31999969482422,75.83999633789062,27.13857160295759,26.097333335876463,1.0398978644561776,0.9314157081840262,27.729999542236328,31.86000061035156
2021-08-13,27.969999313354492,70.58999633789062,74.26010131835938,169.58,137.92,162.16,27.190000534057617,70.37999725341797,25.6299991607666,74.5,26.8700008392334,76.16999816894531,27.25,26.1339999516805,1.0427025952153102,0.9677031173469273,28.260000228881836,32.47999954223633
2021-08-16,28.780000686645508,69.51000213623047,74.216796875,169.58,137.92,162.16,26.729999542236328,71.29000091552734,24.6299991607666,74.4800033569336,26.8700008392334,76.16999816894531,27.542857306344168,26.197666613260903,1.051347327968861,0.9219701882300305,27.36000061035156,34.349998474121094
2021-08-17,29.209999084472656,69.02999877929688,74.13500213623047,169.58,137.92,162.16,26.600000381469727,70.69999694824219,25.489999771118164,74.73999786376953,25.260000228881836,74.52999877929688,27.915714263916016,26.3293332417806,1.0602510669395693,0.9903746507979095,27.36000061035156,36.56999969482422
2021-08-18,29.600000381469727,68.2300033569336,74.364501953125,169.58,137.92,162.16,26.420000076293945,69.04000091552734,26.649999618530273,76.05000305175781,26.920000076293945,73.43000030517578,28.37000002179827,26.41866658528646,1.0738615134718208,1.1524740783027052,26.899999618530273,35.68000030517578
2021-08-19,29.270000457763672,66.44999694824219,74.2697982788086,169.58,137.92,162.16,27.010000228881836,70.62999725341797,25.799999237060547,76.33000183105469,26.34000015258789,74.12000274658203,28.69285719735282,26.516333262125652,1.082081979167013,1.1399152994249357,27.670000076293945,36.0099983215332
2021-08-20,29.979999542236328,65.18000030517578,74.4292984008789,169.58,137.92,162.16,27.770000457763672,71.44000244140625,26.549999237060547,72.88999938964844,26.790000915527344,75.55000305175781,29.00857135227748,26.622666549682616,1.0896188930569157,1.2353646547594634,29.350000381469727,36.900001525878906
2021-08-23,30.329999923706055,68.75,74.30149841308594,169.58,137.92,162.16,28.25,71.30999755859375,26.6299991607666,72.41000366210938,25.34000015258789,75.16000366210938,29.305714198521205,26.788999875386555,1.0939454027917235,1.322167011434604,30.1200008392334,37.77000045776367
2021-08-24,30.3700008392334,71.05000305175781,74.10590362548828,169.58,137.92,162.16,27.969999313354492,70.58999633789062,27.190000534057617,70.37999725341797,24.489999771118164,76.48999786376953,29.64857155936105,26.984999910990396,1.0987052314287216,1.4019572668275548,30.829999923706055,41.25
2021-08-25,29.399999618530273,72.25,74.1447982788086,169.58,137.92,162.16,28.780000686645508,69.51000213623047,26.729999542236328,71.29000091552734,23.149999618530273,74.76000213623047,29.73714283534459,27.193333244323732,1.093544937382859,1.3298351193141047,29.8799991607666,41.5099983215332
2021-08-26,30.739999771118164,71.06999969482422,74.0999984741211,169.58,137.92,162.16,29.209999084472656,69.02999877929688,26.600000381469727,70.69999694824219,24.450000762939453,73.47000122070312,29.95571436200823,27.402999877929688,1.0931541642852336,1.301305321174395,30.200000762939453,38.84000015258789
2021-08-27,30.0,72.69999694824219,74.15599822998047,169.58,137.92,162.16,29.600000381469727,68.2300033569336,26.420000076293945,69.04000091552734,24.510000228881836,73.58999633789062,30.01285716465541,27.58599987030029,1.087973842747295,1.1060174850870834,30.649999618530273,39.22999954223633
2021-08-30,29.940000534057617,73.41000366210938,73.49659729003906,169.58,137.92,162.16,29.270000457763672,66.44999694824219,27.010000228881836,70.62999725341797,25.329999923706055,68.62000274658203,30.108571461268834,27.739666557312013,1.0853973513015744,0.9236671801688389,30.729999542236328,40.959999084472656
2021-08-31,28.329999923706055,72.98999786376953,73.41120147705078,169.58,137.92,162.16,29.979999542236328,65.18000030517578,27.770000457763672,71.44000244140625,25.479999542236328,69.3499984741211,29.872857230050222,27.834666570027668,1.0732245138503698,0.857361580064163,28.899999618530273,37.630001068115234
2021-09-01,27.729999542236328,71.58999633789062,72.99669647216797,185.69,146.05275137829,124.52,30.329999923706055,68.75,28.25,71.30999755859375,26.100000381469727,72.2300033569336,29.501428604125977,27.888999875386556,1.0578155601774324,0.9217594186332458,30.899999618530273,36.88999938964844
2021-09-02,28.260000228881836,73.02999877929688,72.98509979248047,185.69,146.05275137829,124.52,30.3700008392334,71.05000305175781,27.969999313354492,70.58999633789062,26.579999923706055,73.79000091552734,29.199999945504324,27.94499988555908,1.0449092723561273,0.8897685286789615,30.739999771118164,37.279998779296875
2021-09-03,27.36000061035156,72.61000061035156,73.0542984008789,185.69,146.05275137829,124.52,29.399999618530273,72.25,28.780000686645508,69.51000213623047,27.09000015258789,74.0999984741211,28.90857151576451,27.95399990081787,1.0341475737589516,1.0375298240411455,31.86000061035156,35.29999923706055
2021-09-06,27.36000061035156,72.61000061035156,72.99449920654297,185.69,146.05275137829,124.52,30.739999771118164,71.06999969482422,29.209999084472656,69.02999877929688,25.6299991607666,74.5,28.42571449279785,28.011666615804035,1.0147809030738353,1.1632081244248769,32.47999954223633,37.290000915527344
2021-09-07,26.899999618530273,71.69000244140625,73.11000061035156,185.69,146.05275137829,124.52,30.0,72.69999694824219,29.600000381469727,68.2300033569336,24.6299991607666,74.4800033569336,27.982857295445033,28.087333297729494,0.9962799613627784,1.3052802703123365,34.349998474121094,38.47999954223633
2021-09-08,27.670000076293945,72.5999984741211,73.3904037475586,185.69,146.05275137829,124.52,29.940000534057617,73.41000366210938,29.270000457763672,66.44999694824219,25.489999771118164,74.73999786376953,27.65857151576451,28.159999974568684,0.9821932428554883,1.3489346522122752,36.56999969482422,37.310001373291016
2021-09-09,29.350000381469727,71.44999694824219,73.78900146484375,185.69,146.05275137829,124.52,28.329999923706055,72.98999786376953,29.979999542236328,65.18000030517578,26.649999618530273,76.05000305175781,27.804285866873606,28.25,0.9842221601646727,1.3197369364307943,35.68000030517578,34.56999969482422
2021-09-10,30.1200008392334,72.91999816894531,73.53800201416016,185.69,146.05275137829,124.52,27.729999542236328,71.58999633789062,30.329999923706055,68.75,25.799999237060547,76.33000183105469,28.145714623587473,28.39400005340576,0.9912553588115496,1.3025633017000955,36.0099983215332,32.20000076293945
2021-09-13,30.829999923706055,73.51000213623047,73.52429962158203,185.69,146.05275137829,124.52,28.260000228881836,73.02999877929688,30.3700008392334,71.05000305175781,26.549999237060547,72.88999938964844,28.51285743713379,28.536666742960612,0.9991653090497757,1.3495276097178681,36.900001525878906,30.61000061035156
2021-09-14,29.8799991607666,73.5999984741211,73.54080200195312,185.69,146.05275137829,124.52,27.36000061035156,72.61000061035156,29.399999618530273,72.25,26.6299991607666,72.41000366210938,28.872857230050222,28.645000076293947,1.007954165599852,1.370336624663635,37.77000045776367,27.760000228881836
2021-09-15,30.200000762939453,75.45999908447266,73.65080261230469,185.69,146.05275137829,124.52,27.36000061035156,72.61000061035156,30.739999771118164,71.06999969482422,27.190000534057617,70.37999725341797,29.27857153756278,28.745333417256674,1.018550069573564,1.3209914084563015,41.25,29.479999542236328
2021-09-16,30.649999618530273,75.66999816894531,73.43800354003906,185.69,146.05275137829,124.52,26.899999618530273,71.69000244140625,30.0,72.69999694824219,26.729999542236328,71.29000091552734,29.814285823277064,28.876000086466473,1.0324932611534978,1.3747663322683938,41.5099983215332,30.3700008392334
2021-09-17,30.729999542236328,75.33999633789062,73.56490325927734,185.69,146.05275137829,124.52,27.670000076293945,72.5999984741211,29.940000534057617,73.41000366210938,26.600000381469727,70.69999694824219,30.251428604125977,29.013666725158693,1.0426609798782926,1.43566515744792,38.84000015258789,30.040000915527344
2021-09-20,28.899999618530273,73.91999816894531,73.69609832763672,185.69,146.05275137829,124.52,29.350000381469727,71.44999694824219,28.329999923706055,72.98999786376953,26.420000076293945,69.04000091552734,30.187142780848912,29.09633337656657,1.037489226400897,1.4246171020334166,39.22999954223633,26.399999618530273
2021-09-21,30.899999618530273,74.36000061035156,73.65899658203125,185.69,146.05275137829,124.52,30.1200008392334,72.91999816894531,27.729999542236328,71.58999633789062,27.010000228881836,70.62999725341797,30.298571177891322,29.226000022888183,1.0366988567431261,1.4594632971738661,40.959999084472656,22.8799991607666
2021-09-22,30.739999771118164,76.19000244140625,73.7927017211914,185.69,146.05275137829,124.52,30.829999923706055,73.51000213623047,28.260000228881836,73.02999877929688,27.770000457763672,71.44000244140625,30.28571401323591,29.325,1.032760568989948,1.48399894618925,37.630001068115234,20.81999969482422
2021-09-23,31.86000061035156,77.25,73.8749008178711,185.69,146.05275137829,124.52,29.8799991607666,73.5999984741211,27.36000061035156,72.61000061035156,28.25,71.30999755859375,30.56857136317662,29.445333353678386,1.0381462017951955,1.4956164855709801,36.88999938964844,23.06999969482422
2021-09-24,32.47999954223633,78.08999633789062,73.83999633789062,185.69,146.05275137829,124.52,30.200000762939453,75.45999908447266,27.36000061035156,72.61000061035156,27.969999313354492,70.58999633789062,30.894285474504745,29.595666694641114,1.0438783270023615,1.4999364686918368,37.279998779296875,23.049999237060547
2021-09-27,34.349998474121094,79.52999877929688,73.81289672851562,185.69,146.05275137829,124.52,30.649999618530273,75.66999816894531,26.899999618530273,71.69000244140625,28.780000686645508,69.51000213623047,31.422856739589147,29.781333287556965,1.0551188519665609,1.600667146521088,35.29999923706055,25.15999984741211
2021-09-28,36.56999969482422,79.08999633789062,73.82530212402344,185.69,146.05275137829,124.52,30.729999542236328,75.33999633789062,27.670000076293945,72.5999984741211,29.209999084472656,69.02999877929688,32.25714247567313,30.02666664123535,1.0742828072879267,2.0451693635241766,37.290000915527344,24.219999313354492
2021-09-29,35.68000030517578,78.63999938964844,74.16329956054688,185.69,146.05275137829,124.52,28.899999618530273,73.91999816894531,29.350000381469727,71.44999694824219,29.600000381469727,68.2300033569336,33.22571400233677,30.229333305358885,1.099121263294089,2.278223252275557,38.47999954223633,22.700000762939453
2021-09-30,36.0099983215332,78.5199966430664,74.3219985961914,185.69,146.05275137829,124.52,30.899999618530273,74.36000061035156,30.1200008392334,72.91999816894531,29.270000457763672,66.44999694824219,33.95571381705148,30.45399990081787,1.114983344644528,2.496148913400643,37.310001373291016,21.940000534057617
2021-10-01,36.900001525878906,79.27999877929688,74.25440216064453,224.51,199.65,122.91,30.739999771118164,76.19000244140625,30.829999923706055,73.51000213623047,29.979999542236328,65.18000030517578,34.83571406773159,30.684666633605957,1.1352804686095144,2.7660816031674766,34.56999969482422,22.6299991607666
2021-10-04,37.77000045776367,81.26000213623047,74.152099609375,224.51,199.65,122.91,31.86000061035156,77.25,29.8799991607666,73.5999984741211,30.329999923706055,68.75,35.679999760219026,30.932666651407878,1.1534727551162334,2.9738546513748565,32.20000076293945,21.670000076293945
2021-10-05,41.25,82.55999755859375,74.57279968261719,224.51,199.65,122.91,32.47999954223633,78.08999633789062,30.200000762939453,75.45999908447266,30.3700008392334,71.05000305175781,36.93285696847098,31.295333290100096,1.1801390585849314,3.548821439767878,30.61000061035156,19.649999618530273
2021-10-06,41.5099983215332,81.08000183105469,74.56320190429688,224.51,199.65,122.91,34.349998474121094,79.52999877929688,30.649999618530273,75.66999816894531,29.399999618530273,72.25,37.955714089529856,31.69899991353353,1.197378536208637,3.9453408441588267,27.760000228881836,20.450000762939453
2021-10-07,38.84000015258789,81.94999694824219,74.76000213623047,224.51,199.65,122.91,36.56999969482422,79.08999633789062,30.729999542236328,75.33999633789062,30.739999771118164,71.06999969482422,38.27999986921038,31.968999926249186,1.1974096150465814,3.9145563385843025,29.479999542236328,22.229999542236328
2021-10-08,39.22999954223633,82.38999938964844,74.83000183105469,224.51,199.65,122.91,35.68000030517578,78.63999938964844,28.899999618530273,73.91999816894531,30.0,72.69999694824219,38.78714261736189,32.27666657765706,1.2017080669393196,3.5811570345775197,30.3700008392334,24.790000915527344
2021-10-11,40.959999084472656,83.6500015258789,75.30580139160156,224.51,199.65,122.91,36.0099983215332,78.5199966430664,30.899999618530273,74.36000061035156,29.940000534057617,73.41000366210938,39.494285583496094,32.643999862670896,1.2098478633490006,3.485732853280599,30.040000915527344,24.88999938964844
2021-10-12,37.630001068115234,83.41999816894531,75.40260314941406,224.51,199.65,122.91,36.900001525878906,79.27999877929688,30.739999771118164,76.19000244140625,28.329999923706055,72.98999786376953,39.598571232386995,32.95399990081787,1.2016313447609972,3.032671754019847,26.399999618530273,23.38999938964844
2021-10-13,36.88999938964844,83.18000030517578,75.48390197753906,224.51,199.65,122.91,37.77000045776367,81.26000213623047,31.86000061035156,77.25,27.729999542236328,71.58999633789062,39.47285679408482,33.25933322906494,1.186820092093399,2.6189122696957856,22.8799991607666,25.200000762939453
2021-10-14,37.279998779296875,84.0,75.3062973022461,224.51,199.65,122.91,41.25,82.55999755859375,32.47999954223633,78.08999633789062,28.260000228881836,73.02999877929688,38.905713762555806,33.55999984741211,1.1592879125914772,2.1773606115819306,20.81999969482422,25.200000762939453
2021-10-15,35.29999923706055,84.86000061035156,74.99500274658203,224.51,199.65,122.91,41.5099983215332,81.08000183105469,34.349998474121094,79.52999877929688,27.36000061035156,72.61000061035156,38.018571036202566,33.82466646830241,1.123989199773435,2.06970968881506,23.06999969482422,24.729999542236328
2021-10-18,37.290000915527344,84.33000183105469,75.00589752197266,224.51,199.65,122.91,38.84000015258789,81.94999694824219,36.56999969482422,79.08999633789062,27.36000061035156,72.61000061035156,37.79714257376535,34.155666478474934,1.1066137892945929,2.0405270891214404,23.049999237060547,26.959999084472656
2021-10-19,38.47999954223633,85.08000183105469,75.2354965209961,224.51,199.65,122.91,39.22999954223633,82.38999938964844,35.68000030517578,78.63999938964844,26.899999618530273,71.69000244140625,37.68999971662249,34.541666475931805,1.091145640915385,1.9255521269927236,25.15999984741211,26.649999618530273
2021-10-20,37.310001373291016,85.81999969482422,75.12010192871094,224.51,199.65,122.91,40.959999084472656,83.6500015258789,36.0099983215332,78.5199966430664,27.670000076293945,72.5999984741211,37.16857147216797,34.86299985249837,1.066132030178237,1.8392254431762145,24.219999313354492,27.790000915527344
2021-10-21,34.56999969482422,84.61000061035156,74.80919647216797,224.51,199.65,122.91,37.630001068115234,83.41999816894531,36.900001525878906,79.27999877929688,29.350000381469727,71.44999694824219,36.73142841884068,35.03699982961019,1.048360821813011,2.069695953584661,22.700000762939453,28.719999313354492
2021-10-22,32.20000076293945,85.52999877929688,74.86540222167969,224.51,199.65,122.91,36.88999938964844,83.18000030517578,37.77000045776367,81.26000213623047,30.1200008392334,72.91999816894531,36.061428615025115,35.10633316040039,1.0272054953220549,2.6149932004312895,21.940000534057617,29.59000015258789
2021-10-25,30.61000061035156,85.98999786376953,74.99369812011719,224.51,199.65,122.91,37.279998779296875,84.0,41.25,82.55999755859375,30.829999923706055,73.51000213623047,35.108571733747205,35.09899984995524,1.000272426026627,3.037008290582173,22.6299991607666,29.600000381469727
2021-10-26,27.760000228881836,86.4000015258789,75.08989715576172,224.51,199.65,122.91,35.29999923706055,84.86000061035156,41.5099983215332,81.08000183105469,29.8799991607666,73.5999984741211,34.03142901829311,35.02833321889241,0.9715397843863303,3.6335395707603557,21.670000076293945,30.440000534057617
2021-10-27,29.479999542236328,84.58000183105469,74.88890075683594,224.51,199.65,122.91,37.290000915527344,84.33000183105469,38.84000015258789,81.94999694824219,30.200000762939453,75.45999908447266,32.91571453639439,35.00433317820231,0.9403323001612971,3.9251546154283354,19.649999618530273,28.459999084472656
2021-10-28,30.3700008392334,84.31999969482422,75.05000305175781,224.51,199.65,122.91,38.47999954223633,85.08000183105469,39.22999954223633,82.38999938964844,30.649999618530273,75.66999816894531,31.75714329310826,34.99499988555908,0.9074763343962663,3.966607738299374,20.450000762939453,27.170000076293945
2021-10-29,30.040000915527344,84.37999725341797,74.79720306396484,224.51,199.65,122.91,37.310001373291016,85.81999969482422,40.959999084472656,83.6500015258789,30.729999542236328,75.33999633789062,30.71857179914202,34.971999931335446,0.8783759314793547,3.7113848515287886,22.229999542236328,28.13999938964844
2021-11-01,26.399999618530273,84.70999908447266,74.92829895019531,157.48,128.0,96.24,34.56999969482422,84.61000061035156,37.630001068115234,83.41999816894531,28.899999618530273,73.91999816894531,29.551428931100027,34.88866659800212,0.8470206328431579,4.051348853405033,24.790000915527344,27.829999923706055
2021-11-02,22.8799991607666,84.72000122070312,74.82990264892578,157.48,128.0,96.24,32.20000076293945,85.52999877929688,36.88999938964844,83.18000030517578,30.899999618530273,74.36000061035156,28.22000013078962,34.62133324940999,0.8151041375689702,4.72798301105649,24.88999938964844,23.61000061035156
2021-11-03,20.81999969482422,81.98999786376953,74.71199798583984,157.48,128.0,96.24,30.61000061035156,85.98999786376953,37.279998779296875,84.0,30.739999771118164,76.19000244140625,26.821428571428573,34.290666580200195,0.7821784591708976,5.356475485943332,23.38999938964844,24.790000915527344
2021-11-04,23.06999969482422,80.54000091552734,74.43550109863281,157.48,128.0,96.24,27.760000228881836,86.4000015258789,35.29999923706055,84.86000061035156,31.86000061035156,77.25,26.151428495134628,33.99766654968262,0.7692122271037595,5.58740907758558,25.200000762939453,24.280000686645508
2021-11-05,23.049999237060547,82.73999786376953,74.47810363769531,157.48,128.0,96.24,29.479999542236328,84.58000183105469,37.290000915527344,84.33000183105469,32.47999954223633,78.08999633789062,25.23285702296666,33.683333206176755,0.7491197316286445,5.471091815225244,25.200000762939453,23.950000762939453
2021-11-08,25.15999984741211,83.43000030517578,74.19110107421875,157.48,128.0,96.24,30.3700008392334,84.31999969482422,38.47999954223633,85.08000183105469,34.349998474121094,79.52999877929688,24.488571166992188,33.376999918619795,0.7336957752267353,4.830258381716252,24.729999542236328,25.719999313354492
2021-11-09,24.219999313354492,84.77999877929688,73.91850280761719,157.48,128.0,96.24,30.040000915527344,84.37999725341797,37.310001373291016,85.81999969482422,36.56999969482422,79.08999633789062,23.65714236668178,32.96533323923747,0.7176367676500794,4.131470933819796,26.959999084472656,25.040000915527344
2021-11-10,22.700000762939453,82.63999938964844,74.17479705810547,157.48,128.0,96.24,26.399999618530273,84.70999908447266,34.56999969482422,84.61000061035156,35.68000030517578,78.63999938964844,23.128571101597377,32.53266658782959,0.7109335452051224,3.69488668851533,26.649999618530273,26.270000457763672
2021-11-11,21.940000534057617,82.87000274658203,74.40489959716797,157.48,128.0,96.24,22.8799991607666,84.72000122070312,32.20000076293945,85.52999877929688,36.0099983215332,78.5199966430664,22.994285583496094,32.063666661580406,0.7171443819806381,3.4527548800866663,27.790000915527344,26.770000457763672
2021-11-12,22.6299991607666,82.16999816894531,74.32209777832031,157.48,128.0,96.24,20.81999969482422,81.98999786376953,30.61000061035156,85.98999786376953,36.900001525878906,79.27999877929688,23.252856935773575,31.58799991607666,0.7361292147733268,3.2137434276391,28.719999313354492,26.770000457763672
2021-11-15,21.670000076293945,82.05000305175781,74.33999633789062,157.48,128.0,96.24,23.06999969482422,80.54000091552734,27.760000228881836,86.4000015258789,37.77000045776367,81.26000213623047,23.05285699026925,31.051333236694337,0.7424109422431354,3.228960960396194,29.59000015258789,26.700000762939453
2021-11-16,19.649999618530273,82.43000030517578,74.43509674072266,157.48,128.0,96.24,23.049999237060547,82.73999786376953,29.479999542236328,84.58000183105469,41.25,82.55999755859375,22.567142759050643,30.331333223978678,0.7440205530103268,3.1545891586197556,29.600000381469727,26.489999771118164
2021-11-17,20.450000762939453,80.27999877929688,74.45860290527344,157.48,128.0,96.24,25.15999984741211,83.43000030517578,30.3700008392334,84.31999969482422,41.5099983215332,81.08000183105469,21.89428574698312,29.629333305358887,0.7389392846591786,2.665754026825294,30.440000534057617,28.25
2021-11-18,22.229999542236328,81.23999786376953,74.25980377197266,157.48,128.0,96.24,24.219999313354492,84.77999877929688,30.040000915527344,84.37999725341797,38.84000015258789,81.94999694824219,21.61000006539481,29.075666618347167,0.743232921078734,1.7984119903253049,28.459999084472656,29.600000381469727
2021-11-19,24.790000915527344,78.88999938964844,74.17440032958984,157.48,128.0,96.24,22.700000762939453,82.63999938964844,26.399999618530273,84.70999908447266,39.22999954223633,82.38999938964844,21.90857151576451,28.594333330790203,0.7661855095715209,1.5768705709128976,27.170000076293945,29.489999771118164
2021-11-22,24.88999938964844,79.69999694824219,74.30259704589844,157.48,128.0,96.24,21.940000534057617,82.87000274658203,22.8799991607666,84.72000122070312,40.959999084472656,83.6500015258789,22.329999923706055,28.05866667429606,0.7958322547749402,1.6990774143664567,28.13999938964844,29.219999313354492
2021-11-23,23.38999938964844,82.30999755859375,74.42980194091797,157.48,128.0,96.24,22.6299991607666,82.16999816894531,20.81999969482422,81.98999786376953,37.630001068115234,83.41999816894531,22.438571384974892,27.5839999516805,0.8134629962895539,1.6218161366525412,27.829999923706055,26.84000015258789
2021-11-24,25.200000762939453,82.25,74.4469985961914,157.48,128.0,96.24,21.670000076293945,82.05000305175781,23.06999969482422,80.54000091552734,36.88999938964844,83.18000030517578,22.942857197352822,27.1943333307902,0.8436628499639582,1.7400715137760492,23.61000061035156,26.219999313354492
2021-11-25,25.200000762939453,82.25,74.625,157.48,128.0,96.24,19.649999618530273,82.43000030517578,23.049999237060547,82.73999786376953,37.279998779296875,84.0,23.73571450369699,26.791666730244955,0.8859361339225884,1.8371921352978042,24.790000915527344,26.479999542236328
2021-11-26,24.729999542236328,72.72000122070312,74.50579833984375,157.48,128.0,96.24,20.450000762939453,80.27999877929688,25.15999984741211,83.43000030517578,35.29999923706055,84.86000061035156,24.347142900739403,26.439333407084145,0.920867909836817,1.8043301521856436,24.280000686645508,26.86000061035156
2021-11-29,26.959999084472656,73.44000244140625,74.98159790039062,157.48,128.0,96.24,22.229999542236328,81.23999786376953,24.219999313354492,84.77999877929688,37.290000915527344,84.33000183105469,25.022857121058877,26.09500001271566,0.958913489930284,2.062826996116528,23.950000762939453,24.079999923706055
2021-11-30,26.649999618530273,70.56999969482422,75.05490112304688,157.48,128.0,96.24,24.790000915527344,78.88999938964844,22.700000762939453,82.63999938964844,38.47999954223633,85.08000183105469,25.288571221487867,25.700666681925455,0.983965190273476,2.2349766248586906,25.719999313354492,24.700000762939453
2021-12-01,27.790000915527344,68.87000274658203,75.0509033203125,169.65,142.5,116.96,24.88999938964844,79.69999694824219,21.940000534057617,82.87000274658203,37.310001373291016,85.81999969482422,25.702857153756277,25.383333333333333,1.0125875388528256,2.4386207720204,25.040000915527344,23.5
2021-12-02,28.719999313354492,69.66999816894531,75.01789855957031,169.65,142.5,116.96,23.38999938964844,82.30999755859375,22.6299991607666,82.16999816894531,34.56999969482422,84.61000061035156,26.464285714285715,25.188333320617676,1.0506560664759412,2.701304072331581,26.270000457763672,22.36000061035156
2021-12-03,29.59000015258789,69.87999725341797,74.9834976196289,169.65,142.5,116.96,25.200000762939453,82.25,21.670000076293945,82.05000305175781,32.20000076293945,85.52999877929688,27.09142848423549,25.101333300272625,1.0792820192989931,2.896279902044033,26.770000457763672,23.190000534057617
2021-12-06,29.600000381469727,73.08000183105469,75.23400115966797,169.65,142.5,116.96,25.200000762939453,82.25,19.649999618530273,82.43000030517578,30.61000061035156,85.98999786376953,27.719999858311244,25.067666625976564,1.1058065042049485,2.6915027710485537,26.770000457763672,23.190000534057617
2021-12-07,30.440000534057617,75.44000244140625,75.39129638671875,169.65,142.5,116.96,24.729999542236328,72.72000122070312,20.450000762939453,80.27999877929688,27.760000228881836,86.4000015258789,28.535714285714285,25.15699996948242,1.134304685665368,2.5022202683977164,26.700000762939453,21.0
2021-12-08,28.459999084472656,75.81999969482422,75.40859985351562,169.65,142.5,116.96,26.959999084472656,73.44000244140625,22.229999542236328,81.23999786376953,29.479999542236328,84.58000183105469,28.75,25.122999954223634,1.1443692476492693,2.235388868503044,26.489999771118164,19.90999984741211
2021-12-09,27.170000076293945,74.41999816894531,75.38330078125,169.65,142.5,116.96,26.649999618530273,70.56999969482422,24.790000915527344,78.88999938964844,30.3700008392334,84.31999969482422,28.824285779680526,25.016333262125652,1.1522181910303428,2.1526607566829807,28.25,21.530000686645508
2021-12-10,28.13999938964844,75.1500015258789,75.59919738769531,169.65,142.5,116.96,27.790000915527344,68.87000274658203,24.88999938964844,79.69999694824219,30.040000915527344,84.37999725341797,28.874285561697825,24.952999877929688,1.1571464004924075,2.0748971212109133,29.600000381469727,20.11000061035156
2021-12-13,27.829999923706055,74.38999938964844,75.70999908447266,169.65,142.5,116.96,28.719999313354492,69.66999816894531,23.38999938964844,82.30999755859375,26.399999618530273,84.70999908447266,28.747142791748047,25.00066655476888,1.149854594085556,1.7465073213137166,29.489999771118164,21.079999923706055
2021-12-14,23.61000061035156,73.69999694824219,75.82689666748047,169.65,142.5,116.96,29.59000015258789,69.87999725341797,25.200000762939453,82.25,22.8799991607666,84.72000122070312,27.892857142857142,25.02499993642171,1.114599243465695,1.9543134386822973,29.219999313354492,19.940000534057617
2021-12-15,24.790000915527344,73.87999725341797,76.04720306396484,169.65,142.5,116.96,29.600000381469727,73.08000183105469,25.200000762939453,82.25,20.81999969482422,81.98999786376953,27.20571436200823,25.15733331044515,1.081422391318745,1.993973260736818,26.84000015258789,19.63999938964844
2021-12-16,24.280000686645508,75.0199966430664,76.2114028930664,169.65,142.5,116.96,30.440000534057617,75.44000244140625,24.729999542236328,72.72000122070312,23.06999969482422,80.54000091552734,26.325714383806503,25.197666676839194,1.0447675284286888,2.0444047855425156,26.219999313354492,20.5
2021-12-17,23.950000762939453,73.5199966430664,76.1675033569336,169.65,142.5,116.96,28.459999084472656,75.81999969482422,26.959999084472656,73.44000244140625,23.049999237060547,82.73999786376953,25.681428909301758,25.227666727701823,1.0179862849241952,2.2460448467487257,26.479999542236328,22.010000228881836
2021-12-20,25.719999313354492,71.5199966430664,76.00599670410156,169.65,142.5,116.96,27.170000076293945,74.41999816894531,26.649999618530273,70.56999969482422,25.15999984741211,83.43000030517578,25.47428594316755,25.246333376566568,1.009028735892603,2.277594527178039,26.86000061035156,21.940000534057617
2021-12-21,25.040000915527344,73.9800033569336,75.75869750976562,169.65,142.5,116.96,28.13999938964844,75.1500015258789,27.790000915527344,68.87000274658203,24.219999313354492,84.77999877929688,25.031429018293107,25.273666763305663,0.9904150176770374,2.335924580974491,24.079999923706055,21.5
2021-12-22,26.270000457763672,75.29000091552734,75.6864013671875,169.65,142.5,116.96,27.829999923706055,74.38999938964844,28.719999313354492,69.66999816894531,22.700000762939453,82.63999938964844,24.80857195172991,25.39266675313314,0.9769971158581713,2.28456055944714,24.700000762939453,22.290000915527344
2021-12-23,26.770000457763672,76.8499984741211,75.45850372314453,169.65,142.5,116.96,23.61000061035156,73.69999694824219,29.59000015258789,69.87999725341797,21.940000534057617,82.87000274658203,25.260000501360214,25.553666750590008,0.988507475769685,2.1371027585871243,23.5,21.829999923706055
2021-12-24,26.770000457763672,76.8499984741211,75.06739807128906,169.65,142.5,116.96,24.790000915527344,73.87999725341797,29.600000381469727,73.08000183105469,22.6299991607666,82.16999816894531,25.542857578822545,25.69166679382324,0.994207493103896,1.9552125078004794,22.36000061035156,21.700000762939453
2021-12-27,26.700000762939453,78.5999984741211,75.31500244140625,169.65,142.5,116.96,24.280000686645508,75.0199966430664,30.440000534057617,75.44000244140625,21.670000076293945,82.05000305175781,25.888571875435964,25.85933348337809,1.0011302836081921,1.575633411293656,23.190000534057617,21.780000686645508
2021-12-28,26.489999771118164,78.94000244140625,74.98030090332031,169.65,142.5,116.96,23.950000762939453,73.5199966430664,28.459999084472656,75.81999969482422,19.649999618530273,82.43000030517578,26.251428876604354,26.087333488464356,1.0062898465768488,1.430640241888673,23.190000534057617,22.780000686645508
2021-12-29,28.25,79.2300033569336,74.74500274658203,169.65,142.5,116.96,25.719999313354492,71.5199966430664,27.170000076293945,74.41999816894531,20.450000762939453,80.27999877929688,26.612857546125138,26.347333463033042,1.0100774517728752,1.5264415294270417,21.0,24.850000381469727
2021-12-30,29.600000381469727,79.31999969482422,74.57029724121094,169.65,142.5,116.96,25.040000915527344,73.9800033569336,28.13999938964844,75.1500015258789,22.229999542236328,81.23999786376953,27.264286041259766,26.593000157674155,1.0252425686150424,1.7184793609968945,19.90999984741211,25.43000030517578
2021-12-31,29.489999771118164,77.77999877929688,74.43119812011719,169.65,142.5,116.96,26.270000457763672,75.29000091552734,27.829999923706055,74.38999938964844,24.790000915527344,78.88999938964844,27.72428594316755,26.74966678619385,1.0364344274049966,1.8919812626511943,21.530000686645508,24.729999542236328
2022-01-03,29.219999313354492,78.9800033569336,74.51380157470703,196.95,168.5,132.53,26.770000457763672,76.8499984741211,23.61000061035156,73.69999694824219,24.88999938964844,79.69999694824219,28.074285779680526,26.89400011698405,1.0438861909236479,1.8801323719707026,20.11000061035156,22.780000686645508
2022-01-04,26.84000015258789,80.0,74.4032974243164,196.95,168.5,132.53,26.770000457763672,76.8499984741211,24.790000915527344,73.87999725341797,23.38999938964844,82.30999755859375,28.084285736083984,27.009000142415363,1.0398117364538284,1.8008482795080207,21.079999923706055,22.65999984741211
2022-01-05,26.219999313354492,80.80000305175781,74.53489685058594,196.95,168.5,132.53,26.700000762939453,78.5999984741211,24.280000686645508,75.0199966430664,25.200000762939453,82.25,28.01571410042899,27.043000094095866,1.0359687772532944,1.660033060565571,19.940000534057617,22.170000076293945
2022-01-06,26.479999542236328,81.98999786376953,74.43009948730469,196.95,168.5,132.53,26.489999771118164,78.94000244140625,23.950000762939453,73.5199966430664,25.200000762939453,82.25,28.014285496303014,27.085666720072428,1.0342841268404575,1.429821981947574,19.63999938964844,23.530000686645508
2022-01-07,26.86000061035156,81.75,74.41929626464844,196.95,168.5,132.53,28.25,79.2300033569336,25.719999313354492,71.5199966430664,24.729999542236328,72.72000122070312,27.815714154924667,27.15666675567627,1.0242679693534535,1.374563882156422,20.5,23.56999969482422
2022-01-10,24.079999923706055,80.87000274658203,74.2699966430664,196.95,168.5,132.53,29.600000381469727,79.31999969482422,25.040000915527344,73.9800033569336,26.959999084472656,73.44000244140625,27.027142660958425,27.060666783650717,0.9987607803396642,1.5087677306261382,22.010000228881836,23.56999969482422
2022-01-11,24.700000762939453,83.72000122070312,74.05699920654297,196.95,168.5,132.53,29.489999771118164,77.77999877929688,26.270000457763672,75.29000091552734,26.649999618530273,70.56999969482422,26.342857088361466,26.995666821797688,0.9758176193267694,1.632165073660786,21.940000534057617,23.86000061035156
2022-01-12,23.5,84.66999816894531,73.81529998779297,196.95,168.5,132.53,29.219999313354492,78.9800033569336,26.770000457763672,76.8499984741211,27.790000915527344,68.87000274658203,25.525714329310826,26.85266679128011,0.9505836057878524,1.8868858334252723,21.5,24.940000534057617
2022-01-13,22.36000061035156,84.47000122070312,73.79910278320312,196.95,168.5,132.53,26.84000015258789,80.0,26.770000457763672,76.8499984741211,28.719999313354492,69.66999816894531,24.885714394705634,26.640666834513347,0.9341247052126642,2.229314160027344,22.290000915527344,22.6200008392334
2022-01-14,23.190000534057617,86.05999755859375,73.97229766845703,196.95,168.5,132.53,26.219999313354492,80.80000305175781,26.700000762939453,78.5999984741211,29.59000015258789,69.87999725341797,24.45285742623465,26.42733351389567,0.9252862442786646,2.394524691348712,21.829999923706055,22.61000061035156
2022-01-17,23.190000534057617,86.05999755859375,74.37899780273438,196.95,168.5,132.53,26.479999542236328,81.98999786376953,26.489999771118164,78.94000244140625,29.600000381469727,73.08000183105469,23.982857567923407,26.213666852315267,0.9148986501603712,2.52621877040699,21.700000762939453,21.43000030517578
2022-01-18,21.0,87.51000213623047,74.25509643554688,196.95,168.5,132.53,26.86000061035156,81.75,28.25,79.2300033569336,30.440000534057617,75.44000244140625,23.145714623587473,25.89900016784668,0.8936910898750335,2.7613469332829323,21.780000686645508,23.8799991607666
2022-01-19,19.90999984741211,88.44000244140625,74.61969757080078,196.95,168.5,132.53,24.079999923706055,80.87000274658203,29.600000381469727,79.31999969482422,28.459999084472656,75.81999969482422,22.55000032697405,25.614000193277995,0.8803775807386831,2.8619917474673513,22.780000686645508,23.670000076293945
2022-01-20,21.530000686645508,88.37999725341797,74.44920349121094,196.95,168.5,132.53,24.700000762939453,83.72000122070312,29.489999771118164,77.77999877929688,27.170000076293945,74.41999816894531,22.097143173217773,25.42600021362305,0.8690763115236344,2.6380643580561753,24.850000381469727,23.579999923706055
2022-01-21,20.11000061035156,87.88999938964844,74.45220184326172,196.95,168.5,132.53,23.5,84.66999816894531,29.219999313354492,78.9800033569336,28.13999938964844,75.1500015258789,21.612857546125138,25.158333587646485,0.8590731528421335,2.424809033268182,25.43000030517578,24.899999618530273
2022-01-24,21.079999923706055,86.2699966430664,74.41320037841797,196.95,168.5,132.53,22.36000061035156,84.47000122070312,26.84000015258789,80.0,27.829999923706055,74.38999938964844,21.43000030517578,24.933333587646484,0.8594916373668201,2.3132599316197253,24.729999542236328,26.280000686645508
2022-01-25,19.940000534057617,88.19999694824219,74.6447982788086,196.95,168.5,132.53,23.190000534057617,86.05999755859375,26.219999313354492,80.80000305175781,23.61000061035156,73.69999694824219,20.965714590890066,24.811000251770018,0.8450165623302006,2.2824765775734353,22.780000686645508,26.829999923706055
2022-01-26,19.63999938964844,89.95999908447266,74.77999877929688,196.95,168.5,132.53,23.190000534057617,86.05999755859375,26.479999542236328,81.98999786376953,24.790000915527344,73.87999725341797,20.458571570260183,24.639333534240723,0.830321292522643,2.140929027830807,22.65999984741211,27.84000015258789
2022-01-27,20.5,89.33999633789062,74.8949966430664,196.95,168.5,132.53,21.0,87.51000213623047,26.86000061035156,81.75,24.280000686645508,75.0199966430664,20.387142998831614,24.51333351135254,0.8316753277409908,1.712737985416778,22.170000076293945,27.56999969482422
2022-01-28,22.010000228881836,90.02999877929688,75.20929718017578,196.95,168.5,132.53,19.90999984741211,88.44000244140625,24.079999923706055,80.87000274658203,23.950000762939453,73.5199966430664,20.687143053327286,24.44866682688395,0.846145711680378,1.5820089427546296,23.530000686645508,27.049999237060547
2022-01-31,21.940000534057617,91.20999908447266,75.03900146484375,196.95,168.5,132.53,21.530000686645508,88.37999725341797,24.700000762939453,83.72000122070312,25.719999313354492,71.5199966430664,20.745714460100448,24.322666867574057,0.8529371406384031,1.3185008045133801,23.56999969482422,24.700000762939453
2022-02-01,21.5,89.16000366210938,74.55580139160156,219.78,196.4,142.84,20.11000061035156,87.88999938964844,23.5,84.66999816894531,25.040000915527344,73.9800033569336,20.944285801478795,24.20466683705648,0.8652991296877741,1.1766895483141844,23.56999969482422,23.729999542236328
2022-02-02,22.290000915527344,89.47000122070312,74.74549865722656,219.78,196.4,142.84,21.079999923706055,86.2699966430664,22.36000061035156,84.47000122070312,26.270000457763672,75.29000091552734,21.117143086024694,24.0720001856486,0.8772488430822633,1.1718797647604815,23.86000061035156,25.540000915527344
2022-02-03,21.829999923706055,91.11000061035156,74.82240295410156,219.78,196.4,142.84,19.940000534057617,88.19999694824219,23.190000534057617,86.05999755859375,26.770000457763672,76.8499984741211,21.387142998831614,23.907333501180013,0.8945846700941906,1.0509236543880796,24.940000534057617,26.040000915527344
2022-02-04,21.700000762939453,93.2699966430664,74.6438980102539,219.78,196.4,142.84,19.63999938964844,89.95999908447266,23.190000534057617,86.05999755859375,26.770000457763672,76.8499984741211,21.681428909301758,23.73833351135254,0.9133505418747062,0.8952354563395647,22.6200008392334,26.350000381469727
2022-02-07,21.780000686645508,92.69000244140624,74.64219665527344,219.78,196.4,142.84,20.5,89.33999633789062,21.0,87.51000213623047,26.700000762939453,78.5999984741211,21.864286150251115,23.574333508809406,0.9274610825145877,0.9146057650639551,22.61000061035156,25.760000228881836
2022-02-08,22.780000686645508,90.77999877929688,74.6583023071289,219.78,196.4,142.84,22.010000228881836,90.02999877929688,19.90999984741211,88.44000244140625,26.489999771118164,78.94000244140625,21.974286215645925,23.450666872660317,0.9370427273791989,0.9423741732047183,21.43000030517578,25.049999237060547
2022-02-09,24.850000381469727,91.5500030517578,74.69519805908203,219.78,196.4,142.84,21.940000534057617,91.20999908447266,21.530000686645508,88.37999725341797,28.25,79.2300033569336,22.39000047956194,23.337333552042644,0.9594065592612068,1.3331062964012916,23.8799991607666,25.950000762939453
2022-02-10,25.43000030517578,91.41000366210938,74.80889892578125,219.78,196.4,142.84,21.5,89.16000366210938,20.11000061035156,87.88999938964844,29.600000381469727,79.31999969482422,22.951429094587052,23.198333549499512,0.9893563756228713,1.6141785731297806,23.670000076293945,24.8799991607666
2022-02-11,24.729999542236328,94.44000244140624,75.53839874267578,219.78,196.4,142.84,22.290000915527344,89.47000122070312,21.079999923706055,86.2699966430664,29.489999771118164,77.77999877929688,23.30000032697405,23.03966687520345,1.0112989193893935,1.7520970526162754,23.579999923706055,24.38999938964844
2022-02-14,22.780000686645508,96.4800033569336,75.34100341796875,219.78,196.4,142.84,21.829999923706055,91.11000061035156,19.940000534057617,88.19999694824219,29.219999313354492,78.9800033569336,23.435714721679688,22.82500025431315,1.0267559339760268,1.6293456598496543,24.899999618530273,23.770000457763672
2022-02-15,22.65999984741211,93.27999877929688,75.6854019165039,219.78,196.4,142.84,21.700000762939453,93.2699966430664,19.63999938964844,89.95999908447266,26.84000015258789,80.0,23.572857448032924,22.685666910807292,1.0391075188416787,1.4207658691780887,26.280000686645508,24.260000228881836
2022-02-16,22.170000076293945,94.80999755859376,75.17479705810547,219.78,196.4,142.84,21.780000686645508,92.69000244140624,20.5,89.33999633789062,26.219999313354492,80.80000305175781,23.62857164655413,22.550666936238606,1.0477987739952659,1.2927763227231166,26.829999923706055,25.010000228881836
2022-02-17,23.530000686645508,92.97000122070312,75.04199981689453,219.78,196.4,142.84,22.780000686645508,90.77999877929688,22.010000228881836,90.02999877929688,26.479999542236328,81.98999786376953,23.735714503696986,22.452333641052245,1.057159772857663,1.2899954370499123,27.84000015258789,24.18000030517578
2022-02-18,23.56999969482422,93.54000091552734,75.06300354003906,219.78,196.4,142.84,24.850000381469727,91.5500030517578,21.940000534057617,91.20999908447266,26.86000061035156,81.75,23.55285726274763,22.342666943868,1.0541645176144288,1.2745245856129137,27.56999969482422,23.959999084472656
2022-02-21,23.56999969482422,93.54000091552734,74.68240356445312,219.78,196.4,142.84,25.43000030517578,91.41000366210938,21.5,89.16000366210938,24.079999923706055,80.87000274658203,23.28714288984026,22.32566693623861,1.0430654782091298,1.209083819195466,27.049999237060547,22.399999618530273
2022-02-22,23.86000061035156,96.83999633789062,74.51699829101562,219.78,196.4,142.84,24.729999542236328,94.44000244140624,22.290000915527344,89.47000122070312,24.700000762939453,83.72000122070312,23.16285732814244,22.297666931152342,1.0388013692933789,1.1990178048900795,24.700000762939453,21.770000457763672
2022-02-23,24.940000534057617,96.83999633789062,74.62300109863281,219.78,196.4,142.84,22.780000686645508,96.4800033569336,21.829999923706055,91.11000061035156,23.5,84.66999816894531,23.471428734915598,22.345666948954264,1.0503789519795246,1.207467718968958,23.729999542236328,20.6200008392334
2022-02-24,22.6200008392334,99.08000183105467,74.63300323486328,219.78,196.4,142.84,22.65999984741211,93.27999877929688,21.700000762939453,93.2699966430664,22.36000061035156,84.47000122070312,23.465714590890066,22.354333623250326,1.0497161082593283,1.1270482190299291,25.540000915527344,21.65999984741211
2022-02-25,22.61000061035156,97.93000030517578,75.4083023071289,219.78,196.4,142.84,22.170000076293945,94.80999755859376,21.780000686645508,92.69000244140624,23.190000534057617,86.05999755859375,23.528571810041154,22.335000292460123,1.053439040410201,1.0475454569428708,26.040000915527344,22.450000762939453
2022-02-28,21.43000030517578,100.98999786376952,75.06800079345703,219.78,196.4,142.84,23.530000686645508,92.97000122070312,22.780000686645508,90.77999877929688,23.190000534057617,86.05999755859375,23.22857175554548,22.276333618164063,1.0427461595001153,1.1804182473693976,26.350000381469727,21.0
2022-03-01,23.8799991607666,104.97000122070312,75.28479766845703,314.04,294.42,152.07,23.56999969482422,93.54000091552734,24.850000381469727,91.5500030517578,21.0,87.51000213623047,23.272857393537247,22.372333590189616,1.0402512056780011,1.1209227912568225,25.760000228881836,21.280000686645508
2022-03-02,23.670000076293945,112.93000030517578,75.80120086669922,314.04,294.42,152.07,23.56999969482422,93.54000091552734,25.43000030517578,91.41000366210938,19.90999984741211,88.44000244140625,23.28714316231864,22.497666931152345,1.0350910111111573,0.9651656754629614,25.049999237060547,21.239999771118164
2022-03-03,23.579999923706055,110.45999908447266,75.63099670410156,314.04,294.42,152.07,23.86000061035156,96.83999633789062,24.729999542236328,94.44000244140624,21.530000686645508,88.37999725341797,23.247143064226425,22.56600023905436,1.0301840164901301,0.8779148446273274,25.950000762939453,22.15999984741211
2022-03-04,24.899999618530273,118.11000061035156,75.8917007446289,314.04,294.42,152.07,24.940000534057617,96.83999633789062,22.780000686645508,96.4800033569336,20.11000061035156,87.88999938964844,23.24142864772252,22.72566687266032,1.0226946716681808,0.9762927673336214,24.8799991607666,22.15999984741211
2022-03-07,26.280000686645508,123.20999908447266,76.41799926757812,314.04,294.42,152.07,22.6200008392334,99.08000183105467,22.65999984741211,93.27999877929688,21.079999923706055,86.2699966430664,23.764285768781388,22.899000231424967,1.037786591150083,1.2252833094658386,24.38999938964844,22.219999313354492
2022-03-08,26.829999923706055,127.9800033569336,77.08080291748047,314.04,294.42,152.07,22.61000061035156,97.93000030517578,22.170000076293945,94.80999755859376,19.940000534057617,88.19999694824219,24.367142813546316,23.128666877746582,1.0535467697675058,1.4200279877967197,23.770000457763672,21.229999542236328
2022-03-09,27.84000015258789,111.13999938964844,76.91449737548828,314.04,294.42,152.07,21.43000030517578,100.98999786376952,23.530000686645508,92.97000122070312,19.63999938964844,89.95999908447266,25.28285707746233,23.40200023651123,1.0803711656367303,1.7510774945886924,24.260000228881836,20.290000915527344
2022-03-10,27.56999969482422,109.33000183105467,76.13490295410156,314.04,294.42,152.07,23.8799991607666,104.97000122070312,23.56999969482422,93.54000091552734,20.5,89.33999633789062,25.810000010899135,23.63766689300537,1.0919008719734458,1.946060442187679,25.010000228881836,21.739999771118164
2022-03-11,27.049999237060547,112.66999816894533,76.310302734375,314.04,294.42,152.07,23.670000076293945,112.93000030517578,23.56999969482422,93.54000091552734,22.010000228881836,90.02999877929688,26.292857033865793,23.80566685994466,1.104478448084207,2.0327546609018783,24.18000030517578,22.309999465942383
2022-03-14,24.700000762939453,106.9000015258789,76.75370025634766,314.04,294.42,152.07,23.579999923706055,110.45999908447266,23.86000061035156,96.83999633789062,21.940000534057617,91.20999908447266,26.452857153756277,23.897666867574056,1.106921702069261,2.0155165488559286,23.959999084472656,20.920000076293945
2022-03-15,23.729999542236328,99.91000366210938,76.49009704589844,314.04,294.42,152.07,24.899999618530273,118.11000061035156,24.940000534057617,96.83999633789062,21.5,89.16000366210938,26.285714285714285,23.9720001856486,1.0965168995902912,2.037187218340429,22.399999618530273,20.739999771118164
2022-03-16,25.540000915527344,98.0199966430664,76.26589965820312,314.04,294.42,152.07,26.280000686645508,123.20999908447266,22.6200008392334,99.08000183105467,22.290000915527344,89.47000122070312,26.180000032697404,24.080333518981934,1.0871937940611338,1.9483845767142185,21.770000457763672,21.549999237060547
2022-03-17,26.040000915527344,106.63999938964844,76.02420043945312,314.04,294.42,152.07,26.829999923706055,127.9800033569336,22.61000061035156,97.93000030517578,21.829999923706055,91.11000061035156,26.067143031529017,24.220666885375977,1.0762351174119293,1.8412137793039522,20.6200008392334,21.010000228881836
2022-03-18,26.350000381469727,107.93000030517578,75.98159790039062,314.04,294.42,152.07,27.84000015258789,111.13999938964844,21.43000030517578,100.98999786376952,21.700000762939453,93.2699966430664,25.85428592136928,24.375666872660318,1.060659199596109,1.5008401377292808,21.65999984741211,21.479999542236328
2022-03-21,25.760000228881836,115.62000274658205,75.94640350341797,314.04,294.42,152.07,27.56999969482422,109.33000183105467,23.8799991607666,104.97000122070312,21.780000686645508,92.69000244140624,25.595714569091797,24.508333524068195,1.0443673822327388,1.4200673205369605,22.450000762939453,21.489999771118164
2022-03-22,25.049999237060547,115.4800033569336,76.30709838867188,314.04,294.42,152.07,27.049999237060547,112.66999816894533,23.670000076293945,112.93000030517578,22.780000686645508,90.77999877929688,25.310000283377512,24.584000142415366,1.0295309893201507,1.3118798113671455,21.0,22.1200008392334
2022-03-23,25.950000762939453,121.5999984741211,76.10189819335938,314.04,294.42,152.07,24.700000762939453,106.9000015258789,23.579999923706055,110.45999908447266,24.850000381469727,91.5500030517578,25.48857171194894,24.620666821797688,1.0352506511674313,1.14554296605516,21.280000686645508,23.290000915527344
2022-03-24,24.8799991607666,119.02999877929688,76.55239868164062,314.04,294.42,152.07,23.729999542236328,99.91000366210938,24.899999618530273,118.11000061035156,25.43000030517578,91.41000366210938,25.65285737173898,24.60233345031738,1.0426997502714745,1.1469925206125853,21.239999771118164,23.690000534057617
2022-03-25,24.38999938964844,120.6500015258789,76.32350158691406,314.04,294.42,152.07,25.540000915527344,98.0199966430664,26.280000686645508,123.20999908447266,24.729999542236328,94.44000244140624,25.488571439470565,24.591000111897788,1.0364995713266172,1.216715172218004,22.15999984741211,23.75
2022-03-28,23.770000457763672,112.4800033569336,76.27850341796875,314.04,294.42,152.07,26.040000915527344,106.63999938964844,26.829999923706055,127.9800033569336,22.780000686645508,96.4800033569336,25.16428565979004,24.624000104268394,1.0219410060844636,1.2963304470359225,22.15999984741211,23.8799991607666
2022-03-29,24.260000228881836,110.2300033569336,76.03410339355469,314.04,294.42,152.07,26.350000381469727,107.93000030517578,27.84000015258789,111.13999938964844,22.65999984741211,93.27999877929688,24.86571420942034,24.677333450317384,1.0076333483578652,1.1708379798099269,22.219999313354492,23.38999938964844
2022-03-30,25.010000228881836,113.4499969482422,75.66670227050781,314.04,294.42,152.07,25.760000228881836,115.62000274658205,27.56999969482422,109.33000183105467,22.170000076293945,94.80999755859376,24.75857135227748,24.772000122070313,0.9994575018447591,0.9841625845837558,21.229999542236328,23.899999618530273
2022-03-31,24.18000030517578,107.91000366210938,75.82779693603516,314.04,294.42,152.07,25.049999237060547,115.4800033569336,27.049999237060547,112.66999816894533,23.530000686645508,92.97000122070312,24.63428579057966,24.793666776021322,0.9935713050193583,0.8543932254949486,20.290000915527344,23.190000534057617
2022-04-01,23.959999084472656,104.38999938964844,75.9092025756836,310.85,302.0,151.25,25.950000762939453,121.5999984741211,24.700000762939453,106.9000015258789,23.56999969482422,93.54000091552734,24.349999836512975,24.806666755676268,0.9815905643605085,0.8944745208201815,21.739999771118164,23.1200008392334
2022-04-04,22.399999618530273,107.52999877929688,75.99479675292969,310.85,302.0,151.25,24.8799991607666,119.02999877929688,23.729999542236328,99.91000366210938,23.56999969482422,93.54000091552734,23.99571418762207,24.76766675313314,0.9688318539843098,1.081564098756396,22.309999465942383,23.34000015258789
2022-04-05,21.770000457763672,106.63999938964844,75.47799682617188,310.85,302.0,151.25,24.38999938964844,120.6500015258789,25.540000915527344,98.0199966430664,23.86000061035156,96.83999633789062,23.621428625924246,24.698000081380208,0.9564101945092494,1.3303659120403062,20.920000076293945,24.6299991607666
2022-04-06,20.6200008392334,101.06999969482422,75.45069885253906,310.85,302.0,151.25,23.770000457763672,112.4800033569336,26.040000915527344,106.63999938964844,24.940000534057617,96.83999633789062,23.171428680419922,24.554000091552734,0.9436922357701377,1.621704508432516,20.739999771118164,25.780000686645508
2022-04-07,21.65999984741211,100.58000183105467,75.94509887695312,310.85,302.0,151.25,24.260000228881836,110.2300033569336,26.350000381469727,107.93000030517578,22.6200008392334,99.08000183105467,22.800000054495676,24.522000058492026,0.9297769636384268,1.6206712916608021,21.549999237060547,24.969999313354492
2022-04-08,22.450000762939453,102.77999877929688,75.91320037841797,310.85,302.0,151.25,25.010000228881836,113.4499969482422,25.760000228881836,115.62000274658205,22.61000061035156,97.93000030517578,22.434285845075333,24.516666730244953,0.9150622693245907,1.5581377831193766,21.010000228881836,25.420000076293945
2022-04-11,21.0,98.4800033569336,75.91729736328125,310.85,302.0,151.25,24.18000030517578,107.91000366210938,25.049999237060547,115.4800033569336,21.43000030517578,100.98999786376952,21.98000008719308,24.502333386739096,0.8970570585950105,1.6412537592951184,21.479999542236328,24.600000381469727
2022-04-12,21.280000686645508,104.63999938964844,75.83699798583984,310.85,302.0,151.25,23.959999084472656,104.38999938964844,25.950000762939453,121.5999984741211,23.8799991607666,104.97000122070312,21.597143173217773,24.415666770935058,0.884560496759503,1.5338516210843263,21.489999771118164,23.38999938964844
2022-04-13,21.239999771118164,108.77999877929688,76.1498031616211,310.85,302.0,151.25,22.399999618530273,107.52999877929688,24.8799991607666,119.02999877929688,23.670000076293945,112.93000030517578,21.431428909301758,24.334666760762534,0.8806950312098659,1.4938209965821165,22.1200008392334,22.969999313354492
2022-04-14,22.15999984741211,111.6999969482422,76.12169647216797,310.85,302.0,151.25,21.770000457763672,106.63999938964844,24.38999938964844,120.6500015258789,23.579999923706055,110.45999908447266,21.487143107822963,24.287333424886068,0.8847053682209691,1.4182963651523288,23.290000915527344,22.549999237060547
2022-04-15,22.15999984741211,111.6999969482422,76.30879974365234,310.85,302.0,151.25,20.6200008392334,101.06999969482422,23.770000457763672,112.4800033569336,24.899999618530273,118.11000061035156,21.707142966134207,24.19600009918213,0.8971372915267526,1.3768047984796339,23.690000534057617,21.479999542236328
2022-04-18,22.219999313354492,113.16000366210938,76.3313980102539,310.85,302.0,151.25,21.65999984741211,100.58000183105467,24.260000228881836,110.2300033569336,26.280000686645508,123.20999908447266,21.78714288984026,24.06066672007243,0.9055083172978468,1.273351637563233,23.75,21.479999542236328
2022-04-19,21.229999542236328,107.25,76.28019714355469,310.85,302.0,151.25,22.450000762939453,102.77999877929688,25.010000228881836,113.4499969482422,26.829999923706055,127.9800033569336,21.612857001168386,23.874000040690103,0.9052880921274692,1.030687477685604,23.8799991607666,22.190000534057617
2022-04-20,20.290000915527344,106.8000030517578,76.44539642333984,310.85,302.0,151.25,21.0,98.4800033569336,24.18000030517578,107.91000366210938,27.84000015258789,111.13999938964844,21.511428560529435,23.622333399454753,0.9106390588253813,0.9233856612182594,23.38999938964844,21.88999938964844
2022-04-21,21.739999771118164,108.33000183105467,76.27619934082031,310.85,302.0,151.25,21.280000686645508,104.63999938964844,23.959999084472656,104.38999938964844,27.56999969482422,109.33000183105467,21.5771427154541,23.428000068664552,0.9209976712582165,0.6696314332319054,23.899999618530273,22.0
2022-04-22,22.309999465942383,106.6500015258789,76.28520202636719,310.85,302.0,151.25,21.239999771118164,108.77999877929688,22.399999618530273,107.52999877929688,27.049999237060547,112.66999816894533,21.729999814714706,23.270000076293947,0.9338199572526997,0.6616115719325101,23.190000534057617,22.010000228881836
2022-04-25,20.920000076293945,102.31999969482422,76.4635009765625,310.85,302.0,151.25,22.15999984741211,111.6999969482422,21.770000457763672,106.63999938964844,24.700000762939453,106.9000015258789,21.55285699026925,23.14400005340576,0.9312498975127967,0.6816041762250914,23.1200008392334,21.459999084472656
2022-04-26,20.739999771118164,104.98999786376952,76.52780151367188,310.85,302.0,151.25,22.15999984741211,111.6999969482422,20.6200008392334,101.06999969482422,23.729999542236328,99.91000366210938,21.349999836512975,23.04433339436849,0.9264746437397052,0.6700728199464799,23.34000015258789,20.350000381469727
2022-04-27,21.549999237060547,105.31999969482422,76.79409790039062,310.85,302.0,151.25,22.219999313354492,113.16000366210938,21.65999984741211,100.58000183105467,25.540000915527344,98.0199966430664,21.254285539899552,22.911333338419595,0.9276752229651521,0.6690573168962288,24.6299991607666,19.239999771118164
2022-04-28,21.010000228881836,107.58999633789062,76.47219848632812,310.85,302.0,151.25,21.229999542236328,107.25,22.450000762939453,102.77999877929688,26.040000915527344,106.63999938964844,21.222857066563197,22.743666648864746,0.9331322017200125,0.6244031552847612,25.780000686645508,19.36000061035156
2022-04-29,21.479999542236328,109.33999633789062,76.58899688720703,310.85,302.0,151.25,20.290000915527344,106.8000030517578,21.0,98.4800033569336,26.350000381469727,107.93000030517578,21.39285687037877,22.581333287556966,0.947368657300689,0.6127636627740879,24.969999313354492,19.850000381469727
2022-05-02,21.489999771118164,107.58000183105467,76.52310180664062,371.86,280.0,131.21,21.739999771118164,108.33000183105467,21.280000686645508,104.63999938964844,25.760000228881836,115.62000274658205,21.35714258466448,22.438999938964844,0.9517863151162599,0.6107927565851207,25.420000076293945,19.13999938964844
2022-05-03,22.1200008392334,104.97000122070312,76.52410125732422,371.86,280.0,131.21,22.309999465942383,106.6500015258789,21.239999771118164,108.77999877929688,25.049999237060547,115.4800033569336,21.329999923706055,22.34133332570394,0.9547322026588113,0.6305795135115043,24.600000381469727,19.8799991607666
2022-05-04,23.290000915527344,110.13999938964844,76.46730041503906,371.86,280.0,131.21,20.920000076293945,102.31999969482422,22.15999984741211,111.6999969482422,25.950000762939453,121.5999984741211,21.66857147216797,22.252666664123534,0.9737512389735443,0.7735379853636655,23.38999938964844,19.549999237060547
2022-05-05,23.690000534057617,110.9000015258789,76.00160217285156,371.86,280.0,131.21,20.739999771118164,104.98999786376952,22.15999984741211,111.6999969482422,24.8799991607666,119.02999877929688,22.09000015258789,22.213000043233237,0.9944622592613098,0.9459713258170386,22.969999313354492,19.690000534057617
2022-05-06,23.75,112.38999938964844,76.54180145263672,371.86,280.0,131.21,21.549999237060547,105.31999969482422,22.219999313354492,113.16000366210938,24.38999938964844,120.6500015258789,22.404285975864955,22.191666730244954,1.0095805850186272,1.0861681464554065,22.549999237060547,20.15999984741211
2022-05-09,23.8799991607666,105.94000244140624,76.9574966430664,371.86,280.0,131.21,21.010000228881836,107.58999633789062,21.229999542236328,107.25,23.770000457763672,112.4800033569336,22.814285823277064,22.195333353678386,1.0278861407880002,1.1987676571228405,21.479999542236328,20.15999984741211
2022-05-10,23.38999938964844,102.45999908447266,77.3655014038086,371.86,280.0,131.21,21.479999542236328,109.33999633789062,20.290000915527344,106.8000030517578,24.260000228881836,110.2300033569336,23.087142944335938,22.16633332570394,1.0415404383619848,1.139770600459816,21.479999542236328,18.290000915527344
2022-05-11,23.899999618530273,107.51000213623048,77.27140045166016,371.86,280.0,131.21,21.489999771118164,107.58000183105467,21.739999771118164,108.33000183105467,25.010000228881836,113.4499969482422,23.43142863682338,22.129333305358887,1.058839763724447,1.2108592972578387,22.190000534057617,16.790000915527344
2022-05-12,23.190000534057617,107.4499969482422,77.41840362548828,371.86,280.0,131.21,22.1200008392334,104.97000122070312,22.309999465942383,106.6500015258789,24.18000030517578,107.91000366210938,23.584285736083984,22.096333312988282,1.067338853403001,1.2288545872481755,21.88999938964844,17.579999923706055
2022-05-13,23.1200008392334,111.5500030517578,77.44380187988281,371.86,280.0,131.21,23.290000915527344,110.13999938964844,20.920000076293945,102.31999969482422,23.959999084472656,104.38999938964844,23.560000010899135,22.068333371480307,1.0675925969752016,1.1556531661596154,22.0,16.899999618530273
2022-05-16,23.34000015258789,114.23999786376952,77.48629760742188,371.86,280.0,131.21,23.690000534057617,110.9000015258789,20.739999771118164,104.98999786376952,22.399999618530273,107.52999877929688,23.50999995640346,22.09966672261556,1.0638164644437833,1.033768362273209,22.010000228881836,16.3700008392334
2022-05-17,24.6299991607666,111.93000030517578,77.8053970336914,371.86,280.0,131.21,23.75,112.38999938964844,21.549999237060547,105.31999969482422,21.770000457763672,106.63999938964844,23.63571412222726,22.195000012715656,1.0649111718663886,1.074229457934107,21.459999084472656,16.030000686645508
2022-05-18,25.780000686645508,109.11000061035156,77.37239837646484,371.86,280.0,131.21,23.8799991607666,105.94000244140624,21.010000228881836,107.58999633789062,20.6200008392334,101.06999969482422,23.907142911638534,22.367000007629393,1.068857344074322,1.141991945799159,20.350000381469727,16.729999542236328
2022-05-19,24.969999313354492,112.04000091552734,77.81999969482422,371.86,280.0,131.21,23.38999938964844,102.45999908447266,21.479999542236328,109.33999633789062,21.65999984741211,100.58000183105467,24.132857186453684,22.477333323160806,1.073652559356827,1.079052134266644,19.239999771118164,17.170000076293945
2022-05-20,25.420000076293945,112.5500030517578,77.42109680175781,371.86,280.0,131.21,23.899999618530273,107.51000213623048,21.489999771118164,107.58000183105467,22.450000762939453,102.77999877929688,24.35000010899135,22.576333300272623,1.0785626257152685,0.9928624929031414,19.36000061035156,17.110000610351562
2022-05-23,24.600000381469727,113.41999816894533,77.81839752197266,371.86,280.0,131.21,23.190000534057617,107.4499969482422,22.1200008392334,104.97000122070312,21.0,98.4800033569336,24.551428658621653,22.69633331298828,1.0817349878811438,0.8657337122860054,19.850000381469727,17.110000610351562
2022-05-24,23.38999938964844,113.55999755859376,77.52680206298828,371.86,280.0,131.21,23.1200008392334,111.5500030517578,23.290000915527344,110.13999938964844,21.280000686645508,104.63999938964844,24.589999880109513,22.766666603088378,1.0800873710646812,0.8592102696002453,19.13999938964844,15.899999618530272
2022-05-25,22.969999313354492,114.02999877929688,77.47879791259766,371.86,280.0,131.21,23.34000015258789,114.23999786376952,23.690000534057617,110.9000015258789,21.239999771118164,108.77999877929688,24.537142617361887,22.824333254496256,1.0750426570336573,0.9043877184752568,19.8799991607666,14.949999809265137
2022-05-26,22.549999237060547,117.4000015258789,77.49729919433594,371.86,280.0,131.21,24.6299991607666,111.93000030517578,23.75,112.38999938964844,22.15999984741211,111.6999969482422,24.239999771118164,22.837333234151206,1.0614194270579342,0.9855353466181619,19.549999237060547,15.90999984741211
2022-05-27,21.479999542236328,119.43000030517578,77.63020324707031,371.86,280.0,131.21,25.780000686645508,109.11000061035156,23.8799991607666,105.94000244140624,22.15999984741211,111.6999969482422,23.625713893345424,22.814666557312012,1.0355489298301481,1.1849351169888298,19.690000534057617,15.289999961853027
2022-05-30,21.479999542236328,119.43000030517578,77.69200134277344,371.86,280.0,131.21,24.969999313354492,112.04000091552734,23.38999938964844,102.45999908447266,22.219999313354492,113.16000366210938,23.1271424974714,22.78999989827474,1.014792999244032,1.3323895714282348,20.15999984741211,15.020000457763672
2022-05-31,22.190000534057617,122.83999633789062,77.5208969116211,371.86,280.0,131.21,25.420000076293945,112.5500030517578,23.899999618530273,107.51000213623048,21.229999542236328,107.25,22.665713991437638,22.821999931335448,0.9931515260764474,1.3831469045960005,20.15999984741211,13.859999656677246
2022-06-01,21.88999938964844,116.29000091552734,77.5989990234375,374.08,291.3568,130.74,24.600000381469727,113.41999816894533,23.190000534057617,107.4499969482422,20.290000915527344,106.8000030517578,22.278570992606028,22.87533321380615,0.9739119883088815,1.448233826816359,18.290000915527344,14.479999542236328
2022-06-02,22.0,117.61000061035156,77.58409881591797,374.08,291.3568,130.74,23.38999938964844,113.55999755859376,23.1200008392334,111.5500030517578,21.739999771118164,108.33000183105467,22.079999651227677,22.883999888102213,0.9648658499622239,1.4959318113059292,16.790000915527344,15.18000030517578
2022-06-03,22.010000228881836,119.72000122070312,77.3604965209961,374.08,291.3568,130.74,22.969999313354492,114.02999877929688,23.34000015258789,114.23999786376952,22.309999465942383,106.6500015258789,21.94285692487444,22.873999913533527,0.959292096480724,1.5372504069107216,17.579999923706055,15.989999771118164
2022-06-06,21.459999084472656,119.51000213623048,77.69419860839844,374.08,291.3568,130.74,22.549999237060547,117.4000015258789,24.6299991607666,111.93000030517578,20.920000076293945,102.31999969482422,21.787142617361887,22.89199988047282,0.9517356811883347,1.5501694724069168,16.899999618530273,15.279999732971191
2022-06-07,20.350000381469727,120.56999969482422,77.82099914550781,374.08,291.3568,130.74,21.479999542236328,119.43000030517578,25.780000686645508,109.11000061035156,20.739999771118164,104.98999786376952,21.6257141658238,22.87899990081787,0.9452207180106484,1.4825846175648445,16.3700008392334,14.8100004196167
2022-06-08,19.239999771118164,123.58000183105467,77.67060089111328,374.08,291.3568,130.74,21.479999542236328,119.43000030517578,24.969999313354492,112.04000091552734,21.549999237060547,105.31999969482422,21.305714198521205,22.801999918619792,0.9343787795269428,1.5737491664874084,16.030000686645508,14.539999961853027
2022-06-09,19.36000061035156,123.06999969482422,77.72429656982422,374.08,291.3568,130.74,22.190000534057617,122.83999633789062,25.420000076293945,112.5500030517578,21.010000228881836,107.58999633789062,20.901428495134628,22.74699993133545,0.9188648775477776,1.4536457479233629,16.729999542236328,14.649999618530272
2022-06-10,19.850000381469727,122.01000213623048,77.8187026977539,374.08,291.3568,130.74,21.88999938964844,116.29000091552734,24.600000381469727,113.41999816894533,21.479999542236328,109.33999633789062,20.61000006539481,22.692666625976564,0.90822252505032,1.29094281379401,17.170000076293945,14.600000381469728
2022-06-13,19.13999938964844,122.2699966430664,78.17759704589844,374.08,291.3568,130.74,22.0,117.61000061035156,23.38999938964844,113.55999755859376,21.489999771118164,107.58000183105467,20.2014285496303,22.61433327992757,0.8933015785411302,1.2978884372877184,17.110000610351562,13.279999732971191
2022-06-14,19.8799991607666,121.16999816894533,78.16059875488281,374.08,291.3568,130.74,22.010000228881836,119.72000122070312,22.969999313354492,114.02999877929688,22.1200008392334,104.97000122070312,19.897142682756698,22.53966655731201,0.8827607899414129,1.2234817185152607,17.110000610351562,13.470000267028809
2022-06-15,19.549999237060547,118.51000213623048,77.9854965209961,374.08,291.3568,130.74,21.459999084472656,119.51000213623048,22.549999237060547,117.4000015258789,23.290000915527344,110.13999938964844,19.624285561697825,22.414999834696452,0.8754975218133149,1.1779037429560115,15.899999618530272,13.3100004196167
2022-06-16,19.690000534057617,119.80999755859376,77.90019989013672,374.08,291.3568,130.74,20.350000381469727,120.56999969482422,21.479999542236328,119.43000030517578,23.690000534057617,110.9000015258789,19.52999986921038,22.28166650136312,0.8765049554514266,1.1845231430058238,14.949999809265137,12.789999961853027
2022-06-17,20.15999984741211,113.12000274658205,77.97769927978516,374.08,291.3568,130.74,19.239999771118164,123.58000183105467,21.479999542236328,119.43000030517578,23.75,112.38999938964844,19.661428451538086,22.16199982961019,0.8871681134835014,1.1594601657172177,15.90999984741211,12.420000076293944
2022-06-20,20.15999984741211,113.12000274658205,77.9614028930664,374.08,291.3568,130.74,19.36000061035156,123.06999969482422,22.190000534057617,122.83999633789062,23.8799991607666,105.94000244140624,19.77571405683245,22.037999852498373,0.8973457308165484,1.0515545284914658,15.289999961853027,12.649999618530272
2022-06-21,18.290000915527344,114.6500015258789,77.93399810791016,374.08,291.3568,130.74,19.850000381469727,122.01000213623048,21.88999938964844,116.29000091552734,23.38999938964844,102.45999908447266,19.55285699026925,21.867999903361003,0.8941306079829457,1.082694923717786,15.020000457763672,11.779999732971191
2022-06-22,16.790000915527344,111.73999786376952,78.13490295410156,374.08,291.3568,130.74,19.13999938964844,122.2699966430664,22.0,117.61000061035156,23.899999618530273,107.51000213623048,19.21714292253767,21.630999946594237,0.8884071048917146,1.2543059221031898,13.859999656677246,10.829999923706056
2022-06-23,17.579999923706055,110.0500030517578,78.19309997558594,374.08,291.3568,130.74,19.8799991607666,121.16999816894533,22.010000228881836,119.72000122070312,23.190000534057617,107.4499969482422,18.88857160295759,21.443999926249187,0.8808320676925477,1.1861857303579924,14.479999542236328,10.81999969482422
2022-06-24,16.899999618530273,113.12000274658205,78.14240264892578,374.08,291.3568,130.74,19.549999237060547,118.51000213623048,21.459999084472656,119.51000213623048,23.1200008392334,111.5500030517578,18.510000228881836,21.23666655222575,0.8716053184386736,1.2008804995507076,15.18000030517578,11.100000381469728
2022-06-27,16.3700008392334,115.08999633789062,78.2522964477539,374.08,291.3568,130.74,19.690000534057617,119.80999755859376,20.350000381469727,120.56999969482422,23.34000015258789,114.23999786376952,18.035714558192662,21.0043332417806,0.8586659602056532,1.3371863894798004,15.989999771118164,11.229999542236328
2022-06-28,16.030000686645508,117.9800033569336,78.44110107421875,374.08,291.3568,130.74,20.15999984741211,113.12000274658205,19.239999771118164,123.58000183105467,24.6299991607666,111.93000030517578,17.445714678083146,20.717666625976562,0.8420690694732191,1.5160198329446986,15.279999732971191,11.5600004196167
2022-06-29,16.729999542236328,116.26000213623048,79.07319641113281,374.08,291.3568,130.74,20.15999984741211,113.12000274658205,19.36000061035156,123.06999969482422,25.780000686645508,109.11000061035156,16.955714634486608,20.415999921162925,0.8305106972401386,1.570378008620492,14.8100004196167,11.579999923706056
2022-06-30,17.170000076293945,114.80999755859376,78.89830017089844,374.08,291.3568,130.74,18.290000915527344,114.6500015258789,19.850000381469727,122.01000213623048,24.969999313354492,112.04000091552734,16.79571451459612,20.15599994659424,0.833285682984796,1.5385490432187574,14.539999961853027,10.890000343322754
2022-07-01,17.110000610351562,111.62999725341795,78.96299743652344,402.2,269.08655771317,108.57,16.790000915527344,111.73999786376952,19.13999938964844,122.2699966430664,25.420000076293945,112.5500030517578,16.841428756713867,19.878999964396158,0.8471965549027501,1.5361911301261124,14.649999618530272,10.539999961853027
2022-07-04,17.110000610351562,111.62999725341795,78.95069885253906,402.2,269.08655771317,108.57,17.579999923706055,110.0500030517578,19.8799991607666,121.16999816894533,24.600000381469727,113.41999816894533,16.774285997663224,19.629333305358887,0.8545515627659219,1.4557673966578824,14.600000381469728,9.890000343322754
2022-07-05,15.899999618530272,102.7699966430664,78.93949890136719,402.2,269.08655771317,108.57,16.899999618530273,113.12000274658205,19.549999237060547,118.51000213623048,23.38999938964844,113.55999755859376,16.63142885480608,19.379666646321613,0.8581891823237842,1.4511451887667044,13.279999732971191,9.989999771118164
2022-07-06,14.949999809265137,100.69000244140624,79.36840057373047,402.2,269.08655771317,108.57,16.3700008392334,115.08999633789062,19.690000534057617,119.80999755859376,22.969999313354492,114.02999877929688,16.428571564810618,19.112333329518638,0.8595791359313336,1.4714627519788834,13.470000267028809,9.770000457763672
2022-07-07,15.90999984741211,104.6500015258789,79.04389953613281,402.2,269.08655771317,108.57,16.030000686645508,117.9800033569336,20.15999984741211,113.12000274658205,22.549999237060547,117.4000015258789,16.411428587777273,18.891000016530356,0.86874278153559,1.2413755690402344,13.3100004196167,9.420000076293944
2022-07-08,15.289999961853027,107.0199966430664,79.22160339355469,402.2,269.08655771317,108.57,16.729999542236328,116.26000213623048,20.15999984741211,113.12000274658205,21.479999542236328,119.43000030517578,16.20571436200823,18.684666697184245,0.8673264528280765,0.9022151182225435,12.789999961853027,9.3100004196167
2022-07-11,15.020000457763672,107.0999984741211,79.3313980102539,402.2,269.08655771317,108.57,17.170000076293945,114.80999755859376,18.290000915527344,114.6500015258789,21.479999542236328,119.43000030517578,15.898571559361049,18.46933339436849,0.8608087044506791,0.8472710504790084,12.420000076293944,9.210000038146973
2022-07-12,13.859999656677246,99.48999786376952,79.47779846191406,402.2,269.08655771317,108.57,17.110000610351562,111.62999725341795,16.790000915527344,111.73999786376952,22.190000534057617,122.83999633789062,15.434285708836146,18.191666698455812,0.8484256819574127,1.0636959677155426,12.649999618530272,8.699999809265137
2022-07-13,14.479999542236328,99.56999969482422,79.47640228271484,402.2,269.08655771317,108.57,17.110000610351562,111.62999725341795,17.579999923706055,110.0500030517578,21.88999938964844,116.29000091552734,15.058571270533971,17.944666703542072,0.839166484819511,1.0630553315526834,11.779999732971191,8.550000190734863
2022-07-14,15.18000030517578,99.0999984741211,79.80750274658203,402.2,269.08655771317,108.57,15.899999618530272,102.7699966430664,16.899999618530273,113.12000274658205,22.0,117.61000061035156,14.955714225769043,17.717333380381266,0.844128484992269,1.0397753817525393,10.829999923706056,7.96999979019165
2022-07-15,15.989999771118164,101.16000366210938,79.87830352783203,402.2,269.08655771317,108.57,14.949999809265137,100.69000244140624,16.3700008392334,115.08999633789062,22.010000228881836,119.72000122070312,15.104285648890905,17.51666669845581,0.8622803234258716,1.0284688375656996,10.81999969482422,7.920000076293945
2022-07-18,15.279999732971191,106.2699966430664,79.72049713134766,402.2,269.08655771317,108.57,15.90999984741211,104.6500015258789,16.030000686645508,117.9800033569336,21.459999084472656,119.51000213623048,15.014285632542201,17.31066672007243,0.8673425005466442,1.0332059919142318,11.100000381469728,7.860000133514404
2022-07-19,14.8100004196167,107.3499984741211,80.0302963256836,402.2,269.08655771317,108.57,15.289999961853027,107.0199966430664,16.729999542236328,116.26000213623048,20.350000381469727,120.56999969482422,14.945714269365583,17.126000054677327,0.8726909666436709,1.0150766365127921,11.229999542236328,7.199999809265137
2022-07-20,14.539999961853027,106.91999816894533,79.85590362548828,402.2,269.08655771317,108.57,15.020000457763672,107.0999984741211,17.170000076293945,114.80999755859376,19.239999771118164,123.58000183105467,14.877142769949776,16.96933339436849,0.8767070371672107,0.9377485443450242,11.5600004196167,7.840000152587891
2022-07-21,14.649999618530272,103.86000061035156,80.00340270996094,402.2,269.08655771317,108.57,13.859999656677246,99.48999786376952,17.110000610351562,111.62999725341795,19.36000061035156,123.06999969482422,14.989999907357353,16.81233336130778,0.8916068144227652,0.8123204436335048,11.579999923706056,8.729999542236328
2022-07-22,14.600000381469728,103.1999969482422,79.7759017944336,402.2,269.08655771317,108.57,14.479999542236328,99.56999969482422,17.110000610351562,111.62999725341795,19.850000381469727,122.01000213623048,15.007142884390694,16.63733336130778,0.9020155777569441,0.6140086086125529,10.890000343322754,8.779999732971191
2022-07-25,13.279999732971191,105.1500015258789,79.87680053710938,402.2,269.08655771317,108.57,15.18000030517578,99.0999984741211,15.899999618530272,102.7699966430664,19.13999938964844,122.2699966430664,14.73571423121861,16.442000039418538,0.8962234055258934,0.7195802125374449,10.539999961853027,8.779999732971191
2022-07-26,13.470000267028809,104.4000015258789,79.72250366210938,402.2,269.08655771317,108.57,15.989999771118164,101.16000366210938,14.949999809265137,100.69000244140624,19.8799991607666,121.16999816894533,14.375714302062988,16.22833340962728,0.8858399122571414,0.8065405824555683,9.890000343322754,7.989999771118164
2022-07-27,13.3100004196167,106.62000274658205,79.84120178222656,402.2,269.08655771317,108.57,15.279999732971191,106.2699966430664,15.90999984741211,104.6500015258789,19.549999237060547,118.51000213623048,14.094285828726631,16.02033344904582,0.8797742616164759,0.8156989614401728,9.989999771118164,8.25
2022-07-28,12.789999961853027,107.13999938964844,79.84739685058594,402.2,269.08655771317,108.57,14.8100004196167,107.3499984741211,15.289999961853027,107.0199966430664,19.690000534057617,119.80999755859376,13.805714334760394,15.79033342997233,0.8743137472586678,0.9103990087406818,9.770000457763672,8.779999732971191
2022-07-29,12.420000076293944,110.01000213623048,79.57150268554688,402.2,269.08655771317,108.57,14.539999961853027,106.91999816894533,15.020000457763672,107.0999984741211,20.15999984741211,113.12000274658205,13.502857208251953,15.532333437601725,0.8693380533656848,1.026629991559782,9.420000076293944,8.630000114440918
2022-08-01,12.649999618530272,100.02999877929688,79.1948013305664,406.97,274.61946388546,108.85,14.649999618530272,103.86000061035156,13.859999656677246,99.48999786376952,20.15999984741211,113.12000274658205,13.217142922537667,15.282000096638997,0.8648824885572179,1.104526392007904,9.3100004196167,9.550000190734863
2022-08-02,11.779999732971191,100.54000091552734,78.95570373535156,406.97,274.61946388546,108.85,14.600000381469728,103.1999969482422,14.479999542236328,99.56999969482422,18.290000915527344,114.6500015258789,12.814285687037877,15.065000057220459,0.8505992122385714,1.2587018395788478,9.210000038146973,9.75
2022-08-03,10.829999923706056,96.77999877929688,78.60449981689453,406.97,274.61946388546,108.85,13.279999732971191,105.1500015258789,15.18000030517578,99.0999984741211,16.790000915527344,111.73999786376952,12.464285714285714,14.866333357493083,0.8384231020739434,1.4444695798815106,8.699999809265137,9.390000343322754
2022-08-04,10.81999969482422,94.12000274658205,79.11830139160156,406.97,274.61946388546,108.85,13.470000267028809,104.4000015258789,15.989999771118164,101.16000366210938,17.579999923706055,110.0500030517578,12.085714203970772,14.641000016530354,0.8254699771617847,1.4473183713210598,8.550000190734863,9.140000343322754
2022-08-05,11.100000381469728,94.91999816894533,79.15489959716797,406.97,274.61946388546,108.85,13.3100004196167,106.62000274658205,15.279999732971191,106.2699966430664,16.899999618530273,113.12000274658205,11.76999991280692,14.447666708628336,0.8146638487403117,1.4229935543233356,7.96999979019165,9.06999969482422
2022-08-08,11.229999542236328,96.6500015258789,79.41059875488281,406.97,274.61946388546,108.85,12.789999961853027,107.13999938964844,14.8100004196167,107.3499984741211,16.3700008392334,115.08999633789062,11.547142710004534,14.276333332061768,0.8088305556558028,1.38061646957796,7.920000076293945,9.18000030517578
2022-08-09,11.5600004196167,96.30999755859376,79.60189819335938,406.97,274.61946388546,108.85,12.420000076293944,110.01000213623048,14.539999961853027,106.91999816894533,16.030000686645508,117.9800033569336,11.4242856161935,14.127333323160807,0.8086648250038753,1.2984761179850028,7.860000133514404,10.25
2022-08-10,11.579999923706056,97.4000015258789,79.57839965820312,406.97,274.61946388546,108.85,12.649999618530272,100.02999877929688,14.649999618530272,103.86000061035156,16.729999542236328,116.26000213623048,11.271428516932897,13.955666669209798,0.8076590468594678,1.1517727554204034,7.199999809265137,10.050000190734863
2022-08-11,10.890000343322754,99.5999984741211,79.0978012084961,406.97,274.61946388546,108.85,11.779999732971191,100.54000091552734,14.600000381469728,103.1999969482422,17.170000076293945,114.80999755859376,11.144285746983119,13.746333344777424,0.8107091076855074,0.9824260995777432,7.840000152587891,9.9399995803833
2022-08-12,10.539999961853027,98.1500015258789,79.61399841308594,406.97,274.61946388546,108.85,10.829999923706056,96.77999877929688,13.279999732971191,105.1500015258789,17.110000610351562,111.62999725341795,11.102857181004115,13.527333323160807,0.8207714490393976,0.9762771916877644,8.729999542236328,10.270000457763672
2022-08-15,9.890000343322754,95.0999984741211,79.62760162353516,406.97,274.61946388546,108.85,10.81999969482422,94.12000274658205,13.470000267028809,104.4000015258789,17.110000610351562,111.62999725341795,10.97000013078962,13.286666647593181,0.8256391287114513,0.9694024835141513,8.779999732971191,10.050000190734863
2022-08-16,9.989999771118164,92.33999633789062,79.55290222167969,406.97,274.61946388546,108.85,11.100000381469728,94.91999816894533,13.3100004196167,106.62000274658205,15.899999618530272,102.7699966430664,10.811428615025111,13.089666652679444,0.8259507779981733,0.9037652640278182,8.779999732971191,10.390000343322754
2022-08-17,9.770000457763672,93.6500015258789,79.14600372314453,406.97,274.61946388546,108.85,11.229999542236328,96.6500015258789,12.789999961853027,107.13999938964844,14.949999809265137,100.69000244140624,10.602857317243304,12.917000007629394,0.820844553885207,0.8784403762131574,7.989999771118164,9.579999923706056
2022-08-18,9.420000076293944,96.58999633789062,79.35970306396484,406.97,274.61946388546,108.85,11.5600004196167,96.30999755859376,12.420000076293944,110.01000213623048,15.90999984741211,104.6500015258789,10.29714298248291,12.700666681925457,0.8107554613319892,0.8909238899731163,8.25,8.960000038146973
2022-08-19,9.3100004196167,96.72000122070312,79.7667007446289,406.97,274.61946388546,108.85,11.579999923706056,97.4000015258789,12.649999618530272,100.02999877929688,15.289999961853027,107.0199966430664,9.972857339041573,12.501333363850911,0.7977428544102909,0.8192413612845607,8.779999732971191,9.039999961853027
2022-08-22,9.210000038146973,96.4800033569336,79.91790008544922,406.97,274.61946388546,108.85,10.890000343322754,99.5999984741211,11.779999732971191,100.54000091552734,15.020000457763672,107.0999984741211,9.732857295445033,12.307666683197022,0.7907956591622817,0.8277295175824958,8.630000114440918,9.140000343322754
2022-08-23,8.699999809265137,100.22000122070312,79.88379669189453,406.97,274.61946388546,108.85,10.539999961853027,98.1500015258789,10.829999923706056,96.77999877929688,13.859999656677246,99.48999786376952,9.47000013078962,12.135666688283285,0.7803438056266517,0.9385799866894042,9.550000190734863,10.350000381469728
2022-08-24,8.550000190734863,101.22000122070312,79.85449981689453,406.97,274.61946388546,108.85,9.890000343322754,95.0999984741211,10.81999969482422,94.12000274658205,14.479999542236328,99.56999969482422,9.27857153756278,11.938000043233236,0.7772293291730062,1.0308526241203693,9.75,10.100000381469728
2022-08-25,7.96999979019165,99.33999633789062,79.79679870605469,406.97,274.61946388546,108.85,9.989999771118164,92.33999633789062,11.100000381469728,94.91999816894533,15.18000030517578,99.0999984741211,8.990000111716133,11.697666692733765,0.7685286871794331,1.1369220719596904,9.390000343322754,9.6899995803833
2022-08-26,7.920000076293945,100.98999786376952,79.88289642333984,406.97,274.61946388546,108.85,9.770000457763672,93.6500015258789,11.229999542236328,96.6500015258789,15.989999771118164,101.16000366210938,8.725714342934745,11.428666702906291,0.7634929720879945,1.1824793070754391,9.140000343322754,9.699999809265137
2022-08-29,7.860000133514404,105.08999633789062,79.95909881591797,406.97,274.61946388546,108.85,9.420000076293944,96.58999633789062,11.5600004196167,96.30999755859376,15.279999732971191,106.2699966430664,8.502857208251953,11.181333382924398,0.7604504143247315,1.1388658605227346,9.06999969482422,9.199999809265137
2022-08-30,7.199999809265137,99.30999755859376,79.96790313720703,406.97,274.61946388546,108.85,9.3100004196167,96.72000122070312,11.579999923706056,97.4000015258789,14.8100004196167,107.3499984741211,8.201428549630302,10.927666695912679,0.7505189600546943,1.0946895758583157,9.18000030517578,9.34000015258789
2022-08-31,7.840000152587891,96.48999786376952,79.68229675292969,406.97,274.61946388546,108.85,9.210000038146973,96.4800033569336,10.890000343322754,99.5999984741211,14.539999961853027,106.91999816894533,8.005714280264717,10.704333368937174,0.747894009407099,1.0083915009907527,10.25,9.09000015258789
2022-09-01,8.729999542236328,92.36000061035156,79.54879760742188,430.81,234.98445322437,99.81,8.699999809265137,100.22000122070312,10.539999961853027,98.1500015258789,14.649999618530272,103.86000061035156,8.00999995640346,10.50700003306071,0.7623481781400883,0.8863582365793781,10.050000190734863,8.6899995803833
2022-09-02,8.779999732971191,93.0199966430664,79.716796875,430.81,234.98445322437,99.81,8.550000190734863,101.22000122070312,9.890000343322754,95.0999984741211,14.600000381469728,103.1999969482422,8.042857033865792,10.313000011444093,0.7798748401233813,0.8229540622900345,9.9399995803833,9.210000038146973
2022-09-05,8.779999732971191,93.0199966430664,79.72450256347656,430.81,234.98445322437,99.81,7.96999979019165,99.33999633789062,9.989999771118164,92.33999633789062,13.279999732971191,105.1500015258789,8.158571311405726,10.163000011444092,0.8027711575821277,0.7310132373059685,10.270000457763672,8.829999923706055
2022-09-06,7.989999771118164,92.83000183105467,79.78299713134766,430.81,234.98445322437,99.81,7.920000076293945,100.98999786376952,9.770000457763672,93.6500015258789,13.470000267028809,104.4000015258789,8.168571267809186,9.98033332824707,0.8184659584495376,0.6582194184142875,10.050000190734863,9.1899995803833
2022-09-07,8.25,88.0,79.89510345458984,430.81,234.98445322437,99.81,7.860000133514404,105.08999633789062,9.420000076293944,96.58999633789062,13.3100004196167,106.62000274658205,8.224285534449987,9.81166664759318,0.8382140820414641,0.596587853357171,10.390000343322754,8.949999809265137
2022-09-08,8.779999732971191,89.1500015258789,79.6498031616211,430.81,234.98445322437,99.81,7.199999809265137,99.30999755859376,9.3100004196167,96.72000122070312,12.789999961853027,107.13999938964844,8.449999809265137,9.67799997329712,0.8731133603478173,0.5466360177915136,9.579999923706056,8.710000038146973
2022-09-09,8.630000114440918,92.83999633789062,79.706298828125,430.81,234.98445322437,99.81,7.840000152587891,96.48999786376952,9.210000038146973,96.4800033569336,12.420000076293944,110.01000213623048,8.562856946672712,9.551666641235352,0.896476845720067,0.49389675443532693,8.960000038146973,8.8100004196167
2022-09-12,9.550000190734863,94.0,79.65579986572266,430.81,234.98445322437,99.81,8.729999542236328,92.36000061035156,8.699999809265137,100.22000122070312,12.649999618530272,100.02999877929688,8.679999896458217,9.448333326975504,0.9186795606459782,0.5915267054171391,9.039999961853027,8.479999542236328
2022-09-13,9.75,93.16999816894533,79.35530090332031,430.81,234.98445322437,99.81,8.779999732971191,93.0199966430664,8.550000190734863,101.22000122070312,11.779999732971191,100.54000091552734,8.818571363176618,9.380666669209798,0.9400783839103869,0.7004335443185413,9.140000343322754,8.350000381469727
2022-09-14,9.390000343322754,94.0999984741211,79.60240173339844,430.81,234.98445322437,99.81,8.779999732971191,93.0199966430664,7.96999979019165,99.33999633789062,10.829999923706056,96.77999877929688,8.905714307512556,9.332666683197022,0.9542508124755689,0.7307444259118772,10.350000381469728,8.09000015258789
2022-09-15,9.140000343322754,90.83999633789062,79.45369720458984,430.81,234.98445322437,99.81,7.989999771118164,92.83000183105467,7.920000076293945,100.98999786376952,10.81999969482422,94.12000274658205,9.070000103541783,9.276666704813639,0.977720836044161,0.7248498057407192,10.100000381469728,7.75
2022-09-16,9.06999969482422,91.3499984741211,79.8490982055664,430.81,234.98445322437,99.81,8.25,88.0,7.860000133514404,105.08999633789062,11.100000381469728,94.91999816894533,9.1871429170881,9.20900001525879,0.9976254670008549,0.6990292281880311,9.6899995803833,7.710000038146973
2022-09-19,9.18000030517578,92.0,79.68949890136719,430.81,234.98445322437,99.81,8.779999732971191,89.1500015258789,7.199999809265137,99.30999755859376,11.229999542236328,96.6500015258789,9.24428585597447,9.14066670735677,1.0113349538480352,0.5567824373850436,9.699999809265137,7.099999904632568
2022-09-20,10.25,90.62000274658205,79.7074966430664,430.81,234.98445322437,99.81,8.630000114440918,92.83999633789062,7.840000152587891,96.48999786376952,11.5600004196167,96.30999755859376,9.475714411054339,9.097000026702881,1.041629544569021,0.5928350720506521,9.199999809265137,7.409999847412109
2022-09-21,10.050000190734863,89.83000183105469,79.76270294189453,430.81,234.98445322437,99.81,9.550000190734863,94.0,8.729999542236328,92.36000061035156,11.579999923706056,97.4000015258789,9.54714298248291,9.046000035603841,1.0553982302591618,0.6458818161412383,9.34000015258789,7.670000076293945
2022-09-22,9.9399995803833,90.45999908447266,80.05069732666016,430.81,234.98445322437,99.81,9.75,93.16999816894533,8.779999732971191,93.0199966430664,10.890000343322754,99.5999984741211,9.574285779680524,9.014333343505859,1.0621168303488309,0.6736080973026403,9.09000015258789,7.369999885559082
2022-09-23,10.270000457763672,86.1500015258789,81.06220245361328,430.81,234.98445322437,99.81,9.390000343322754,94.0999984741211,8.779999732971191,93.0199966430664,10.539999961853027,98.1500015258789,9.700000081743513,9.005333360036214,1.077138282676709,0.7189354943620011,8.6899995803833,7.71999979019165
2022-09-26,10.050000190734863,84.05999755859375,81.25479888916016,430.81,234.98445322437,99.81,9.140000343322754,90.83999633789062,7.989999771118164,92.83000183105467,9.890000343322754,95.0999984741211,9.830000059945244,9.010666688283285,1.0909280623426802,0.6355373752043156,9.210000038146973,7.570000171661377
2022-09-27,10.390000343322754,86.2699966430664,81.61579895019531,430.81,234.98445322437,99.81,9.06999969482422,91.3499984741211,8.25,88.0,9.989999771118164,92.33999633789062,10.01857158115932,9.024000040690105,1.1102128140355167,0.5796077402713526,8.829999923706055,7.699999809265137
2022-09-28,9.579999923706056,89.31999969482422,81.72460174560547,430.81,234.98445322437,99.81,9.18000030517578,92.0,8.779999732971191,89.1500015258789,9.770000457763672,93.6500015258789,10.0757143838065,9.01766668955485,1.1173293000709565,0.5295135925832833,9.1899995803833,7.900000095367432
2022-09-29,8.960000038146973,88.48999786376953,81.42870330810547,430.81,234.98445322437,99.81,10.25,90.62000274658205,8.630000114440918,92.83999633789062,9.420000076293944,96.58999633789062,9.891428674970355,9.00233335494995,1.0987615429633153,0.4856654369861901,8.949999809265137,7.889999866485596
2022-09-30,9.039999961853027,87.95999908447266,81.48059844970703,430.81,234.98445322437,99.81,10.050000190734863,89.83000183105469,9.550000190734863,94.0,9.3100004196167,96.72000122070312,9.747142927987236,8.993333339691162,1.083817503660653,0.514713243743268,8.710000038146973,8.199999809265137
2022-10-03,9.140000343322754,88.86000061035156,81.52130126953125,389.79,191.21987979184,92.56,9.9399995803833,90.45999908447266,9.75,93.16999816894533,9.210000038146973,96.4800033569336,9.632857322692871,8.991000016530355,1.071387675576209,0.5309006801472396,8.8100004196167,8.199999809265137
2022-10-04,10.350000381469728,91.8000030517578,81.49500274658203,389.79,191.21987979184,92.56,10.270000457763672,86.1500015258789,9.390000343322754,94.0999984741211,8.699999809265137,100.22000122070312,9.644285883222308,9.046000035603841,1.066136986943828,0.5622644244850364,8.479999542236328,7.710000038146973
2022-10-05,10.100000381469728,93.37000274658205,81.46549987792969,389.79,191.21987979184,92.56,10.050000190734863,84.05999755859375,9.140000343322754,90.83999633789062,8.550000190734863,101.22000122070312,9.651428767613002,9.097666708628337,1.0608674144751133,0.5507962256402787,8.350000381469727,7.349999904632568
2022-10-06,9.6899995803833,94.41999816894533,81.6488037109375,389.79,191.21987979184,92.56,10.390000343322754,86.2699966430664,9.06999969482422,91.3499984741211,7.96999979019165,99.33999633789062,9.551428658621651,9.155000034968058,1.0433007306534292,0.5165827728534953,8.09000015258789,7.190000057220459
2022-10-07,9.699999809265137,97.91999816894533,82.3489990234375,389.79,191.21987979184,92.56,9.579999923706056,89.31999969482422,9.18000030517578,92.0,7.920000076293945,100.98999786376952,9.568571499415807,9.214333359400431,1.038443123530229,0.48761877636620327,7.75,7.090000152587891
2022-10-10,9.199999809265137,96.19000244140624,82.8322982788086,389.79,191.21987979184,92.56,8.960000038146973,88.48999786376953,10.25,90.62000274658205,7.860000133514404,105.08999633789062,9.602857181004115,9.259000015258788,1.0371364935537026,0.4973999559204325,7.710000038146973,7.369999885559082
2022-10-11,9.34000015258789,94.29000091552734,82.42070007324219,389.79,191.21987979184,92.56,9.039999961853027,87.95999908447266,10.050000190734863,89.83000183105469,7.199999809265137,99.30999755859376,9.645714351109095,9.330333360036214,1.0338005772031587,0.5003324188192736,7.099999904632568,7.070000171661377
2022-10-12,9.09000015258789,92.4499969482422,82.2739028930664,389.79,191.21987979184,92.56,9.140000343322754,88.86000061035156,9.9399995803833,90.45999908447266,7.840000152587891,96.48999786376952,9.638571466718401,9.372000026702882,1.0284422913821079,0.5196999514795969,7.409999847412109,7.380000114440918
2022-10-13,8.6899995803833,94.56999969482422,82.19999694824219,389.79,191.21987979184,92.56,10.350000381469728,91.8000030517578,10.270000457763672,86.1500015258789,8.729999542236328,92.36000061035156,9.401428495134626,9.370666694641113,1.0032817054195349,0.5424224674032867,7.670000076293945,7.380000114440918
2022-10-14,9.210000038146973,91.62999725341795,82.19210052490234,389.79,191.21987979184,92.56,10.100000381469728,93.37000274658205,10.050000190734863,84.05999755859375,8.779999732971191,93.0199966430664,9.274285588945661,9.385000038146973,0.988201989262531,0.5258317634890118,7.369999885559082,7.820000171661377
2022-10-17,8.829999923706055,91.62000274658205,82.41280364990234,389.79,191.21987979184,92.56,9.6899995803833,94.41999816894533,10.390000343322754,86.2699966430664,8.779999732971191,93.0199966430664,9.151428495134626,9.386666711171468,0.9749380719848524,0.4772979038018953,7.71999979019165,7.659999847412109
2022-10-18,9.1899995803833,90.02999877929688,82.1947021484375,389.79,191.21987979184,92.56,9.699999809265137,97.91999816894533,9.579999923706056,89.31999969482422,7.989999771118164,92.83000183105467,9.078571319580078,9.42666670481364,0.9630723110451211,0.4743029632348979,7.570000171661377,7.539999961853027
2022-10-19,8.949999809265137,92.41000366210938,82.2863998413086,389.79,191.21987979184,92.56,9.199999809265137,96.19000244140624,8.960000038146973,88.48999786376953,8.25,88.0,9.042857033865792,9.450000031789143,0.9569150724122283,0.47489977625929086,7.699999809265137,7.860000133514404
2022-10-20,8.710000038146973,92.37999725341795,82.99700164794922,389.79,191.21987979184,92.56,9.34000015258789,94.29000091552734,9.039999961853027,87.95999908447266,8.779999732971191,89.1500015258789,8.95285701751709,9.447666708628336,0.9476252515436584,0.4976633417298443,7.900000095367432,7.710000038146973
2022-10-21,8.8100004196167,93.5,82.82569885253906,389.79,191.21987979184,92.56,9.09000015258789,92.4499969482422,9.140000343322754,88.86000061035156,8.630000114440918,92.83999633789062,8.912857055664062,9.453666718800863,0.9427926637197935,0.5133557849083364,7.889999866485596,7.699999809265137
2022-10-24,8.479999542236328,93.26000213623048,82.54129791259766,389.79,191.21987979184,92.56,8.6899995803833,94.56999969482422,10.350000381469728,91.8000030517578,9.550000190734863,94.0,8.882857050214495,9.418000030517579,0.9431777011737082,0.45193911730878666,8.199999809265137,7.96999979019165
2022-10-25,8.350000381469727,93.5199966430664,82.7614974975586,389.79,191.21987979184,92.56,9.210000038146973,91.62999725341795,10.100000381469728,93.37000274658205,9.75,93.16999816894533,8.75999995640346,9.37133337656657,0.9347645907744883,0.40634249706915393,8.199999809265137,8.4399995803833
2022-10-26,8.09000015258789,95.69000244140624,82.44529724121094,389.79,191.21987979184,92.56,8.829999923706055,91.62000274658205,9.6899995803833,94.41999816894533,9.390000343322754,94.0999984741211,8.654285703386579,9.328000036875407,0.9277740556854606,0.4270187409192128,7.710000038146973,8.399999618530273
2022-10-27,7.75,96.95999908447266,82.04959869384766,389.79,191.21987979184,92.56,9.1899995803833,90.02999877929688,9.699999809265137,97.91999816894533,9.140000343322754,90.83999633789062,8.448571477617536,9.281666692097982,0.910241948505951,0.4634752476777679,7.349999904632568,9.010000228881836
2022-10-28,7.710000038146973,95.7699966430664,82.44249725341797,389.79,191.21987979184,92.56,8.949999809265137,92.41000366210938,9.199999809265137,96.19000244140624,9.06999969482422,91.3499984741211,8.271428653172084,9.23633337020874,0.8955306577114782,0.5228240841774559,7.190000057220459,9.1899995803833
2022-10-31,7.099999904632568,94.83000183105467,82.23919677734375,389.79,191.21987979184,92.56,8.710000038146973,92.37999725341795,9.34000015258789,94.29000091552734,9.18000030517578,92.0,8.041428634098597,9.167000023523967,0.8772139021843597,0.6296204746437043,7.090000152587891,8.739999771118164
2022-11-01,7.409999847412109,94.6500015258789,82.72899627685547,342.16,169.09656696557,93.34,8.8100004196167,93.5,9.09000015258789,92.4499969482422,10.25,90.62000274658205,7.841428552355085,9.072333351771038,0.8643222867909136,0.6669266606833817,7.369999885559082,9.289999961853027
2022-11-02,7.670000076293945,96.16000366210938,82.68450164794922,342.16,169.09656696557,93.34,8.479999542236328,93.26000213623048,8.6899995803833,94.56999969482422,10.050000190734863,89.83000183105469,7.725714342934745,8.993000014623005,0.8590799221142215,0.6855734534443503,7.070000171661377,9.81999969482422
2022-11-03,7.369999885559082,94.66999816894533,82.88839721679688,342.16,169.09656696557,93.34,8.350000381469727,93.5199966430664,9.210000038146973,91.62999725341795,9.9399995803833,90.45999908447266,7.5857142720903665,8.907333358128865,0.8516247737511572,0.6748723741155659,7.380000114440918,9.760000228881836
2022-11-04,7.71999979019165,98.56999969482422,82.68180084228516,342.16,169.09656696557,93.34,8.09000015258789,95.69000244140624,8.829999923706055,91.62000274658205,10.270000457763672,86.1500015258789,7.5328570774623325,8.822333335876465,0.8538385767452081,0.6566887389000046,7.380000114440918,9.029999732971191
2022-11-07,7.570000171661377,97.91999816894533,81.9749984741211,342.16,169.09656696557,93.34,7.75,96.95999908447266,9.1899995803833,90.02999877929688,10.050000190734863,84.05999755859375,7.5071428162711005,8.739666668574015,0.858972602872731,0.5877359648383027,7.820000171661377,8.850000381469727
2022-11-08,7.699999809265137,95.36000061035156,81.82599639892578,342.16,169.09656696557,93.34,7.710000038146973,95.7699966430664,8.949999809265137,92.41000366210938,10.390000343322754,86.2699966430664,7.505714212145124,8.649999984105428,0.8677116241411316,0.519702025430721,7.659999847412109,9.979999542236328
2022-11-09,7.900000095367432,92.6500015258789,81.40519714355469,342.16,169.09656696557,93.34,7.099999904632568,94.83000183105467,8.710000038146973,92.37999725341795,9.579999923706056,89.31999969482422,7.619999953678676,8.593999989827473,0.8866640791316616,0.463240585391661,7.539999961853027,9.979999542236328
2022-11-10,7.889999866485596,93.66999816894533,81.34380340576172,342.16,169.09656696557,93.34,7.409999847412109,94.6500015258789,8.8100004196167,93.5,8.960000038146973,88.48999786376953,7.688571384974888,8.55833331743876,0.8983714604330494,0.3693809964420221,7.860000133514404,9.739999771118164
2022-11-11,8.199999809265137,95.98999786376952,80.48290252685547,342.16,169.09656696557,93.34,7.670000076293945,96.16000366210938,8.479999542236328,93.26000213623048,9.039999961853027,87.95999908447266,7.764285632542202,8.530333312352498,0.9101961489989513,0.3335301449550591,7.710000038146973,9.460000038146973
2022-11-14,8.199999809265137,93.13999938964844,80.49700164794922,342.16,169.09656696557,93.34,7.369999885559082,94.66999816894533,8.350000381469727,93.5199966430664,9.140000343322754,88.86000061035156,7.882857050214495,8.498999961217244,0.9275029781334082,0.31446448433124513,7.699999809265137,9.460000038146973
2022-11-15,7.710000038146973,93.86000061035156,80.99199676513672,342.16,169.09656696557,93.34,7.71999979019165,98.56999969482422,8.09000015258789,95.69000244140624,10.350000381469728,91.8000030517578,7.881428514208112,8.410999949773153,0.9370371169779292,0.29733244213727916,7.96999979019165,9.5
2022-11-16,7.349999904632568,92.86000061035156,81.07140350341797,342.16,169.09656696557,93.34,7.570000171661377,97.91999816894533,7.75,96.95999908447266,10.100000381469728,93.37000274658205,7.849999904632568,8.319333267211913,0.9435840850047486,0.311765602635257,8.4399995803833,9.449999809265137
2022-11-17,7.190000057220459,89.77999877929688,81.49530029296875,342.16,169.09656696557,93.34,7.699999809265137,95.36000061035156,7.710000038146973,95.7699966430664,9.6899995803833,94.41999816894533,7.777142797197614,8.235999949773152,0.9442852600502047,0.33763557448903586,8.399999618530273,9.399999618530272
2022-11-18,7.090000152587891,87.62000274658203,81.52490234375,342.16,169.09656696557,93.34,7.900000095367432,92.6500015258789,7.099999904632568,94.83000183105467,9.699999809265137,97.91999816894533,7.66142851965768,8.148999961217244,0.9401667878822015,0.3388773673271609,9.010000228881836,9.1899995803833
2022-11-21,7.369999885559082,87.44999694824219,81.5198974609375,342.16,169.09656696557,93.34,7.889999866485596,93.66999816894533,7.409999847412109,94.6500015258789,9.199999809265137,96.19000244140624,7.58714280809675,8.087999963760376,0.9380728809796425,0.34113330984505597,9.1899995803833,9.1899995803833
2022-11-22,7.070000171661377,88.36000061035156,81.72769927978516,342.16,169.09656696557,93.34,8.199999809265137,95.98999786376952,7.670000076293945,96.16000366210938,9.34000015258789,94.29000091552734,7.425714288439069,8.012333297729493,0.9267843391761983,0.3729868212310159,8.739999771118164,8.819999694824219
2022-11-23,7.380000114440918,85.41000366210938,81.71499633789062,342.16,169.09656696557,93.34,8.199999809265137,93.13999938964844,7.369999885559082,94.66999816894533,9.09000015258789,92.4499969482422,7.308571474892752,7.955333296457926,0.9186996968624667,0.3725320793057556,9.289999961853027,9.25
2022-11-24,7.380000114440918,85.41000366210938,81.63289642333984,342.16,169.09656696557,93.34,7.710000038146973,93.86000061035156,7.71999979019165,98.56999969482422,8.6899995803833,94.56999969482422,7.26142862864903,7.91166664759318,0.9178116032911984,0.37488157367588265,9.81999969482422,9.510000228881836
2022-11-25,7.820000171661377,83.62999725341797,81.65540313720703,342.16,169.09656696557,93.34,7.349999904632568,92.86000061035156,7.570000171661377,97.91999816894533,9.210000038146973,91.62999725341795,7.3285715239388605,7.865333318710327,0.931754816920124,0.3807171411210755,9.760000228881836,10.039999961853027
2022-11-28,7.659999847412109,83.19000244140625,81.6697006225586,342.16,169.09656696557,93.34,7.190000057220459,89.77999877929688,7.699999809265137,95.36000061035156,8.829999923706055,91.62000274658205,7.395714351109096,7.8263333161671955,0.9449769901904851,0.3799717228714497,9.029999732971191,9.739999771118164
2022-11-29,7.539999961853027,83.02999877929688,81.65029907226562,342.16,169.09656696557,93.34,7.090000152587891,87.62000274658203,7.900000095367432,92.6500015258789,9.1899995803833,90.02999877929688,7.460000038146973,7.771333328882853,0.9599370047674066,0.36914579147881244,8.850000381469727,9.119999885559082
2022-11-30,7.860000133514404,85.43000030517578,81.63089752197266,342.16,169.09656696557,93.34,7.369999885559082,87.44999694824219,7.889999866485596,93.66999816894533,8.949999809265137,92.41000366210938,7.530000073569162,7.735000006357828,0.9734958412955953,0.36716908070928206,9.979999542236328,8.979999542236328
2022-12-01,7.710000038146973,86.87999725341797,81.3052978515625,379.23,215.0,111.84,7.070000171661377,88.36000061035156,8.199999809265137,95.98999786376952,8.710000038146973,92.37999725341795,7.6214286259242465,7.701666673024495,0.989580444556791,0.32188400013435353,9.979999542236328,9.09000015258789
2022-12-02,7.699999809265137,85.56999969482422,81.16220092773438,379.23,215.0,111.84,7.380000114440918,85.41000366210938,8.199999809265137,93.13999938964844,8.8100004196167,93.5,7.667142868041992,7.664666652679443,1.0003217637839539,0.26350237615507943,9.739999771118164,9.359999656677246
2022-12-05,7.96999979019165,82.68000030517578,81.42250061035156,379.23,215.0,111.84,7.380000114440918,85.41000366210938,7.710000038146973,93.86000061035156,8.479999542236328,93.26000213623048,7.751428536006382,7.647666660944621,1.0135664568027052,0.28835355148026726,9.460000038146973,9.359999656677246
2022-12-06,8.4399995803833,79.3499984741211,81.89900207519531,379.23,215.0,111.84,7.820000171661377,83.62999725341797,7.349999904632568,92.86000061035156,8.350000381469727,93.5199966430664,7.839999880109515,7.65066663424174,1.0247459479623582,0.37653702039339343,9.460000038146973,9.40999984741211
2022-12-07,8.399999618530273,77.16999816894531,82.37220001220703,379.23,215.0,111.84,7.659999847412109,83.19000244140625,7.190000057220459,89.77999877929688,8.09000015258789,95.69000244140624,7.945714133126395,7.660999949773153,1.0371627481519812,0.41588563412525414,9.5,8.9399995803833
2022-12-08,9.010000228881836,76.1500015258789,82.25350189208984,379.23,215.0,111.84,7.539999961853027,83.02999877929688,7.090000152587891,87.62000274658203,7.75,96.95999908447266,8.155714171273369,7.702999957402548,1.0587697817313315,0.5145300307193136,9.449999809265137,8.774999618530273
2022-12-09,9.1899995803833,76.0999984741211,82.2791976928711,379.23,215.0,111.84,7.860000133514404,85.43000030517578,7.369999885559082,87.44999694824219,7.710000038146973,95.7699966430664,8.345714092254639,7.752333275477091,1.076540833615373,0.6154194280012995,9.399999618530272,8.949999809265137
2022-12-12,8.739999771118164,77.98999786376953,82.41300201416016,379.23,215.0,111.84,7.710000038146973,86.87999725341797,7.070000171661377,88.36000061035156,7.099999904632568,94.83000183105467,8.492856911250524,7.806999937693278,1.0878501473715163,0.5957983762751305,9.1899995803833,8.640000343322754
2022-12-13,9.289999961853027,80.68000030517578,82.64469909667969,379.23,215.0,111.84,7.699999809265137,85.56999969482422,7.380000114440918,85.41000366210938,7.409999847412109,94.6500015258789,8.71999979019165,7.869666608174642,1.1080505876358038,0.6454289165630775,9.1899995803833,8.4399995803833
2022-12-14,9.81999969482422,82.69999694824219,82.40249633789062,379.23,215.0,111.84,7.96999979019165,82.68000030517578,7.380000114440918,85.41000366210938,7.670000076293945,96.16000366210938,8.984285490853447,7.941333262125651,1.1313307074512018,0.7324161507904227,8.819999694824219,8.449999809265137
2022-12-15,9.760000228881836,81.20999908447266,82.50800323486328,379.23,215.0,111.84,8.4399995803833,79.3499984741211,7.820000171661377,83.62999725341797,7.369999885559082,94.66999816894533,9.172857012067523,8.02099994023641,1.143603745714491,0.8010916330555888,9.25,8.119999885559082
2022-12-16,9.029999732971191,79.04000091552734,82.85790252685547,379.23,215.0,111.84,8.399999618530273,77.16999816894531,7.659999847412109,83.19000244140625,7.71999979019165,98.56999969482422,9.262857028416224,8.064666604995727,1.1485714160786404,0.7729236560790381,9.510000228881836,8.270000457763672
2022-12-19,8.850000381469727,79.80000305175781,82.72599792480469,379.23,215.0,111.84,9.010000228881836,76.1500015258789,7.539999961853027,83.02999877929688,7.570000171661377,97.91999816894533,9.239999907357353,8.107333278656006,1.1397074960034397,0.7109817670676664,10.039999961853027,8.0
2022-12-20,9.979999542236328,79.98999786376953,82.58190155029297,379.23,215.0,111.84,9.1899995803833,76.0999984741211,7.860000133514404,85.43000030517578,7.699999809265137,95.36000061035156,9.352857044764928,8.183333269755046,1.1429139333959395,0.7438099819989492,9.739999771118164,7.800000190734863
2022-12-21,9.979999542236328,82.19999694824219,82.63690185546875,379.23,215.0,111.84,8.739999771118164,77.98999786376953,7.710000038146973,86.87999725341797,7.900000095367432,92.6500015258789,9.52999986921038,8.252666584650676,1.154776849844743,0.7234942563678849,9.119999885559082,7.53000020980835
2022-12-22,9.739999771118164,80.9800033569336,82.87860107421875,379.23,215.0,111.84,9.289999961853027,80.68000030517578,7.699999809265137,85.56999969482422,7.889999866485596,93.66999816894533,9.594285556248256,8.314333248138428,1.1539438858741375,0.6396204048135944,8.979999542236328,7.309999942779541
2022-12-23,9.460000038146973,83.91999816894531,82.8749008178711,379.23,215.0,111.84,9.81999969482422,82.69999694824219,7.96999979019165,82.68000030517578,8.199999809265137,95.98999786376952,9.542857033865792,8.356333255767822,1.141989593029104,0.5436572126921619,9.09000015258789,7.110000133514404
2022-12-26,9.460000038146973,83.91999816894531,82.6041030883789,379.23,215.0,111.84,9.760000228881836,81.20999908447266,8.4399995803833,79.3499984741211,8.199999809265137,93.13999938964844,9.499999863760811,8.398333263397216,1.1311754670906324,0.49055076895932587,9.359999656677246,6.800000190734863
2022-12-27,9.5,84.33000183105469,82.90290069580078,379.23,215.0,111.84,9.029999732971191,79.04000091552734,8.399999618530273,77.16999816894531,7.710000038146973,93.86000061035156,9.567142759050641,8.457999928792317,1.1311340184743308,0.4106045103373746,9.359999656677246,7.159999847412109
2022-12-28,9.449999809265137,83.26000213623047,82.7761001586914,379.23,215.0,111.84,8.850000381469727,79.80000305175781,9.010000228881836,76.1500015258789,7.349999904632568,92.86000061035156,9.652856963021415,8.527999925613404,1.131900296460678,0.39371217047353096,9.40999984741211,7.619999885559082
2022-12-29,9.399999618530272,82.26000213623047,82.85199737548828,379.23,215.0,111.84,9.979999542236328,79.98999786376953,9.1899995803833,76.0999984741211,7.190000057220459,89.77999877929688,9.569999831063408,8.601666577657063,1.1125737807814786,0.3871364724210009,8.9399995803833,7.119999885559082
2022-12-30,9.1899995803833,85.91000366210938,82.83509826660156,379.23,215.0,111.84,9.979999542236328,82.19999694824219,8.739999771118164,77.98999786376953,7.090000152587891,87.62000274658203,9.45714269365583,8.671666558583578,1.09057834776999,0.33822164530584714,8.774999618530273,7.230000019073486
2023-01-02,9.1899995803833,85.91000366210938,82.74980163574219,317.99,172.0,122.23,9.739999771118164,80.9800033569336,9.289999961853027,80.68000030517578,7.369999885559082,87.44999694824219,9.378571237836566,8.732333215077718,1.074003965126226,0.34386051084627245,8.949999809265137,7.0
2023-01-03,8.819999694824219,82.0999984741211,82.70600128173828,317.99,172.0,122.23,9.460000038146973,83.91999816894531,9.81999969482422,82.69999694824219,7.070000171661377,88.36000061035156,9.287142617361885,8.790666532516479,1.0564764364846086,0.37195424604491323,8.640000343322754,6.730000019073486
2023-01-04,9.25,77.83999633789062,82.78569793701172,317.99,172.0,122.23,9.460000038146973,83.91999816894531,9.760000228881836,81.20999908447266,7.380000114440918,85.41000366210938,9.257142611912318,8.852999862035116,1.0456491923283933,0.360359923821283,8.4399995803833,6.53000020980835
2023-01-05,9.510000228881836,78.69000244140625,82.66649627685547,317.99,172.0,122.23,9.5,84.33000183105469,9.029999732971191,79.04000091552734,7.380000114440918,85.41000366210938,9.258571216038295,8.923999865849813,1.0374900246882035,0.3472402050315726,8.449999809265137,6.75
2023-01-06,10.039999961853027,78.56999969482422,82.64520263671875,317.99,172.0,122.23,9.449999809265137,83.26000213623047,8.850000381469727,79.80000305175781,7.820000171661377,83.62999725341797,9.342856952122279,8.9979998588562,1.0383248183404319,0.3444991573543411,8.119999885559082,6.599999904632568
2023-01-09,9.739999771118164,79.6500015258789,82.27339935302734,317.99,172.0,122.23,9.399999618530272,82.26000213623047,9.979999542236328,79.98999786376953,7.659999847412109,83.19000244140625,9.391428402491979,9.067333189646403,1.0357420256482224,0.32402434556804105,8.270000457763672,6.599999904632568
2023-01-10,9.119999885559082,80.0999984741211,82.18009948730469,317.99,172.0,122.23,9.1899995803833,85.91000366210938,9.979999542236328,82.19999694824219,7.539999961853027,83.02999877929688,9.381428446088519,9.119999853769938,1.02866428836264,0.3029208307398763,8.0,7.059999942779541
2023-01-11,8.979999542236328,82.66999816894531,81.63739776611328,317.99,172.0,122.23,9.1899995803833,85.91000366210938,9.739999771118164,80.9800033569336,7.860000133514404,85.43000030517578,9.351428440638951,9.157333167394002,1.0211944960123387,0.30906195962546673,7.800000190734863,7.289999961853027
2023-01-12,9.09000015258789,84.02999877929688,81.63179779052734,317.99,172.0,122.23,8.819999694824219,82.0999984741211,9.460000038146973,83.91999816894531,7.710000038146973,86.87999725341797,9.38999993460519,9.2033331712087,1.0202814086059964,0.3160540433366969,7.53000020980835,7.960000038146973
2023-01-13,9.359999656677246,85.27999877929688,81.1156005859375,317.99,172.0,122.23,9.25,77.83999633789062,9.460000038146973,83.91999816894531,7.699999809265137,85.56999969482422,9.405714171273369,9.258666499455769,1.015881068079897,0.3142233402286601,7.309999942779541,7.949999809265137
2023-01-16,9.359999656677246,85.27999877929688,81.27799987792969,317.99,172.0,122.23,9.510000228881836,78.69000244140625,9.5,84.33000183105469,7.96999979019165,82.68000030517578,9.384285518101283,9.304999828338623,1.0085196782405563,0.31065339593025976,7.110000133514404,8.149999618530273
2023-01-17,9.40999984741211,85.91999816894531,81.65260314941406,317.99,172.0,122.23,10.039999961853027,78.56999969482422,9.449999809265137,83.26000213623047,8.4399995803833,79.3499984741211,9.294285501752581,9.337333170572917,0.9953886594897751,0.3095619643606326,6.800000190734863,9.050000190734863
2023-01-18,8.9399995803833,84.9800033569336,81.52549743652344,317.99,172.0,122.23,9.739999771118164,79.6500015258789,9.399999618530272,82.26000213623047,8.399999618530273,77.16999816894531,9.17999976021903,9.355333169301352,0.9812574048958788,0.32431508273008225,7.159999847412109,8.819999694824219
2023-01-19,8.774999618530273,86.16000366210938,81.43599700927734,317.99,172.0,122.23,9.119999885559082,80.0999984741211,9.1899995803833,85.91000366210938,9.010000228881836,76.1500015258789,9.130714007786342,9.347499815622966,0.9768071056235446,0.3515580443278081,7.619999885559082,8.979999542236328
2023-01-20,8.949999809265137,87.62999725341797,81.23979949951172,317.99,172.0,122.23,8.979999542236328,82.66999816894531,9.1899995803833,85.91000366210938,9.1899995803833,76.0999984741211,9.1264283316476,9.33949982325236,0.9771849384349641,0.3607587872250745,7.119999885559082,9.390000343322754
2023-01-23,8.640000343322754,88.19000244140625,80.97599792480469,317.99,172.0,122.23,9.09000015258789,84.02999877929688,8.819999694824219,82.0999984741211,8.739999771118164,77.98999786376953,9.062142644609724,9.336166508992513,0.9706481701455792,0.3795553082540038,7.230000019073486,9.149999618530272
2023-01-24,8.4399995803833,86.12999725341797,81.48799896240234,317.99,172.0,122.23,9.359999656677246,85.27999877929688,9.25,77.83999633789062,9.289999961853027,80.68000030517578,8.930714062282018,9.307833162943522,0.9594826541380785,0.43352586923974523,7.0,9.18000030517578
2023-01-25,8.449999809265137,86.12000274658203,81.60189819335938,317.99,172.0,122.23,9.359999656677246,85.27999877929688,9.510000228881836,78.69000244140625,9.81999969482422,82.69999694824219,8.800714084080287,9.262166500091553,0.9501777561670625,0.4609386468092542,6.730000019073486,9.600000381469728
2023-01-26,8.119999885559082,87.47000122070312,81.50270080566406,317.99,172.0,122.23,9.40999984741211,85.91999816894531,10.039999961853027,78.56999969482422,9.760000228881836,81.20999908447266,8.61642837524414,9.207499821980795,0.93580441854913,0.4426079089646552,6.53000020980835,9.920000076293944
2023-01-27,8.270000457763672,86.66000366210938,81.44509887695312,317.99,172.0,122.23,8.9399995803833,84.9800033569336,9.739999771118164,79.6500015258789,9.029999732971191,79.04000091552734,8.520714214869908,9.18216651280721,0.9279623630612306,0.41569424498838004,6.75,10.1899995803833
2023-01-30,8.0,84.9000015258789,81.50800323486328,317.99,172.0,122.23,8.774999618530273,86.16000366210938,9.119999885559082,80.0999984741211,8.850000381469727,79.80000305175781,8.409999983651298,9.15383316675822,0.9187397938159837,0.46469360470021653,6.599999904632568,10.260000228881836
2023-01-31,7.800000190734863,84.48999786376953,81.57990264892578,317.99,172.0,122.23,8.949999809265137,87.62999725341797,8.979999542236328,82.66999816894531,9.979999542236328,79.98999786376953,8.24571432386126,9.081166521708171,0.9080006653488373,0.5266298655945905,6.599999904632568,10.56999969482422
2023-02-01,7.53000020980835,82.83999633789062,81.76840209960938,207.48,144.67,127.6,8.640000343322754,88.19000244140625,9.09000015258789,84.02999877929688,9.979999542236328,82.19999694824219,8.087142876216344,8.999499877293905,0.8986203678291974,0.5951677575344541,7.059999942779541,9.6899995803833
2023-02-02,7.309999942779541,82.16999816894531,81.71029663085938,207.48,144.67,127.6,8.4399995803833,86.12999725341797,9.359999656677246,85.27999877929688,9.739999771118164,80.9800033569336,7.925714356558664,8.91849988301595,0.8886814569384593,0.6377410910002648,7.289999961853027,9.979999542236328
2023-02-03,7.110000133514404,79.94000244140625,82.0458984375,207.48,144.67,127.6,8.449999809265137,86.12000274658203,9.359999656677246,85.27999877929688,9.460000038146973,83.91999816894531,7.734285831451416,8.84016655286153,0.8749017381273746,0.6676673129152854,7.960000038146973,9.970000267028809
2023-02-06,6.800000190734863,80.98999786376953,82.22599792480469,207.48,144.67,127.6,8.119999885559082,87.47000122070312,9.40999984741211,85.91999816894531,9.460000038146973,83.91999816894531,7.545714446476528,8.751499891281128,0.8622185817322908,0.6881863820964014,7.949999809265137,9.5
2023-02-07,7.159999847412109,83.69000244140625,82.75499725341797,207.48,144.67,127.6,8.270000457763672,86.66000366210938,8.9399995803833,84.9800033569336,9.5,84.33000183105469,7.387142930712018,8.673499886194865,0.8516901493903543,0.6816894996606477,8.149999618530273,9.3100004196167
2023-02-08,7.619999885559082,85.08999633789062,82.74189758300781,207.48,144.67,127.6,8.0,84.9000015258789,8.774999618530273,86.16000366210938,9.449999809265137,83.26000213623047,7.332857200077602,8.612499888737997,0.8514193068929058,0.6434982942648761,9.050000190734863,9.489999771118164
2023-02-09,7.119999885559082,84.5,82.65950012207031,207.48,144.67,127.6,7.800000190734863,84.48999786376953,8.949999809265137,87.62999725341797,9.399999618530272,82.26000213623047,7.235714299338205,8.536499897638956,0.8476197399290162,0.591301876444391,8.819999694824219,10.1899995803833
2023-02-10,7.230000019073486,86.38999938964844,82.533203125,207.48,144.67,127.6,7.53000020980835,82.83999633789062,8.640000343322754,88.19000244140625,9.1899995803833,85.91000366210938,7.192857129233224,8.47116657892863,0.8490977684404405,0.5445816553659807,8.979999542236328,9.760000228881836
2023-02-13,7.0,86.61000061035156,82.51300048828125,207.48,144.67,127.6,7.309999942779541,82.16999816894531,8.4399995803833,86.12999725341797,9.1899995803833,85.91000366210938,7.148571423121861,8.398166592915853,0.8512051805569227,0.5171583458995261,9.390000343322754,9.449999809265137
2023-02-14,6.730000019073486,85.58000183105469,82.59739685058594,207.48,144.67,127.6,7.110000133514404,79.94000244140625,8.449999809265137,86.12000274658203,8.819999694824219,82.0999984741211,7.0942856924874445,8.328499937057495,0.8518073156065528,0.48704315366083234,9.149999618530272,9.460000038146973
2023-02-15,6.53000020980835,85.37999725341797,82.86759948730469,207.48,144.67,127.6,6.800000190734863,80.98999786376953,8.119999885559082,87.47000122070312,9.25,77.83999633789062,7.055714266640799,8.237833277384441,0.8565001820332064,0.4951373897610501,9.18000030517578,10.020000457763672
2023-02-16,6.75,85.13999938964844,82.73770141601562,207.48,144.67,127.6,7.159999847412109,83.69000244140625,8.270000457763672,86.66000366210938,9.510000228881836,78.69000244140625,6.997142859867641,8.145833269755046,0.8589832419005101,0.42839912530562746,9.600000381469728,9.649999618530272
2023-02-17,6.599999904632568,83.0,82.69529724121094,207.48,144.67,127.6,7.619999885559082,85.08999633789062,8.0,84.9000015258789,10.039999961853027,78.56999969482422,6.851428576878139,8.031166601181031,0.8531039618616527,0.3866856940715428,9.920000076293944,10.100000381469728
2023-02-20,6.599999904632568,83.0,82.75800323486328,207.48,144.67,127.6,7.119999885559082,84.5,7.800000190734863,84.48999786376953,9.739999771118164,79.6500015258789,6.7771428653172086,7.926499938964843,0.8549970816288744,0.34885761943379606,10.1899995803833,10.010000228881836
2023-02-21,7.059999942779541,83.05000305175781,82.69750213623047,207.48,144.67,127.6,7.230000019073486,86.38999938964844,7.53000020980835,82.83999633789062,9.119999885559082,80.0999984741211,6.752857140132359,7.857833274205526,0.8593779367297336,0.3156294510097782,10.260000228881836,10.3100004196167
2023-02-22,7.289999961853027,80.5999984741211,82.86119842529297,207.48,144.67,127.6,7.0,86.61000061035156,7.309999942779541,82.16999816894531,8.979999542236328,82.66999816894531,6.794285706111363,7.801499954859415,0.8708936789703549,0.3140273240048776,10.56999969482422,10.020000457763672
2023-02-23,7.960000038146973,82.20999908447266,82.83529663085938,207.48,144.67,127.6,6.730000019073486,85.58000183105469,7.110000133514404,79.94000244140625,9.09000015258789,84.02999877929688,6.969999994550433,7.763833284378052,0.8977512475779948,0.4102940249828257,9.6899995803833,9.8100004196167
2023-02-24,7.949999809265137,83.16000366210938,82.6178970336914,207.48,144.67,127.6,6.53000020980835,85.37999725341797,6.800000190734863,80.98999786376953,9.359999656677246,85.27999877929688,7.172857080187116,7.716833289464315,0.9295066403616237,0.4708864313070909,9.979999542236328,9.8100004196167
2023-02-27,8.149999618530273,82.44999694824219,82.91799926757812,207.48,144.67,127.6,6.75,85.13999938964844,7.159999847412109,83.69000244140625,9.359999656677246,85.27999877929688,7.372857025691441,7.676499954859415,0.960443882577687,0.5465379771008863,9.970000267028809,9.90999984741211
2023-02-28,9.050000190734863,83.88999938964844,82.6520004272461,207.48,144.67,127.6,6.599999904632568,83.0,7.619999885559082,85.08999633789062,9.40999984741211,85.91999816894531,7.722857066563198,7.664499966303508,1.0076126328383954,0.7351653666391373,9.5,9.279999732971191
2023-03-01,8.819999694824219,84.30999755859375,82.6353988647461,187.23,136.84,128.37,6.599999904632568,83.0,7.119999885559082,84.5,8.9399995803833,84.9800033569336,8.039999893733434,7.660499970118205,1.0495384674252142,0.8385596817977714,9.3100004196167,9.40999984741211
2023-03-02,8.979999542236328,84.75,82.4198989868164,187.23,136.84,128.37,7.059999942779541,83.05000305175781,7.230000019073486,86.38999938964844,8.774999618530273,86.16000366210938,8.314285550798688,7.667333300908407,1.0843763249538643,0.9348022941191214,9.489999771118164,9.369999885559082
2023-03-03,9.390000343322754,85.83000183105469,82.35569763183594,187.23,136.84,128.37,7.289999961853027,80.5999984741211,7.0,86.61000061035156,8.949999809265137,87.62999725341797,8.614285605294365,7.681999985376994,1.121358293167022,1.0419560843204208,10.1899995803833,9.1899995803833
2023-03-06,9.149999618530272,86.18000030517578,81.7125015258789,187.23,136.84,128.37,7.960000038146973,82.20999908447266,6.730000019073486,85.58000183105469,8.640000343322754,88.19000244140625,8.784285545349121,7.698999961217244,1.1409630055810827,1.0682942721500248,9.760000228881836,8.960000038146973
2023-03-07,9.18000030517578,83.29000091552734,81.85440063476562,187.23,136.84,128.37,7.949999809265137,83.16000366210938,6.53000020980835,85.37999725341797,8.4399995803833,86.12999725341797,8.959999901907784,7.7236666520436605,1.1600692656569196,1.0457725144453316,9.449999809265137,8.619999885559082
2023-03-08,9.600000381469728,82.66000366210938,82.07460021972656,187.23,136.84,128.37,8.149999618530273,82.44999694824219,6.75,85.13999938964844,8.449999809265137,86.12000274658203,9.167142868041992,7.76200000445048,1.1810269328158371,1.047194127176607,9.460000038146973,9.15999984741211
2023-03-09,9.920000076293944,81.58999633789062,81.9645004272461,187.23,136.84,128.37,9.050000190734863,83.88999938964844,6.599999904632568,83.0,8.119999885559082,87.47000122070312,9.291428565979004,7.822000010808309,1.1878569003542925,1.0153547291777774,10.020000457763672,9.25
2023-03-10,10.1899995803833,82.77999877929688,82.01840209960938,187.23,136.84,128.37,8.819999694824219,84.30999755859375,6.599999904632568,83.0,8.270000457763672,86.66000366210938,9.487142835344587,7.885999981562296,1.203034596396122,0.9477309881540702,9.649999618530272,9.15999984741211
2023-03-13,10.260000228881836,80.7699966430664,81.95800018310547,187.23,136.84,128.37,8.979999542236328,84.75,7.059999942779541,83.05000305175781,8.0,84.9000015258789,9.670000076293945,7.961333322525024,1.2146191521391396,0.8893488279713214,10.100000381469728,8.779999732971191
2023-03-14,10.56999969482422,77.44999694824219,82.41739654541016,187.23,136.84,128.37,9.390000343322754,85.83000183105469,7.289999961853027,80.5999984741211,7.800000190734863,84.48999786376953,9.838571412222725,8.053666639328004,1.2216248370562408,0.8369414290724322,10.010000228881836,8.760000228881836
2023-03-15,9.6899995803833,73.69000244140625,82.30490112304688,187.23,136.84,128.37,9.149999618530272,86.18000030517578,7.960000038146973,82.20999908447266,7.53000020980835,82.83999633789062,9.915714263916016,8.125666618347168,1.2202939803839938,0.7597267237959989,10.3100004196167,8.819999694824219
2023-03-16,9.979999542236328,74.69999694824219,82.7156982421875,187.23,136.84,128.37,9.18000030517578,83.29000091552734,7.949999809265137,83.16000366210938,7.309999942779541,82.16999816894531,10.02999986921038,8.214666604995728,1.2209853596805833,0.6590173563045066,10.020000457763672,8.850000381469727
2023-03-17,9.970000267028809,72.97000122070312,82.622802734375,187.23,136.84,128.37,9.600000381469728,82.66000366210938,8.149999618530273,82.44999694824219,7.110000133514404,79.94000244140625,10.082856995718819,8.309999942779541,1.2133387402839009,0.5424977747076996,9.8100004196167,8.760000228881836
2023-03-20,9.5,73.79000091552734,82.53299713134766,187.23,136.84,128.37,9.920000076293944,81.58999633789062,9.050000190734863,83.88999938964844,6.800000190734863,80.98999786376953,10.022856984819684,8.399999936421713,1.193195848657446,0.5186139715638747,9.8100004196167,8.779999732971191
2023-03-21,9.3100004196167,75.31999969482422,82.52909851074219,187.23,136.84,128.37,10.1899995803833,82.77999877929688,8.819999694824219,84.30999755859375,7.159999847412109,83.69000244140625,9.897142818995885,8.471666622161866,1.1682625837139495,0.4722316166234413,9.90999984741211,8.279999732971191
2023-03-22,9.489999771118164,76.69000244140625,82.677001953125,187.23,136.84,128.37,10.260000228881836,80.7699966430664,8.979999542236328,84.75,7.619999885559082,85.08999633789062,9.787142753601074,8.533999951680501,1.1468398571147447,0.430935499843837,9.279999732971191,8.449999809265137
2023-03-23,10.1899995803833,75.91000366210938,82.52580261230469,187.23,136.84,128.37,10.56999969482422,77.44999694824219,9.390000343322754,85.83000183105469,7.119999885559082,84.5,9.732857022966657,8.63633327484131,1.1269650491220773,0.4356022928639682,9.40999984741211,7.929999828338623
2023-03-24,9.760000228881836,74.98999786376953,82.26529693603516,187.23,136.84,128.37,9.6899995803833,73.69000244140625,9.149999618530272,86.18000030517578,7.230000019073486,86.38999938964844,9.742857115609306,8.720666615168254,1.1172134394552746,0.39581378501123227,9.369999885559082,8.300000190734863
2023-03-27,9.449999809265137,78.12000274658203,82.33879852294922,187.23,136.84,128.37,9.979999542236328,74.69999694824219,9.18000030517578,83.29000091552734,7.0,86.61000061035156,9.667142868041992,8.80233327547709,1.0982465197618676,0.36729471776148626,9.1899995803833,8.350000381469727
2023-03-28,9.460000038146973,78.6500015258789,82.21489715576172,187.23,136.84,128.37,9.970000267028809,72.97000122070312,9.600000381469728,82.66000366210938,6.730000019073486,85.58000183105469,9.594285692487444,8.893333276112875,1.0788165254182047,0.37637649546384283,8.960000038146973,8.989999771118164
2023-03-29,10.020000457763672,78.27999877929688,82.16429901123047,187.23,136.84,128.37,9.5,73.79000091552734,9.920000076293944,81.58999633789062,6.53000020980835,85.37999725341797,9.668571472167969,9.009666617711385,1.073131909436274,0.3789806222043289,8.619999885559082,8.600000381469727
2023-03-30,9.649999618530272,79.2699966430664,82.25540161132812,187.23,136.84,128.37,9.3100004196167,75.31999969482422,10.1899995803833,82.77999877929688,6.75,85.13999938964844,9.71714278629848,9.106333271662395,1.0670740709431417,0.36858203268375317,9.15999984741211,8.09000015258789
2023-03-31,10.100000381469728,79.7699966430664,82.10050201416016,187.23,136.84,128.37,9.489999771118164,76.69000244140625,10.260000228881836,80.7699966430664,6.599999904632568,83.0,9.804285730634417,9.222999954223633,1.0630245201182498,0.35571622631852895,9.25,7.71999979019165
2023-04-03,10.010000228881836,84.93000030517578,82.18479919433594,194.28,133.7451,117.39,10.1899995803833,75.91000366210938,10.56999969482422,77.44999694824219,6.599999904632568,83.0,9.77857153756278,9.336666631698609,1.0473289290499694,0.2867514338019392,9.15999984741211,7.289999961853027
2023-04-04,10.3100004196167,84.94000244140625,82.14089965820312,194.28,133.7451,117.39,9.760000228881836,74.98999786376953,9.6899995803833,73.69000244140625,7.059999942779541,83.05000305175781,9.857142993382045,9.444999980926514,1.0436350002051669,0.32158268317625666,8.779999732971191,7.21999979019165
2023-04-05,10.020000457763672,84.98999786376953,82.11479949951172,194.28,133.7451,117.39,9.449999809265137,78.12000274658203,9.979999542236328,74.69999694824219,7.289999961853027,80.5999984741211,9.938571657453265,9.535999997456868,1.0422148949197574,0.3234770897190256,8.760000228881836,7.21999979019165
2023-04-06,9.8100004196167,85.12000274658203,81.94999694824219,194.28,133.7451,117.39,9.460000038146973,78.6500015258789,9.970000267028809,72.97000122070312,7.960000038146973,82.20999908447266,9.98857171194894,9.597666676839193,1.0407280895441124,0.3199245381359203,8.819999694824219,7.489999771118164
2023-04-07,9.8100004196167,85.12000274658203,81.831298828125,194.28,133.7451,117.39,10.020000457763672,78.27999877929688,9.5,73.79000091552734,7.949999809265137,83.16000366210938,9.958571706499372,9.659666697184244,1.0309425479428576,0.3087346567015926,8.850000381469727,7.409999847412109
2023-04-10,9.90999984741211,84.18000030517578,81.88480377197266,194.28,133.7451,117.39,9.649999618530272,79.2699966430664,9.3100004196167,75.31999969482422,8.149999618530273,82.44999694824219,9.995714596339635,9.718333371480306,1.0285409986308274,0.27303457044429374,8.760000228881836,7.389999866485596
2023-04-11,9.279999732971191,85.61000061035156,81.98390197753906,194.28,133.7451,117.39,10.100000381469728,79.7699966430664,9.489999771118164,76.69000244140625,9.050000190734863,83.88999938964844,9.87857164655413,9.726000022888183,1.0156859414402128,0.2992262568009145,8.779999732971191,7.090000152587891
2023-04-12,9.40999984741211,87.33000183105469,82.07009887695312,194.28,133.7451,117.39,10.010000228881836,84.93000030517578,10.1899995803833,75.91000366210938,8.819999694824219,84.30999755859375,9.79285730634417,9.745666694641113,1.0048411837557674,0.301935379123886,8.279999732971191,6.559999942779541
2023-04-13,9.369999885559082,86.08999633789062,81.96060180664062,194.28,133.7451,117.39,10.3100004196167,84.94000244140625,9.760000228881836,74.98999786376953,8.979999542236328,84.75,9.658571515764509,9.758666706085204,0.9897419298399062,0.3218262434163161,8.449999809265137,6.440000057220459
2023-04-14,9.1899995803833,86.30999755859375,81.68070220947266,194.28,133.7451,117.39,10.020000457763672,84.98999786376953,9.449999809265137,78.12000274658203,9.390000343322754,85.83000183105469,9.539999961853027,9.752000013987223,0.9782598611127233,0.34744067052396826,7.929999828338623,6.570000171661377
2023-04-17,8.960000038146973,84.76000213623047,81.84480285644531,194.28,133.7451,117.39,9.8100004196167,85.12000274658203,9.460000038146973,78.6500015258789,9.149999618530272,86.18000030517578,9.41857133592878,9.745666694641113,0.9664358495606366,0.40006959804061915,8.300000190734863,6.570000171661377
2023-04-18,8.619999885559082,84.7699966430664,82.00370025634766,194.28,133.7451,117.39,9.8100004196167,85.12000274658203,10.020000457763672,78.27999877929688,9.18000030517578,83.29000091552734,9.248571259634835,9.727000013987224,0.9508133790687575,0.48156188143706996,8.350000381469727,6.079999923706055
2023-04-19,9.15999984741211,83.12000274658203,82.10790252685547,194.28,133.7451,117.39,9.90999984741211,84.18000030517578,9.649999618530272,79.2699966430664,9.600000381469728,82.66000366210938,9.141428402491979,9.712333329518636,0.9412175921240881,0.4955319002157477,8.989999771118164,5.78000020980835
2023-04-20,9.25,81.0999984741211,82.34010314941406,194.28,133.7451,117.39,9.279999732971191,85.61000061035156,10.100000381469728,79.7699966430664,9.920000076293944,81.58999633789062,9.137142726353236,9.689999993642171,0.9429446133025989,0.47714198726045837,8.600000381469727,5.840000152587891
2023-04-21,9.15999984741211,81.66000366210938,82.14089965820312,194.28,133.7451,117.39,9.40999984741211,87.33000183105469,10.010000228881836,84.93000030517578,10.1899995803833,82.77999877929688,9.101428440638951,9.655666669209799,0.94259871704919,0.46217613127605234,8.09000015258789,6.139999866485596
2023-04-24,8.779999732971191,82.7300033569336,82.05480194091797,194.28,133.7451,117.39,9.369999885559082,86.08999633789062,10.3100004196167,84.94000244140625,10.260000228881836,80.7699966430664,9.017142704554967,9.60633331934611,0.9386654635167413,0.42155733475157675,7.71999979019165,6.550000190734863
2023-04-25,8.760000228881836,80.7699966430664,81.85230255126953,194.28,133.7451,117.39,9.1899995803833,86.30999755859375,10.020000457763672,84.98999786376953,10.56999969482422,77.44999694824219,8.955714225769043,9.546000003814697,0.938163088263079,0.3985972144368328,7.289999961853027,6.550000190734863
2023-04-26,8.819999694824219,77.69000244140625,81.9916000366211,194.28,133.7451,117.39,8.960000038146973,84.76000213623047,9.8100004196167,85.12000274658203,9.6899995803833,73.69000244140625,8.935714176722936,9.517000007629395,0.9389203299733364,0.37850781938828004,7.21999979019165,6.139999866485596
2023-04-27,8.850000381469727,78.37000274658203,81.76689910888672,194.28,133.7451,117.39,8.619999885559082,84.7699966430664,9.8100004196167,85.12000274658203,9.979999542236328,74.69999694824219,8.968571390424456,9.479333368937175,0.9461173671389028,0.3400419585168244,7.21999979019165,6.369999885559082
2023-04-28,8.760000228881836,79.54000091552734,81.76509857177734,194.28,133.7451,117.39,9.15999984741211,83.12000274658203,9.90999984741211,84.18000030517578,9.970000267028809,72.97000122070312,8.911428587777275,9.439000034332276,0.9441062733659524,0.2613457547318772,7.489999771118164,6.329999923706055
2023-05-01,8.779999732971191,79.30999755859375,81.74479675292969,160.48,103.0,105.15,9.25,81.0999984741211,9.279999732971191,85.61000061035156,9.5,73.79000091552734,8.844285692487444,9.415000025431315,0.9393814418251005,0.25817293920924433,7.409999847412109,6.190000057220459
2023-05-02,8.279999732971191,75.31999969482422,81.77469635009766,160.48,103.0,105.15,9.15999984741211,81.66000366210938,9.40999984741211,87.33000183105469,9.3100004196167,75.31999969482422,8.718571390424456,9.380666669209798,0.9294181750279732,0.2914948112081275,7.389999866485596,6.300000190734863
2023-05-03,8.449999809265137,72.33000183105469,81.77870178222656,160.48,103.0,105.15,8.779999732971191,82.7300033569336,9.369999885559082,86.08999633789062,9.489999771118164,76.69000244140625,8.671428544180733,9.346000003814698,0.9278214490077985,0.28340551226280125,7.090000152587891,6.400000095367432
2023-05-04,7.929999828338623,72.5,81.77999877929688,160.48,103.0,105.15,8.760000228881836,80.7699966430664,9.1899995803833,86.30999755859375,10.1899995803833,75.91000366210938,8.552857058388847,9.270666678746542,0.9225709573063496,0.35595411534691673,6.559999942779541,6.340000152587891
2023-05-05,8.300000190734863,75.30000305175781,81.71610260009766,160.48,103.0,105.15,8.819999694824219,77.69000244140625,8.960000038146973,84.76000213623047,9.760000228881836,74.98999786376953,8.47857141494751,9.222000010808308,0.919384321315041,0.3700401128201343,6.440000057220459,6.139999866485596
2023-05-08,8.350000381469727,77.01000213623047,81.72979736328125,160.48,103.0,105.15,8.850000381469727,78.37000274658203,8.619999885559082,84.7699966430664,9.449999809265137,78.12000274658203,8.407142843518939,9.185333363215129,0.9152780153202897,0.3817808070129996,6.570000171661377,6.139999866485596
2023-05-09,8.989999771118164,77.44000244140625,81.78710174560547,160.48,103.0,105.15,8.760000228881836,79.54000091552734,9.15999984741211,83.12000274658203,9.460000038146973,78.6500015258789,8.43999992098127,9.169666687647501,0.9204250278912036,0.36806591569208497,6.570000171661377,6.159999847412109
2023-05-10,8.600000381469727,76.41000366210938,82.1050033569336,160.48,103.0,105.15,8.779999732971191,79.30999755859375,9.25,81.0999984741211,10.020000457763672,78.27999877929688,8.414285727909633,9.122333351771037,0.9223820463056853,0.32897190372744606,6.079999923706055,6.119999885559082
2023-05-11,8.09000015258789,74.9800033569336,81.9198989868164,160.48,103.0,105.15,8.279999732971191,75.31999969482422,9.15999984741211,81.66000366210938,9.649999618530272,79.2699966430664,8.387142930712018,9.070333369572957,0.9246775550799127,0.3203706467846399,5.78000020980835,6.170000076293945
2023-05-12,7.71999979019165,74.16999816894531,82.10030364990234,160.48,103.0,105.15,8.449999809265137,72.33000183105469,8.779999732971191,82.7300033569336,10.100000381469728,79.7699966430664,8.28285721370152,8.991000016530355,0.9212376805801722,0.3819067631056929,5.840000152587891,6.159999847412109
2023-05-15,7.289999961853027,75.2300033569336,82.20030212402344,160.48,103.0,105.15,7.929999828338623,72.5,8.760000228881836,80.7699966430664,10.010000228881836,84.93000030517578,8.191428661346436,8.900333340962728,0.9203497379304908,0.48603862249804575,6.139999866485596,5.920000076293945
2023-05-16,7.21999979019165,74.91000366210938,82.2667007446289,160.48,103.0,105.15,8.300000190734863,75.30000305175781,8.819999694824219,77.69000244140625,10.3100004196167,84.94000244140625,8.037142889840263,8.797333319981893,0.9135874999427447,0.5557418355124553,6.550000190734863,5.659999847412109
2023-05-17,7.21999979019165,76.95999908447266,82.2959976196289,160.48,103.0,105.15,8.350000381469727,77.01000213623047,8.850000381469727,78.37000274658203,10.020000457763672,84.98999786376953,7.875714233943394,8.703999964396159,0.9048374560873762,0.5917231962035242,6.550000190734863,5.570000171661377
2023-05-18,7.489999771118164,75.86000061035156,82.45030212402344,160.48,103.0,105.15,8.989999771118164,77.44000244140625,8.760000228881836,79.54000091552734,9.8100004196167,85.12000274658203,7.66142851965768,8.626666609446207,0.8881089284451001,0.5869277055165913,6.139999866485596,5.610000133514404
2023-05-19,7.409999847412109,75.58000183105469,82.72509765625,160.48,103.0,105.15,8.600000381469727,76.41000366210938,8.779999732971191,79.30999755859375,9.8100004196167,85.12000274658203,7.491428443363735,8.546666590372721,0.8765311714032031,0.5699451387167167,6.369999885559082,5.550000190734863
2023-05-22,7.389999866485596,75.98999786376953,82.90480041503906,160.48,103.0,105.15,8.09000015258789,74.9800033569336,8.279999732971191,75.31999969482422,9.90999984741211,84.18000030517578,7.391428402491978,8.462666591008505,0.8734149678300698,0.5801919031268239,6.329999923706055,5.170000076293945
2023-05-23,7.090000152587891,76.83999633789062,82.82499694824219,160.48,103.0,105.15,7.71999979019165,74.16999816894531,8.449999809265137,72.33000183105469,9.279999732971191,85.61000061035156,7.30142845426287,8.389666604995728,0.8702872348995134,0.5928053995147502,6.190000057220459,5.170000076293945
2023-05-24,6.559999942779541,78.36000061035156,82.8906021118164,160.48,103.0,105.15,7.289999961853027,75.2300033569336,7.929999828338623,72.5,9.40999984741211,87.33000183105469,7.1971427372523715,8.294666608174643,0.8676821384644918,0.675593438971182,6.300000190734863,5.050000190734863
2023-05-25,6.440000057220459,76.26000213623047,82.71369934082031,160.48,103.0,105.15,7.21999979019165,74.91000366210938,8.300000190734863,75.30000305175781,9.369999885559082,86.08999633789062,7.085714203970773,8.19699994723002,0.8644266933414199,0.7281574500990384,6.400000095367432,5.199999809265137
2023-05-26,6.570000171661377,76.94999694824219,82.74210357666016,160.48,103.0,105.15,7.21999979019165,76.95999908447266,8.350000381469727,77.01000213623047,9.1899995803833,86.30999755859375,6.992857115609305,8.109666633605958,0.8622855671743277,0.7352416077860434,6.340000152587891,5.010000228881836
2023-05-29,6.570000171661377,76.94999694824219,82.57479858398438,160.48,103.0,105.15,7.489999771118164,75.86000061035156,8.989999771118164,77.44000244140625,8.960000038146973,84.76000213623047,6.861428601401193,8.02999997138977,0.8544732355062906,0.6161900192532436,6.139999866485596,5.039999961853027
2023-05-30,6.079999923706055,73.54000091552734,82.57969665527344,160.48,103.0,105.15,7.409999847412109,75.58000183105469,8.600000381469727,76.41000366210938,8.619999885559082,84.7699966430664,6.6714286123003275,7.945333305994669,0.8396652423145533,0.5606569468764978,6.139999866485596,5.21999979019165
2023-05-31,5.78000020980835,72.66000366210938,82.68389892578125,160.48,103.0,105.15,7.389999866485596,75.98999786376953,8.09000015258789,74.9800033569336,9.15999984741211,83.12000274658203,6.4414286613464355,7.8326666514078775,0.8223789833311486,0.5805646933159593,6.159999847412109,5.369999885559082
2023-06-01,5.840000152587891,74.27999877929688,82.66680145263672,139.42,98.58,113.45,7.090000152587891,76.83999633789062,7.71999979019165,74.16999816894531,9.25,81.0999984741211,6.262857232775007,7.718999989827474,0.8113549847750601,0.5975741964750448,6.119999885559082,5.170000076293945
2023-06-02,6.139999866485596,76.12999725341797,82.27670288085938,139.42,98.58,113.45,6.559999942779541,78.36000061035156,7.289999961853027,75.2300033569336,9.15999984741211,81.66000366210938,6.202857221875872,7.61833332379659,0.8142002740281712,0.601421291783397,6.170000076293945,5.079999923706055
2023-06-05,6.550000190734863,76.70999908447266,82.40979766845703,139.42,98.58,113.45,6.440000057220459,76.26000213623047,7.21999979019165,74.91000366210938,8.779999732971191,82.7300033569336,6.218571526663644,7.5440000057220455,0.824305842906747,0.5832425474452143,6.159999847412109,4.840000152587891
2023-06-06,6.550000190734863,76.29000091552734,82.51119995117188,139.42,98.58,113.45,6.570000171661377,76.94999694824219,7.21999979019165,76.95999908447266,8.760000228881836,80.7699966430664,6.2157143865312845,7.4703333377838135,0.8320520363626643,0.5600921414870023,5.920000076293945,4.610000133514404
2023-06-07,6.139999866485596,76.94999694824219,82.51719665527344,139.42,98.58,113.45,6.570000171661377,76.94999694824219,7.489999771118164,75.86000061035156,8.819999694824219,77.69000244140625,6.154285771506173,7.381000010172526,0.8337999491972402,0.5098291715935219,5.659999847412109,4.5
2023-06-08,6.369999885559082,75.95999908447266,82.61810302734375,139.42,98.58,113.45,6.079999923706055,73.54000091552734,7.409999847412109,75.58000183105469,8.850000381469727,78.37000274658203,6.195714337485177,7.298333326975505,0.8489206467699477,0.43913562932020755,5.570000171661377,4.730000019073486
2023-06-09,6.329999923706055,74.79000091552734,82.48829650878906,139.42,98.58,113.45,5.78000020980835,72.66000366210938,7.389999866485596,75.98999786376953,8.760000228881836,79.54000091552734,6.274285725184849,7.2173333168029785,0.8693345251537973,0.3422365326875618,5.610000133514404,4.730000019073486
2023-06-12,6.190000057220459,71.83999633789062,82.4448013305664,139.42,98.58,113.45,5.840000152587891,74.27999877929688,7.090000152587891,76.83999633789062,8.779999732971191,79.30999755859375,6.324285711560931,7.130999994277954,0.8868709645107281,0.2713104276676518,5.550000190734863,4.559999942779541
2023-06-13,6.300000190734863,74.29000091552734,82.33719635009766,139.42,98.58,113.45,6.139999866485596,76.12999725341797,6.559999942779541,78.36000061035156,8.279999732971191,75.31999969482422,6.347142900739398,7.065000009536743,0.8983912113601639,0.26034742502853764,5.170000076293945,4.789999961853027
2023-06-14,6.400000095367432,73.19999694824219,82.29039764404297,139.42,98.58,113.45,6.550000190734863,76.70999908447266,6.440000057220459,76.26000213623047,8.449999809265137,72.33000183105469,6.325714315686907,6.996666685740153,0.904102704728271,0.25861106626246094,5.170000076293945,4.869999885559082
2023-06-15,6.340000152587891,75.66999816894531,82.04499816894531,139.42,98.58,113.45,6.550000190734863,76.29000091552734,6.570000171661377,76.94999694824219,7.929999828338623,72.5,6.295714310237339,6.943666696548462,0.906683099656237,0.24519113060362524,5.050000190734863,4.800000190734863
2023-06-16,6.139999866485596,76.61000061035156,81.9126968383789,139.42,98.58,113.45,6.139999866485596,76.94999694824219,6.570000171661377,76.94999694824219,8.300000190734863,75.30000305175781,6.295714310237339,6.871666685740153,0.9161831381418121,0.2292043223265804,5.199999809265137,4.760000228881836
2023-06-19,6.139999866485596,76.61000061035156,81.91480255126953,139.42,98.58,113.45,6.369999885559082,75.95999908447266,6.079999923706055,73.54000091552734,8.350000381469727,77.01000213623047,6.262857164655413,6.798000001907349,0.9212780156101881,0.22683320391057107,5.010000228881836,4.949999809265137
2023-06-20,6.159999847412109,75.9000015258789,81.98139953613281,139.42,98.58,113.45,6.329999923706055,74.79000091552734,5.78000020980835,72.66000366210938,8.989999771118164,77.44000244140625,6.238571439470563,6.703666671117147,0.9306193818012594,0.18841886725093673,5.039999961853027,4.949999809265137
2023-06-21,6.119999885559082,77.12000274658203,81.9917984008789,139.42,98.58,113.45,6.190000057220459,71.83999633789062,5.840000152587891,74.27999877929688,8.600000381469727,76.41000366210938,6.22857141494751,6.620999987920126,0.9407282916520878,0.1521946796950356,5.21999979019165,4.820000171661377
2023-06-22,6.170000076293945,74.13999938964844,81.94149780273438,139.42,98.58,113.45,6.300000190734863,74.29000091552734,6.139999866485596,76.12999725341797,8.09000015258789,74.9800033569336,6.209999970027378,6.556999985376994,0.94707801023279,0.1503257523816362,5.369999885559082,4.889999866485596
2023-06-23,6.159999847412109,73.8499984741211,81.91929626464844,139.42,98.58,113.45,6.400000095367432,73.19999694824219,6.550000190734863,76.70999908447266,7.71999979019165,74.16999816894531,6.175714220319476,6.504999987284342,0.9493781304550559,0.13105875405226483,5.170000076293945,4.889999866485596
2023-06-26,5.920000076293945,74.18000030517578,81.98480224609375,139.42,98.58,113.45,6.340000152587891,75.66999816894531,6.550000190734863,76.29000091552734,7.289999961853027,75.2300033569336,6.11571420942034,6.459333324432373,0.9468012307516988,0.1285250541069303,5.079999923706055,5.210000038146973
2023-06-27,5.659999847412109,72.26000213623047,82.00650024414062,139.42,98.58,113.45,6.139999866485596,76.61000061035156,6.139999866485596,76.94999694824219,7.21999979019165,74.91000366210938,6.047142778124128,6.407333326339722,0.943783167239555,0.19449573026623485,4.840000152587891,5.070000171661377
2023-06-28,5.570000171661377,74.02999877929688,81.99839782714844,139.42,98.58,113.45,6.139999866485596,76.61000061035156,6.369999885559082,75.95999908447266,7.21999979019165,76.95999908447266,5.965714250292097,6.352333339055379,0.9391359899603954,0.2431117050675461,4.610000133514404,5.059999942779541
2023-06-29,5.610000133514404,74.33999633789062,82.02649688720703,139.42,98.58,113.45,6.159999847412109,75.9000015258789,6.329999923706055,74.79000091552734,7.489999771118164,75.86000061035156,5.887142862592425,6.289666684468587,0.9360008722117372,0.26877008790781065,4.5,5.21999979019165
2023-06-30,5.550000190734863,74.9000015258789,82.07540130615234,139.42,98.58,113.45,6.119999885559082,77.12000274658203,6.190000057220459,71.83999633789062,7.409999847412109,75.58000183105469,5.805714334760394,6.227666695912679,0.9322440162269141,0.29828812793649034,4.730000019073486,5.329999923706055
2023-07-03,5.170000076293945,74.6500015258789,82.09629821777344,140.63,96.75,114.43,6.170000076293945,74.13999938964844,6.300000190734863,74.29000091552734,7.389999866485596,75.98999786376953,5.66285719190325,6.153666702906291,0.9202396331982743,0.3619520785488484,4.730000019073486,5.340000152587891
2023-07-04,5.170000076293945,74.6500015258789,81.95010375976562,140.63,96.75,114.43,6.159999847412109,73.8499984741211,6.400000095367432,73.19999694824219,7.090000152587891,76.83999633789062,5.521428653172085,6.089666700363159,0.9066866641447179,0.3890393304121468,4.559999942779541,5.590000152587891
2023-07-05,5.050000190734863,76.6500015258789,82.0071029663086,140.63,96.75,114.43,5.920000076293945,74.18000030517578,6.340000152587891,75.66999816894531,6.559999942779541,78.36000061035156,5.397142955235073,6.039333375295003,0.8936638670543285,0.4155552709156309,4.789999961853027,5.659999847412109
2023-07-06,5.199999809265137,76.5199966430664,82.39409637451172,140.63,96.75,114.43,5.659999847412109,72.26000213623047,6.139999866485596,76.61000061035156,6.440000057220459,76.26000213623047,5.331428664071219,5.998000033696493,0.8888662463249551,0.4246529929500127,4.869999885559082,5.449999809265137
2023-07-07,5.010000228881836,78.47000122070312,82.76840209960938,140.63,96.75,114.43,5.570000171661377,74.02999877929688,6.139999866485596,76.61000061035156,6.570000171661377,76.94999694824219,5.251428672245571,5.946000035603841,0.883185302547554,0.4395251451811364,4.800000190734863,5.329999923706055
2023-07-10,5.039999961853027,77.69000244140625,82.61530303955078,140.63,96.75,114.43,5.610000133514404,74.33999633789062,6.159999847412109,75.9000015258789,6.570000171661377,76.94999694824219,5.170000076293945,5.895000028610229,0.8770129399614935,0.4333208879748027,4.760000228881836,5.090000152587891
2023-07-11,5.21999979019165,79.4000015258789,82.52529907226562,140.63,96.75,114.43,5.550000190734863,74.9000015258789,6.119999885559082,77.12000274658203,6.079999923706055,73.54000091552734,5.12285716193063,5.866333357493082,0.8732624140363695,0.40464064305416264,4.949999809265137,4.940000057220459
2023-07-12,5.369999885559082,80.11000061035156,82.39990234375,140.63,96.75,114.43,5.170000076293945,74.6500015258789,6.170000076293945,74.13999938964844,5.78000020980835,72.66000366210938,5.15142856325422,5.852666680018107,0.8801833494137734,0.3501302454234743,4.949999809265137,4.829999923706055
2023-07-13,5.170000076293945,81.36000061035156,82.00180053710938,140.63,96.75,114.43,5.170000076293945,74.6500015258789,6.159999847412109,73.8499984741211,5.840000152587891,74.27999877929688,5.15142856325422,5.830333344141642,0.8835549227869062,0.2791637835464835,4.820000171661377,5.059999942779541
2023-07-14,5.079999923706055,79.87000274658203,82.03079986572266,140.63,96.75,114.43,5.050000190734863,76.6500015258789,5.920000076293945,74.18000030517578,6.139999866485596,76.12999725341797,5.155714239392962,5.795000012715658,0.8896816792516449,0.23003702513716964,4.889999866485596,4.940000057220459
2023-07-17,4.840000152587891,78.5,82.07679748535156,140.63,96.75,114.43,5.199999809265137,76.5199966430664,5.659999847412109,72.26000213623047,6.550000190734863,76.70999908447266,5.104285717010498,5.738000011444091,0.8895567813284273,0.2292522587635393,4.889999866485596,4.96999979019165
2023-07-18,4.610000133514404,79.62999725341797,82.06159973144531,140.63,96.75,114.43,5.010000228881836,78.47000122070312,5.570000171661377,74.02999877929688,6.550000190734863,76.29000091552734,5.047142846243722,5.673333342870077,0.8896240789986162,0.25763610620867494,5.210000038146973,5.050000190734863
2023-07-19,4.5,79.45999908447266,82.07540130615234,140.63,96.75,114.43,5.039999961853027,77.69000244140625,5.610000133514404,74.33999633789062,6.139999866485596,76.94999694824219,4.969999994550433,5.61866668065389,0.8845499175389524,0.27515028346220627,5.070000171661377,4.880000114440918
2023-07-20,4.730000019073486,79.63999938964844,82.06169891357422,140.63,96.75,114.43,5.21999979019165,79.4000015258789,5.550000190734863,74.9000015258789,6.369999885559082,75.95999908447266,4.900000027247837,5.564000018437704,0.8806598138771304,0.2513610781388874,5.059999942779541,4.889999866485596
2023-07-21,4.730000019073486,81.06999969482422,82.0823974609375,140.63,96.75,114.43,5.369999885559082,80.11000061035156,5.170000076293945,74.6500015258789,6.329999923706055,74.79000091552734,4.808571474892752,5.510666688283284,0.8725918334342974,0.25744299505274076,5.21999979019165,4.860000133514404
2023-07-24,4.559999942779541,82.73999786376953,81.99030303955078,140.63,96.75,114.43,5.170000076293945,81.36000061035156,5.170000076293945,74.6500015258789,6.190000057220459,71.83999633789062,4.721428598676409,5.456333351135254,0.8653100244679549,0.27390637134194484,5.329999923706055,4.860000133514404
2023-07-25,4.789999961853027,83.63999938964844,81.81420135498047,140.63,96.75,114.43,5.079999923706055,79.87000274658203,5.050000190734863,76.6500015258789,6.300000190734863,74.29000091552734,4.680000032697405,5.406000010172526,0.8657031755196565,0.2744274253817971,5.340000152587891,4.900000095367432
2023-07-26,4.869999885559082,82.91999816894531,81.95010375976562,140.63,96.75,114.43,4.840000152587891,78.5,5.199999809265137,76.5199966430664,6.400000095367432,73.19999694824219,4.684285708836147,5.3550000031789144,0.8747482649062088,0.26223046439849207,5.590000152587891,5.070000171661377
2023-07-27,4.800000190734863,84.23999786376953,81.97550201416016,140.63,96.75,114.43,4.610000133514404,79.62999725341797,5.010000228881836,78.47000122070312,6.340000152587891,75.66999816894531,4.711428574153355,5.3036666711171465,0.8883325410485398,0.2611060090209292,5.659999847412109,5.239999771118164
2023-07-28,4.760000228881836,84.98999786376953,82.3749008178711,140.63,96.75,114.43,4.5,79.45999908447266,5.039999961853027,77.69000244140625,6.139999866485596,76.61000061035156,4.748571463993618,5.257666683197021,0.9031691657970431,0.25855998996783414,5.449999809265137,5.300000190734863
2023-07-31,4.949999809265137,85.55999755859375,82.25279998779297,140.63,96.75,114.43,4.730000019073486,79.63999938964844,5.21999979019165,79.4000015258789,6.139999866485596,76.61000061035156,4.780000005449567,5.218000014623006,0.916058035928265,0.23890773207705346,5.329999923706055,5.099999904632568
2023-08-01,4.949999809265137,84.91000366210938,82.2332992553711,152.61,97.6046,110.2,4.730000019073486,81.06999969482422,5.369999885559082,80.11000061035156,6.159999847412109,75.9000015258789,4.811428546905518,5.177666680018107,0.9292640008739773,0.18823059636472653,5.090000152587891,5.269999980926514
2023-08-02,4.820000171661377,83.19999694824219,82.30729675292969,152.61,97.6046,110.2,4.559999942779541,82.73999786376953,5.170000076293945,81.36000061035156,6.119999885559082,77.12000274658203,4.84857143674578,5.134333356221517,0.9443410968747437,0.15746789836493033,4.940000057220459,5.300000190734863
2023-08-03,4.889999866485596,85.13999938964844,82.7332992553711,152.61,97.6046,110.2,4.789999961853027,83.63999938964844,5.079999923706055,79.87000274658203,6.170000076293945,74.13999938964844,4.862857137407575,5.091666682561239,0.9550600795338479,0.13693661024358394,4.829999923706055,5.460000038146973
2023-08-04,4.889999866485596,86.23999786376953,82.7843017578125,152.61,97.6046,110.2,4.869999885559082,82.91999816894531,4.840000152587891,78.5,6.159999847412109,73.8499984741211,4.865714277539935,5.049333349863688,0.9636330786796841,0.13949077097854978,5.059999942779541,5.480000019073486
2023-08-07,5.210000038146973,85.33999633789062,82.69529724121094,152.61,97.6046,110.2,4.800000190734863,84.23999786376953,4.610000133514404,79.62999725341797,5.920000076293945,74.18000030517578,4.924285684313093,5.025666681925456,0.9798254038153689,0.17303525326191982,4.940000057220459,5.670000076293945
2023-08-08,5.070000171661377,86.16999816894531,82.74829864501953,152.61,97.6046,110.2,4.760000228881836,84.98999786376953,4.5,79.45999908447266,5.659999847412109,72.26000213623047,4.968571390424456,5.006000026067098,0.9925212623531131,0.15898025705525168,4.96999979019165,5.699999809265137
2023-08-09,5.059999942779541,87.55000305175781,82.84500122070312,152.61,97.6046,110.2,4.949999809265137,85.55999755859375,4.730000019073486,79.63999938964844,5.570000171661377,74.02999877929688,4.984285695212228,4.989000018437704,0.9990530539710252,0.16286749210434887,5.050000190734863,5.460000038146973
2023-08-10,5.21999979019165,86.4000015258789,82.86630249023438,152.61,97.6046,110.2,4.949999809265137,84.91000366210938,4.730000019073486,81.06999969482422,5.610000133514404,74.33999633789062,5.022857121058872,4.976000006993612,1.0094145940220014,0.17946191936482667,4.880000114440918,5.369999885559082
2023-08-11,5.329999923706055,86.80999755859375,82.79989624023438,152.61,97.6046,110.2,4.820000171661377,83.19999694824219,4.559999942779541,82.73999786376953,5.550000190734863,74.9000015258789,5.095714228493827,4.968666664759318,1.0255676857855396,0.17957974025357773,4.889999866485596,5.53000020980835
2023-08-14,5.340000152587891,86.20999908447266,82.89730072021484,152.61,97.6046,110.2,4.889999866485596,85.13999938964844,4.789999961853027,83.63999938964844,5.170000076293945,74.6500015258789,5.159999983651297,4.974333333969116,1.037322845894926,0.19607127924136114,4.860000133514404,5.590000152587891
2023-08-15,5.590000152587891,84.88999938964844,83.2333984375,152.61,97.6046,110.2,4.889999866485596,86.23999786376953,4.869999885559082,82.91999816894531,5.170000076293945,74.6500015258789,5.260000024523054,4.988333336512247,1.054458298012972,0.24455386746578867,4.860000133514404,5.539999961853027
2023-08-16,5.659999847412109,83.44999694824219,83.19419860839844,152.61,97.6046,110.2,5.210000038146973,85.33999633789062,4.800000190734863,84.23999786376953,5.050000190734863,76.6500015258789,5.324285711560931,5.00866665840149,1.0630124631084028,0.27902892215923303,4.900000095367432,5.53000020980835
2023-08-17,5.449999809265137,84.12000274658203,83.23699951171875,152.61,97.6046,110.2,5.070000171661377,86.16999816894531,4.760000228881836,84.98999786376953,5.199999809265137,76.5199966430664,5.3785713740757535,5.0169999917348225,1.0720671042984924,0.27054382413035044,5.070000171661377,5.369999885559082
2023-08-18,5.329999923706055,84.80000305175781,83.09829711914062,152.61,97.6046,110.2,5.059999942779541,87.55000305175781,4.949999809265137,85.55999755859375,5.010000228881836,78.47000122070312,5.417142799922398,5.027666648228963,1.0774644391322636,0.2654014141873204,5.239999771118164,5.489999771118164
2023-08-21,5.090000152587891,84.45999908447266,83.16729736328125,152.61,97.6046,110.2,5.21999979019165,86.4000015258789,4.949999809265137,84.91000366210938,5.039999961853027,77.69000244140625,5.398571423121861,5.029333321253459,1.0734147737157025,0.25775550622659105,5.300000190734863,5.630000114440918
2023-08-22,4.940000057220459,84.02999877929688,83.1135025024414,152.61,97.6046,110.2,5.329999923706055,86.80999755859375,4.820000171661377,83.19999694824219,5.21999979019165,79.4000015258789,5.342857156481061,5.0199999968210856,1.0643120551282605,0.24546546385050935,5.099999904632568,5.590000152587891
2023-08-23,4.829999923706055,83.20999908447266,83.07330322265625,152.61,97.6046,110.2,5.340000152587891,86.20999908447266,4.889999866485596,85.13999938964844,5.369999885559082,80.11000061035156,5.269999980926514,5.001999998092652,1.0535764588507524,0.2520912431681491,5.269999980926514,5.550000190734863
2023-08-24,5.059999942779541,83.36000061035156,82.5447006225586,152.61,97.6046,110.2,5.590000152587891,84.88999938964844,4.889999866485596,86.23999786376953,5.170000076293945,81.36000061035156,5.194285665239606,4.998333326975504,1.0392014564519054,0.23898593181566102,5.300000190734863,5.75
2023-08-25,4.940000057220459,84.4800033569336,82.64140319824219,152.61,97.6046,110.2,5.659999847412109,83.44999694824219,5.210000038146973,85.33999633789062,5.079999923706055,79.87000274658203,5.091428552355085,4.993666664759318,1.0195751335455114,0.2510647396492515,5.460000038146973,5.909999847412109
2023-08-28,4.96999979019165,84.41999816894531,82.66429901123047,152.61,97.6046,110.2,5.449999809265137,84.12000274658203,5.070000171661377,86.16999816894531,4.840000152587891,78.5,5.022857121058872,4.997999986012776,1.0049714056425723,0.256648941283162,5.480000019073486,5.96999979019165
2023-08-29,5.050000190734863,85.48999786376953,82.69149780273438,152.61,97.6046,110.2,5.329999923706055,84.80000305175781,5.059999942779541,87.55000305175781,4.610000133514404,79.62999725341797,4.982857159205845,5.012666654586792,0.9940511831431096,0.2570842269426423,5.670000076293945,5.670000076293945
2023-08-30,4.880000114440918,85.86000061035156,82.49469757080078,152.61,97.6046,110.2,5.090000152587891,84.45999908447266,5.21999979019165,86.4000015258789,4.5,79.45999908447266,4.952857153756278,5.025333325068156,0.9855758767863099,0.2707457920407318,5.699999809265137,5.78000020980835
2023-08-31,4.889999866485596,86.86000061035156,82.70040130615234,152.61,97.6046,110.2,4.940000057220459,84.02999877929688,5.329999923706055,86.80999755859375,4.730000019073486,79.63999938964844,4.945714269365583,5.030666653315226,0.9831111419387981,0.2769258147588601,5.460000038146973,5.599999904632568
2023-09-01,4.860000133514404,88.55000305175781,82.68240356445312,162.47,99.85,120.98,4.829999923706055,83.20999908447266,5.340000152587891,86.20999908447266,4.730000019073486,81.06999969482422,4.950000013623919,5.034999990463257,0.9831162247939221,0.28052146415063783,5.369999885559082,5.869999885559082
2023-09-04,4.860000133514404,88.55000305175781,82.6969985961914,162.47,99.85,120.98,5.059999942779541,83.36000061035156,5.590000152587891,84.88999938964844,4.559999942779541,82.73999786376953,4.9214286123003275,5.044999996821086,0.9755042339661114,0.2506967658219746,5.53000020980835,5.809999942779541
2023-09-05,4.900000095367432,90.04000091552734,82.7345962524414,162.47,99.85,120.98,4.940000057220459,84.4800033569336,5.659999847412109,83.44999694824219,4.789999961853027,83.63999938964844,4.91571433203561,5.048666667938233,0.9736639233114286,0.18358003447699645,5.590000152587891,6.090000152587891
2023-09-06,5.070000171661377,90.5999984741211,83.08609771728516,162.47,99.85,120.98,4.96999979019165,84.41999816894531,5.449999809265137,84.12000274658203,4.869999885559082,82.91999816894531,4.930000100816999,5.055333344141642,0.975205790231855,0.13385451370052162,5.539999961853027,5.829999923706055
2023-09-07,5.239999771118164,89.91999816894531,83.25740051269531,162.47,99.85,120.98,5.050000190734863,85.48999786376953,5.329999923706055,84.80000305175781,4.800000190734863,84.23999786376953,4.957142898014614,5.069999996821085,0.9777382887060895,0.11661900846834374,5.53000020980835,5.670000076293945
2023-09-08,5.300000190734863,90.6500015258789,83.24150085449219,162.47,99.85,120.98,4.880000114440918,85.86000061035156,5.090000152587891,84.45999908447266,4.760000228881836,84.98999786376953,5.0171429089137485,5.08799999554952,0.9860717477564395,0.14362075778645175,5.369999885559082,5.760000228881836
2023-09-11,5.099999904632568,90.63999938964844,83.03130340576172,162.47,99.85,120.98,4.889999866485596,86.86000061035156,4.940000057220459,84.02999877929688,4.949999809265137,85.55999755859375,5.047142914363316,5.092999998728434,0.9909941106778566,0.1461088614488115,5.489999771118164,5.539999961853027
2023-09-12,5.269999980926514,92.05999755859376,82.94329833984375,162.47,99.85,120.98,4.860000133514404,88.55000305175781,4.829999923706055,83.20999908447266,4.949999809265137,84.91000366210938,5.105714321136475,5.103666671117147,1.0003992513927968,0.15462998525594843,5.630000114440918,5.409999847412109
2023-09-13,5.300000190734863,91.87999725341795,82.84300231933594,162.47,99.85,120.98,4.860000133514404,88.55000305175781,5.059999942779541,83.36000061035156,4.820000171661377,83.19999694824219,5.168571472167969,5.119666671752929,1.0095503688123137,0.1709138319464189,5.590000152587891,5.289999961853027
2023-09-14,5.460000038146973,93.6999969482422,82.93679809570312,162.47,99.85,120.98,4.900000095367432,90.04000091552734,4.940000057220459,84.4800033569336,4.889999866485596,85.13999938964844,5.248571463993618,5.138666677474975,1.0213858145620172,0.20031431240681963,5.550000190734863,5.179999828338623
2023-09-15,5.480000019073486,93.93000030517578,83.0282974243164,162.47,99.85,120.98,5.070000171661377,90.5999984741211,4.96999979019165,84.41999816894531,4.889999866485596,86.23999786376953,5.307142870766776,5.158333349227905,1.028846377890131,0.223395360611555,5.75,5.059999942779541
2023-09-18,5.670000076293945,94.43000030517578,83.08580017089844,162.47,99.85,120.98,5.239999771118164,89.91999816894531,5.050000190734863,85.48999786376953,5.210000038146973,85.33999633789062,5.368571485791888,5.1736666838328045,1.0376704641339707,0.2661239832588493,5.909999847412109,4.940000057220459
2023-09-19,5.699999809265137,94.33999633789062,83.25489807128906,162.47,99.85,120.98,5.300000190734863,90.6500015258789,4.880000114440918,85.86000061035156,5.070000171661377,86.16999816894531,5.425714288439069,5.1946666717529295,1.0444758415749824,0.2883869192446631,5.96999979019165,5.010000228881836
2023-09-20,5.460000038146973,93.52999877929688,83.19499969482422,162.47,99.85,120.98,5.099999904632568,90.63999938964844,4.889999866485596,86.86000061035156,5.059999942779541,87.55000305175781,5.477142878941128,5.208000008265177,1.0516767191785026,0.2780475011801253,5.670000076293945,4.800000190734863
2023-09-21,5.369999885559082,93.3000030517578,83.08699798583984,162.47,99.85,120.98,5.269999980926514,92.05999755859376,4.860000133514404,88.55000305175781,5.21999979019165,86.4000015258789,5.491428579602923,5.213000011444092,1.053408408490991,0.25364589832939977,5.78000020980835,5.010000228881836
2023-09-22,5.53000020980835,93.2699966430664,82.89129638671875,162.47,99.85,120.98,5.300000190734863,91.87999725341795,4.860000133514404,88.55000305175781,5.329999923706055,86.80999755859375,5.524285725184849,5.219666687647502,1.0583578362733104,0.22626079580220354,5.599999904632568,5.150000095367432
2023-09-25,5.590000152587891,93.29000091552734,82.97480010986328,162.47,99.85,120.98,5.460000038146973,93.6999969482422,4.900000095367432,90.04000091552734,5.340000152587891,86.20999908447266,5.5428571701049805,5.228000020980835,1.0602231342060582,0.19445048116565927,5.869999885559082,5.269999980926514
2023-09-26,5.539999961853027,93.95999908447266,83.0282974243164,162.47,99.85,120.98,5.480000019073486,93.93000030517578,5.070000171661377,90.5999984741211,5.590000152587891,84.88999938964844,5.5514285905020575,5.22633334795634,1.0622012793462634,0.17331450970847892,5.809999942779541,5.199999809265137
2023-09-27,5.53000020980835,96.5500030517578,83.29869842529297,162.47,99.85,120.98,5.670000076293945,94.43000030517578,5.239999771118164,89.91999816894531,5.659999847412109,83.44999694824219,5.531428609575544,5.222000026702881,1.0592527745619873,0.16613248221158253,6.090000152587891,5.400000095367432
2023-09-28,5.369999885559082,95.37999725341795,83.22270202636719,162.47,99.85,120.98,5.699999809265137,94.33999633789062,5.300000190734863,90.6500015258789,5.449999809265137,84.12000274658203,5.484285763331822,5.219333362579346,1.050761634624771,0.1622794582247164,5.829999923706055,5.800000190734863
2023-09-29,5.489999771118164,95.30999755859376,83.19300079345703,162.47,99.85,120.98,5.460000038146973,93.52999877929688,5.099999904632568,90.63999938964844,5.329999923706055,84.80000305175781,5.488571439470563,5.224666690826416,1.050509297370974,0.12609084365687087,5.670000076293945,5.699999809265137
2023-10-02,5.630000114440918,90.70999908447266,83.03479766845703,142.12,128.4,118.97,5.369999885559082,93.3000030517578,5.269999980926514,92.05999755859376,5.090000152587891,84.45999908447266,5.5257143293108255,5.24266668955485,1.0539872390605127,0.11561588668782188,5.760000228881836,5.949999809265137
2023-10-03,5.590000152587891,90.91999816894533,83.3593978881836,142.12,128.4,118.97,5.53000020980835,93.2699966430664,5.300000190734863,91.87999725341795,4.940000057220459,84.02999877929688,5.534285749707903,5.264333359400431,1.0512775045011915,0.1003428552750932,5.539999961853027,5.929999828338623
2023-10-04,5.550000190734863,85.80999755859375,83.22979736328125,142.12,128.4,118.97,5.590000152587891,93.29000091552734,5.460000038146973,93.6999969482422,4.829999923706055,83.20999908447266,5.528571469443185,5.288333368301392,1.0454259650728683,0.09842723158176805,5.409999847412109,6.150000095367432
2023-10-05,5.75,84.06999969482422,83.44979858398438,142.12,128.4,118.97,5.539999961853027,93.95999908447266,5.480000019073486,93.93000030517578,5.059999942779541,83.36000061035156,5.558571474892752,5.31133337020874,1.0465471891858305,0.11216405781262016,5.289999961853027,6.440000057220459
2023-10-06,5.909999847412109,84.58000183105469,83.22489929199219,142.12,128.4,118.97,5.53000020980835,96.5500030517578,5.670000076293945,94.43000030517578,4.940000057220459,84.4800033569336,5.612857137407575,5.343666696548462,1.0503736390027076,0.14471076372656463,5.179999828338623,6.420000076293945
2023-10-09,5.96999979019165,88.1500015258789,83.12460327148438,142.12,128.4,118.97,5.369999885559082,95.37999725341795,5.699999809265137,94.33999633789062,4.96999979019165,84.41999816894531,5.6985714094979425,5.3770000298817955,1.0598030090755133,0.17736777411257504,5.059999942779541,6.420000076293945
2023-10-10,5.670000076293945,87.6500015258789,83.27030181884766,142.12,128.4,118.97,5.489999771118164,95.30999755859376,5.460000038146973,93.52999877929688,5.050000190734863,85.48999786376953,5.724285738808768,5.397666692733765,1.0605091902808255,0.17425032157458753,4.940000057220459,6.550000190734863
2023-10-11,5.78000020980835,85.81999969482422,83.25029754638672,142.12,128.4,118.97,5.630000114440918,90.70999908447266,5.369999885559082,93.3000030517578,4.880000114440918,85.86000061035156,5.745714323861258,5.427666695912679,1.0585955365005582,0.16570192960457356,5.010000228881836,6.619999885559082
2023-10-12,5.599999904632568,86.0,83.21800231933594,142.12,128.4,118.97,5.590000152587891,90.91999816894533,5.53000020980835,93.2699966430664,4.889999866485596,86.86000061035156,5.747142859867641,5.451333363850911,1.0542617619682964,0.1633054551050679,4.800000190734863,6.619999885559082
2023-10-13,5.869999885559082,90.88999938964844,83.26239776611328,142.12,128.4,118.97,5.550000190734863,85.80999755859375,5.590000152587891,93.29000091552734,4.860000133514404,88.55000305175781,5.792857101985386,5.485000022252401,1.056125162667719,0.17344755240735998,5.010000228881836,7.519999980926514
2023-10-16,5.809999942779541,89.6500015258789,83.28230285644531,142.12,128.4,118.97,5.75,84.06999969482422,5.539999961853027,93.95999908447266,4.860000133514404,88.55000305175781,5.801428522382464,5.5166666825612385,1.0516165539882651,0.17400261093708438,5.150000095367432,7.769999980926514
2023-10-17,6.090000152587891,89.9000015258789,83.19950103759766,142.12,128.4,118.97,5.909999847412109,84.58000183105469,5.53000020980835,96.5500030517578,4.900000095367432,90.04000091552734,5.8271428516932895,5.556333351135254,1.0487369990378128,0.19938366689838355,5.269999980926514,7.800000190734863
2023-10-18,5.829999923706055,91.5,83.26429748535156,142.12,128.4,118.97,5.96999979019165,88.1500015258789,5.369999885559082,95.37999725341795,5.070000171661377,90.5999984741211,5.807142870766776,5.58166667620341,1.0403939904875905,0.1734903291552441,5.199999809265137,8.710000038146973
2023-10-19,5.670000076293945,92.37999725341795,83.26860046386719,142.12,128.4,118.97,5.670000076293945,87.6500015258789,5.489999771118164,95.30999755859376,5.239999771118164,89.91999816894531,5.807142870766776,5.596000019709269,1.0377291767373347,0.15853721452373962,5.400000095367432,9.329999923706056
2023-10-20,5.760000228881836,92.16000366210938,83.12229919433594,142.12,128.4,118.97,5.78000020980835,85.81999969482422,5.630000114440918,90.70999908447266,5.300000190734863,90.6500015258789,5.804285730634417,5.611333354314168,1.0343843468733578,0.15371046540512126,5.800000190734863,10.039999961853027
2023-10-23,5.539999961853027,89.83000183105469,83.15979766845703,142.12,128.4,118.97,5.599999904632568,86.0,5.590000152587891,90.91999816894533,5.099999904632568,90.63999938964844,5.795714310237339,5.626000022888183,1.0301642348056175,0.1588350129963541,5.699999809265137,9.34000015258789
2023-10-24,5.409999847412109,88.06999969482422,83.02940368652344,142.12,128.4,118.97,5.869999885559082,90.88999938964844,5.550000190734863,85.80999755859375,5.269999980926514,92.05999755859376,5.730000019073486,5.63066668510437,1.017639679833131,0.17719426308476016,5.949999809265137,8.300000190734863
2023-10-25,5.289999961853027,90.12999725341795,82.98780059814453,142.12,128.4,118.97,5.809999942779541,89.6500015258789,5.75,84.06999969482422,5.300000190734863,91.87999725341795,5.6557143075125555,5.6303333441416425,1.0045061130059345,0.21753364244590223,5.929999828338623,8.229999542236328
2023-10-26,5.179999828338623,87.93000030517578,83.1709976196289,142.12,128.4,118.97,6.090000152587891,89.9000015258789,5.909999847412109,84.58000183105469,5.460000038146973,93.6999969482422,5.525714261191232,5.621000003814697,0.9830465089799177,0.25496933972084684,6.150000095367432,8.34000015258789
2023-10-27,5.059999942779541,90.4800033569336,83.28250122070312,142.12,128.4,118.97,5.829999923706055,91.5,5.96999979019165,88.1500015258789,5.480000019073486,93.93000030517578,5.415714263916016,5.607000001271566,0.9658827543892078,0.2882002403329266,6.440000057220459,8.699999809265137
2023-10-30,4.940000057220459,87.44999694824219,83.41339874267578,142.12,128.4,118.97,5.670000076293945,92.37999725341795,5.670000076293945,87.6500015258789,5.670000076293945,94.43000030517578,5.311428546905518,5.582666667302449,0.9514125326323083,0.3384459115634726,6.420000076293945,8.600000381469727
2023-10-31,5.010000228881836,87.41000366210938,83.29650115966797,142.12,128.4,118.97,5.760000228881836,92.16000366210938,5.78000020980835,85.81999969482422,5.699999809265137,94.33999633789062,5.204285689762661,5.559666681289673,0.9360770397453091,0.36159293999976877,6.420000076293945,9.4399995803833
2023-11-01,4.800000190734863,84.62999725341797,83.2771987915039,126.82,109.0,131.07,5.539999961853027,89.83000183105469,5.599999904632568,86.0,5.460000038146973,93.52999877929688,5.09857143674578,5.537666686375936,0.9207058709818751,0.405812152284495,6.550000190734863,8.869999885559082
2023-11-02,5.010000228881836,86.8499984741211,85.19400024414062,126.82,109.0,131.07,5.409999847412109,88.06999969482422,5.869999885559082,90.88999938964844,5.369999885559082,93.3000030517578,5.041428634098598,5.525666697820028,0.9123640252220198,0.4019512645617194,6.619999885559082,9.239999771118164
2023-11-03,5.150000095367432,84.88999938964844,83.24729919433594,126.82,109.0,131.07,5.289999961853027,90.12999725341795,5.809999942779541,89.6500015258789,5.53000020980835,93.2699966430664,5.021428653172085,5.513000027338664,0.9108324904673022,0.38677873732813284,6.619999885559082,9.920000076293944
2023-11-06,5.269999980926514,85.18000030517578,83.15850067138672,126.82,109.0,131.07,5.179999828338623,87.93000030517578,6.090000152587891,89.9000015258789,5.590000152587891,93.29000091552734,5.034285817827497,5.502333354949951,0.9149348728480592,0.3206723346778779,7.519999980926514,10.600000381469728
2023-11-07,5.199999809265137,81.61000061035156,83.2228012084961,126.82,109.0,131.07,5.059999942779541,90.4800033569336,5.829999923706055,91.5,5.539999961853027,93.95999908447266,5.054285798754011,5.4910000165303545,0.9204655944058358,0.27905745960341355,7.769999980926514,9.779999732971191
2023-11-08,5.400000095367432,79.54000091552734,83.23269653320312,126.82,109.0,131.07,4.940000057220459,87.44999694824219,5.670000076293945,92.37999725341795,5.53000020980835,96.5500030517578,5.120000089917864,5.486666679382324,0.9331696378533938,0.25497250150058415,7.800000190734863,10.039999961853027
2023-11-09,5.800000190734863,80.01000213623047,83.21769714355469,126.82,109.0,131.07,5.010000228881836,87.41000366210938,5.760000228881836,92.16000366210938,5.369999885559082,95.37999725341795,5.2328572273254395,5.501000022888183,0.9512538980210845,0.26167672915301693,8.710000038146973,9.970000267028809
2023-11-10,5.699999809265137,81.43000030517578,83.31939697265625,126.82,109.0,131.07,4.800000190734863,84.62999725341797,5.539999961853027,89.83000183105469,5.489999771118164,95.30999755859376,5.361428601401193,5.50800002415975,0.9733875896892694,0.2796700863710925,9.329999923706056,10.4399995803833
2023-11-13,5.949999809265137,82.5199966430664,83.29889678955078,126.82,109.0,131.07,5.010000228881836,86.8499984741211,5.409999847412109,88.06999969482422,5.630000114440918,90.70999908447266,5.495714255741665,5.51866668065389,0.9958391429248389,0.33763553801841567,10.039999961853027,10.4399995803833
2023-11-14,5.929999828338623,82.47000122070312,83.19760131835938,126.82,109.0,131.07,5.150000095367432,84.88999938964844,5.289999961853027,90.12999725341795,5.590000152587891,90.91999816894533,5.607142789023263,5.530000003178914,1.0139480373091567,0.381267322868218,9.34000015258789,10.399999618530272
2023-11-15,6.150000095367432,81.18000030517578,82.98159790039062,126.82,109.0,131.07,5.269999980926514,85.18000030517578,5.179999828338623,87.93000030517578,5.550000190734863,85.80999755859375,5.7328570910862515,5.55,1.0329453624563292,0.4387850940459129,8.300000190734863,10.869999885559082
2023-11-16,6.440000057220459,77.41999816894531,83.18620300292969,126.82,109.0,131.07,5.199999809265137,81.61000061035156,5.059999942779541,90.4800033569336,5.75,84.06999969482422,5.909999983651297,5.5730000019073485,1.0604682176469475,0.5097687967196782,8.229999542236328,11.649999618530272
2023-11-17,6.420000076293945,80.61000061035156,83.12030029296875,126.82,109.0,131.07,5.400000095367432,79.54000091552734,4.940000057220459,87.44999694824219,5.909999847412109,84.58000183105469,6.055714266640799,5.590000009536743,1.0833100935972475,0.5411835348934131,8.34000015258789,11.5600004196167
2023-11-20,6.420000076293945,82.31999969482422,83.29149627685547,126.82,109.0,131.07,5.800000190734863,80.01000213623047,5.010000228881836,87.41000366210938,5.96999979019165,88.1500015258789,6.144285678863525,5.605000019073486,1.0962131482289807,0.556359808614749,8.699999809265137,11.5600004196167
2023-11-21,6.550000190734863,82.44999694824219,83.32219696044922,126.82,109.0,131.07,5.699999809265137,81.43000030517578,4.800000190734863,84.62999725341797,5.670000076293945,87.6500015258789,6.265714304787772,5.634333356221517,1.1120575919231275,0.5376388305920512,8.600000381469727,10.619999885559082
2023-11-22,6.619999885559082,81.95999908447266,83.345703125,126.82,109.0,131.07,5.949999809265137,82.5199966430664,5.010000228881836,86.8499984741211,5.78000020980835,85.81999969482422,6.361428601401193,5.662333345413208,1.123462180468848,0.5245636898599845,9.4399995803833,10.140000343322754
2023-11-23,6.619999885559082,81.37000274658203,83.54830169677734,126.82,109.0,131.07,5.929999828338623,82.47000122070312,5.150000095367432,84.88999938964844,5.599999904632568,86.0,6.460000038146973,5.696333344777425,1.134060861002996,0.5034283904205581,8.869999885559082,10.899999618530272
2023-11-24,7.519999980926514,80.58000183105469,83.34400177001953,126.82,109.0,131.07,6.150000095367432,81.18000030517578,5.269999980926514,85.18000030517578,5.869999885559082,90.88999938964844,6.6557143075125555,5.751333347956339,1.1572451694920236,0.5922280801436031,9.239999771118164,10.609999656677246
2023-11-27,7.769999980926514,79.9800033569336,83.31449890136719,126.82,109.0,131.07,6.440000057220459,77.41999816894531,5.199999809265137,81.61000061035156,5.809999942779541,89.6500015258789,6.845714296613421,5.816666682561238,1.1769116060958489,0.6552765545106064,9.920000076293944,9.609999656677246
2023-11-28,7.800000190734863,81.68000030517578,83.364501953125,126.82,109.0,131.07,6.420000076293945,80.61000061035156,5.400000095367432,79.54000091552734,6.090000152587891,89.9000015258789,7.0428571701049805,5.873666683832805,1.1990542805139965,0.6926478498009887,10.600000381469728,9.0
2023-11-29,8.710000038146973,83.0999984741211,83.41809844970703,126.82,109.0,131.07,6.420000076293945,82.31999969482422,5.800000190734863,80.01000213623047,5.829999923706055,91.5,7.37000002179827,5.969666687647502,1.2345727260319352,0.8655494883113466,9.779999732971191,9.550000190734863
2023-11-30,9.329999923706056,82.83000183105469,83.3302993774414,126.82,109.0,131.07,6.550000190734863,82.44999694824219,5.699999809265137,81.43000030517578,5.670000076293945,92.37999725341795,7.767142840794155,6.091666682561239,1.275041871974149,1.0488133157140354,10.039999961853027,9.4399995803833
2023-12-01,10.039999961853027,78.87999725341797,83.35269927978516,141.82,108.8294,137.05,6.619999885559082,81.95999908447266,5.949999809265137,82.5199966430664,5.760000228881836,92.16000366210938,8.255714280264717,6.234333340326945,1.3242315717298572,1.2743013497013138,9.970000267028809,9.5
2023-12-04,9.34000015258789,78.02999877929688,83.21859741210938,141.82,108.8294,137.05,6.619999885559082,81.37000274658203,5.929999828338623,82.47000122070312,5.539999961853027,89.83000183105469,8.644285746983119,6.361000013351441,1.358948614895936,1.3157517675294712,10.4399995803833,9.5
2023-12-05,8.300000190734863,77.19999694824219,83.41709899902344,141.82,108.8294,137.05,7.519999980926514,80.58000183105469,6.150000095367432,81.18000030517578,5.409999847412109,88.06999969482422,8.755714348384313,6.457333358128865,1.3559313579573138,1.2639602839674657,10.4399995803833,9.770000457763672
2023-12-06,8.229999542236328,74.30000305175781,83.31590270996094,141.82,108.8294,137.05,7.769999980926514,79.9800033569336,6.440000057220459,77.41999816894531,5.289999961853027,90.12999725341795,8.821428571428571,6.555333344141642,1.3456852079780195,1.2156897696870648,10.399999618530272,10.0600004196167
2023-12-07,8.34000015258789,74.05000305175781,83.28959655761719,141.82,108.8294,137.05,7.800000190734863,81.68000030517578,6.420000076293945,80.61000061035156,5.179999828338623,87.93000030517578,8.898571423121862,6.660666688283285,1.3359860926405918,1.1505080070775893,10.869999885559082,11.1899995803833
2023-12-08,8.699999809265137,75.83999633789062,83.35489654541016,141.82,108.8294,137.05,8.710000038146973,83.0999984741211,6.420000076293945,82.31999969482422,5.059999942779541,90.4800033569336,8.897142818995885,6.782000017166138,1.3118740309253563,1.0728653702072273,11.649999618530272,11.050000190734863
2023-12-11,8.600000381469727,76.02999877929688,83.43009948730469,141.82,108.8294,137.05,9.329999923706056,82.83000183105469,6.550000190734863,82.44999694824219,4.940000057220459,87.44999694824219,8.79285717010498,6.904000027974447,1.2735869638770931,0.9755945265361611,11.5600004196167,10.43000030517578
2023-12-12,9.4399995803833,73.23999786376953,83.34349822998047,141.82,108.8294,137.05,10.039999961853027,78.87999725341797,6.619999885559082,81.95999908447266,5.010000228881836,87.41000366210938,8.70714282989502,7.051666673024496,1.234762062078562,0.8942195140077124,11.5600004196167,10.720000267028809
2023-12-13,8.869999885559082,74.26000213623047,83.39600372314453,141.82,108.8294,137.05,9.34000015258789,78.02999877929688,6.619999885559082,81.37000274658203,4.800000190734863,84.62999725341797,8.63999993460519,7.187333329518636,1.2021131506436389,0.7189540936622134,10.619999885559082,11.75
2023-12-14,9.239999771118164,76.61000061035156,83.2853012084961,141.82,108.8294,137.05,8.300000190734863,77.19999694824219,7.519999980926514,80.58000183105469,5.010000228881836,86.8499984741211,8.774285588945661,7.328333314259847,1.1973082063271012,0.6567137844742531,10.140000343322754,11.100000381469728
2023-12-15,9.920000076293944,76.55000305175781,83.29660034179688,141.82,108.8294,137.05,8.229999542236328,74.30000305175781,7.769999980926514,79.9800033569336,5.150000095367432,84.88999938964844,9.015714236668178,7.487333313624064,1.2041272663780584,0.6575227754840678,10.899999618530272,11.0600004196167
2023-12-18,10.600000381469728,77.94999694824219,83.04170227050781,141.82,108.8294,137.05,8.34000015258789,74.05000305175781,7.800000190734863,81.68000030517578,5.269999980926514,85.18000030517578,9.338571412222725,7.664999993642171,1.2183377999466027,0.7144859569168384,10.609999656677246,10.75
2023-12-19,9.779999732971191,79.2300033569336,83.11119842529297,141.82,108.8294,137.05,8.699999809265137,75.83999633789062,8.710000038146973,83.0999984741211,5.199999809265137,81.61000061035156,9.492857115609306,7.817666657765707,1.2142811133253453,0.7245768363746642,9.609999656677246,10.979999542236328
2023-12-20,10.039999961853027,79.69999694824219,83.09159851074219,141.82,108.8294,137.05,8.600000381469727,76.02999877929688,9.329999923706056,82.83000183105469,5.400000095367432,79.54000091552734,9.698571341378349,7.972333319981893,1.2165270551093599,0.758791729273191,9.0,11.239999771118164
2023-12-21,9.970000267028809,79.38999938964844,83.26719665527344,141.82,108.8294,137.05,9.4399995803833,73.23999786376953,10.039999961853027,78.87999725341797,5.800000190734863,80.01000213623047,9.77428572518485,8.111333322525024,1.2050144269003966,0.7533664955303254,9.550000190734863,11.109999656677246
2023-12-22,10.4399995803833,79.06999969482422,83.13159942626953,141.82,108.8294,137.05,8.869999885559082,74.26000213623047,9.34000015258789,78.02999877929688,5.699999809265137,81.43000030517578,9.998571395874023,8.26933331489563,1.2091131079131185,0.8190187875538619,9.4399995803833,11.170000076293944
2023-12-25,10.4399995803833,79.06999969482422,83.16500091552734,141.82,108.8294,137.05,9.239999771118164,76.61000061035156,8.300000190734863,77.19999694824219,5.949999809265137,82.5199966430664,10.169999940054756,8.418999973932902,1.2079805073925918,0.8138340299849252,9.5,11.8100004196167
2023-12-26,10.399999618530272,81.06999969482422,83.17230224609375,141.82,108.8294,137.05,9.920000076293944,76.55000305175781,8.229999542236328,74.30000305175781,5.929999828338623,82.47000122070312,10.238571303231376,8.56799996693929,1.1949765864813593,0.7641931039691793,9.5,12.640000343322754
2023-12-27,10.869999885559082,79.6500015258789,83.18280029296875,141.82,108.8294,137.05,10.600000381469728,77.94999694824219,8.34000015258789,74.05000305175781,6.150000095367432,81.18000030517578,10.277142660958427,8.725333293279013,1.177849663390865,0.7349848218238412,9.770000457763672,11.800000190734863
2023-12-28,11.649999618530272,78.38999938964844,83.26719665527344,141.82,108.8294,137.05,9.779999732971191,79.2300033569336,8.699999809265137,75.83999633789062,6.440000057220459,77.41999816894531,10.544285501752581,8.898999945322673,1.1848829888424461,0.8117961823412788,10.0600004196167,12.550000190734863
2023-12-29,11.5600004196167,77.04000091552734,82.302001953125,141.82,108.8294,137.05,10.039999961853027,79.69999694824219,8.600000381469727,76.02999877929688,6.420000076293945,80.61000061035156,10.761428424290248,9.070333290100098,1.1864411390069325,0.7992785777274423,11.1899995803833,12.350000381469728
2024-01-01,11.5600004196167,77.04000091552734,83.24859619140625,124.9,106.75,135.82,9.970000267028809,79.38999938964844,9.4399995803833,73.23999786376953,6.420000076293945,82.31999969482422,10.988571303231376,9.241666634877523,1.1890235654601005,0.8379817010556768,11.050000190734863,12.5
2024-01-02,10.619999885559082,75.88999938964844,83.20259857177734,124.9,106.75,135.82,10.4399995803833,79.06999969482422,8.869999885559082,74.26000213623047,6.550000190734863,82.44999694824219,11.014285632542201,9.377333291371663,1.1745635507102243,0.716965995689869,10.43000030517578,12.260000228881836
2024-01-03,10.140000343322754,78.25,83.25700378417969,124.9,106.75,135.82,10.4399995803833,79.06999969482422,9.239999771118164,76.61000061035156,6.619999885559082,81.95999908447266,10.97142859867641,9.494666639963786,1.1555347290603735,0.6297187243493303,10.720000267028809,12.75
2024-01-04,10.899999618530272,77.58999633789062,83.31809997558594,124.9,106.75,135.82,10.399999618530272,81.06999969482422,9.920000076293944,76.55000305175781,6.619999885559082,81.37000274658203,11.04285717010498,9.637333297729493,1.145840386603912,0.6058365911661928,11.75,12.789999961853027
2024-01-05,10.609999656677246,78.76000213623047,83.2406005859375,124.9,106.75,135.82,10.869999885559082,79.6500015258789,10.600000381469728,77.94999694824219,7.519999980926514,80.58000183105469,11.005714280264717,9.740333286921183,1.1299103076831603,0.6057907929782284,11.100000381469728,12.81999969482422
2024-01-08,9.609999656677246,76.12000274658203,83.19110107421875,124.9,106.75,135.82,11.649999618530272,78.38999938964844,9.779999732971191,79.2300033569336,7.769999980926514,79.9800033569336,10.714285714285714,9.801666609446208,1.0931074489807175,0.6257607028346582,11.0600004196167,12.81999969482422
2024-01-09,9.0,77.58999633789062,83.05069732666016,124.9,106.75,135.82,11.5600004196167,77.04000091552734,10.039999961853027,79.69999694824219,7.800000190734863,81.68000030517578,10.348571368626185,9.84166660308838,1.0515049199420696,0.7504127493119553,10.75,12.5
2024-01-10,9.550000190734863,76.80000305175781,83.131103515625,124.9,106.75,135.82,11.5600004196167,77.04000091552734,9.970000267028809,79.38999938964844,8.710000038146973,83.0999984741211,10.061428478785924,9.869666608174642,1.019428384355822,0.783274716705102,10.979999542236328,12.949999809265137
2024-01-11,9.4399995803833,77.41000366210938,83.02559661865234,124.9,106.75,135.82,10.619999885559082,75.88999938964844,10.4399995803833,79.06999969482422,9.329999923706056,82.83000183105469,9.892857006617955,9.873333263397218,1.0019764068462078,0.8354787993261565,11.239999771118164,13.510000228881836
2024-01-12,9.5,78.29000091552734,83.07610321044922,124.9,106.75,135.82,10.140000343322754,78.25,10.4399995803833,79.06999969482422,10.039999961853027,78.87999725341797,9.801428386143275,9.855333264668783,0.9945293758849789,0.8735569442783644,11.109999656677246,14.336999893188477
2024-01-15,9.5,78.29000091552734,82.87210083007812,124.9,106.75,135.82,10.899999618530272,77.58999633789062,10.399999618530272,81.06999969482422,9.34000015258789,78.02999877929688,9.601428440638951,9.860666592915853,0.9737088880429208,0.9050302483912755,11.170000076293944,13.732999801635742
2024-01-16,9.770000457763672,78.29000091552734,82.8593978881836,124.9,106.75,135.82,10.609999656677246,78.76000213623047,10.869999885559082,79.6500015258789,8.300000190734863,77.19999694824219,9.48142855507987,9.909666601816813,0.9567848615101698,0.9015508888210318,11.8100004196167,14.449999809265137
2024-01-17,10.0600004196167,77.87999725341797,83.08899688720703,124.9,106.75,135.82,9.609999656677246,76.12000274658203,11.649999618530272,78.38999938964844,8.229999542236328,74.30000305175781,9.545714378356934,9.970666631062825,0.9573787949975274,0.80581548300383,12.640000343322754,15.029999732971191
2024-01-18,11.1899995803833,79.0999984741211,83.17759704589844,124.9,106.75,135.82,9.0,77.58999633789062,11.5600004196167,77.04000091552734,8.34000015258789,74.05000305175781,9.858571461268834,10.06566661198934,0.9794246170720585,0.7600769714682081,11.800000190734863,15.25
2024-01-19,11.050000190734863,78.55999755859375,83.16059875488281,124.9,106.75,135.82,9.550000190734863,76.80000305175781,11.5600004196167,77.04000091552734,8.699999809265137,75.83999633789062,10.072857175554548,10.14399995803833,0.992985734164486,0.6942779551516454,12.550000190734863,16.100000381469727
2024-01-22,10.43000030517578,80.05999755859375,83.12470245361328,124.9,106.75,135.82,9.4399995803833,77.41000366210938,10.619999885559082,75.88999938964844,8.600000381469727,76.02999877929688,10.214285850524902,10.204999955495198,1.0009089550201478,0.6844267949515441,12.350000381469728,16.229999542236328
2024-01-23,10.720000267028809,79.55000305175781,83.09510040283203,124.9,106.75,135.82,9.5,78.29000091552734,10.140000343322754,78.25,9.4399995803833,73.23999786376953,10.388571602957589,10.24766664505005,1.013748966013247,0.7072345581822842,12.5,15.75
2024-01-24,11.75,80.04000091552734,83.22139739990234,124.9,106.75,135.82,9.5,78.29000091552734,10.899999618530272,77.58999633789062,8.869999885559082,74.26000213623047,10.710000174386161,10.343666648864746,1.0354152143340272,0.8105906107935501,12.260000228881836,15.56999969482422
2024-01-25,11.100000381469728,82.43000030517578,83.09760284423828,124.9,106.75,135.82,9.770000457763672,78.29000091552734,10.609999656677246,78.76000213623047,9.239999771118164,76.61000061035156,10.900000163487025,10.405666669209799,1.0475051752991635,0.8416967185510461,12.75,16.43000030517578
2024-01-26,11.0600004196167,83.55000305175781,83.14610290527344,124.9,106.75,135.82,10.0600004196167,77.87999725341797,9.609999656677246,76.12000274658203,9.920000076293944,76.55000305175781,11.04285730634417,10.44366668065389,1.0573725751966467,0.853866487386156,12.789999961853027,16.84000015258789
2024-01-29,10.75,82.4000015258789,83.12129974365234,124.9,106.75,135.82,11.1899995803833,79.0999984741211,9.0,77.58999633789062,10.600000381469728,77.94999694824219,10.980000223432269,10.448666667938232,1.0508507988503848,0.7741940359758811,12.81999969482422,16.040000915527344
2024-01-30,10.979999542236328,82.87000274658203,83.1530990600586,124.9,106.75,135.82,11.050000190734863,78.55999755859375,9.550000190734863,76.80000305175781,9.779999732971191,79.2300033569336,10.97000013078962,10.488666661580403,1.0458898185861982,0.7444446265158033,12.81999969482422,16.479999542236328
2024-01-31,11.239999771118164,81.70999908447266,83.10970306396484,124.9,106.75,135.82,10.43000030517578,80.05999755859375,9.4399995803833,77.41000366210938,10.039999961853027,79.69999694824219,11.085714340209961,10.528666655222574,1.0529067140371413,0.6972472476667899,12.5,16.25
2024-02-01,11.109999656677246,78.69999694824219,83.05359649658203,124.22,105.193,124.39,10.720000267028809,79.55000305175781,9.5,78.29000091552734,9.970000267028809,79.38999938964844,11.141428538731166,10.566666634877523,1.054392873342651,0.6216570828748471,12.949999809265137,16.059999465942383
2024-02-02,11.170000076293944,77.33000183105469,82.92759704589844,124.22,105.193,124.39,11.75,80.04000091552734,9.5,78.29000091552734,10.4399995803833,79.06999969482422,11.058571406773158,10.590999984741211,1.0441470098418921,0.5105457515149102,13.510000228881836,15.6899995803833
2024-02-05,11.8100004196167,77.98999786376953,82.99929809570312,124.22,105.193,124.39,11.100000381469728,82.43000030517578,9.770000457763672,78.29000091552734,10.4399995803833,79.06999969482422,11.159999983651298,10.636666679382325,1.0491998882774505,0.4562893124739291,14.336999893188477,16.190000534057617
2024-02-06,12.640000343322754,78.58999633789062,83.10369873046875,124.22,105.193,124.39,11.0600004196167,83.55000305175781,10.0600004196167,77.87999725341797,10.399999618530272,81.06999969482422,11.385714258466448,10.71133337020874,1.0629585725104589,0.5464813039249851,13.732999801635742,15.489999771118164
2024-02-07,11.800000190734863,79.20999908447266,83.07060241699219,124.22,105.193,124.39,10.75,82.4000015258789,11.1899995803833,79.0999984741211,10.869999885559082,79.6500015258789,11.535714285714286,10.742333380381266,1.0738545471169683,0.5682792194195977,14.449999809265137,14.68000030517578
2024-02-08,12.550000190734863,81.62999725341797,83.01260375976562,124.22,105.193,124.39,10.979999542236328,82.87000274658203,11.050000190734863,78.55999755859375,11.649999618530272,78.38999938964844,11.760000092642647,10.772333399454753,1.0916844790928113,0.6600670740208743,15.029999732971191,15.270000457763672
2024-02-09,12.350000381469728,82.19000244140625,82.98529815673828,124.22,105.193,124.39,11.239999771118164,81.70999908447266,10.43000030517578,80.05999755859375,11.5600004196167,77.04000091552734,11.918571608407158,10.798666731516521,1.1037066767284702,0.6502447843949899,15.25,14.729999542236328
2024-02-12,12.5,82.0,83.0145034790039,124.22,105.193,124.39,11.109999656677246,78.69999694824219,10.720000267028809,79.55000305175781,11.5600004196167,77.04000091552734,12.117143086024694,10.83000005086263,1.118848738746973,0.6595041754452017,16.100000381469727,14.06999969482422
2024-02-13,12.260000228881836,82.7699966430664,82.99019622802734,124.22,105.193,124.39,11.170000076293944,77.33000183105469,11.75,80.04000091552734,10.619999885559082,75.88999938964844,12.27285739353725,10.88466672897339,1.1275353140133901,0.6804379256475379,16.229999542236328,13.380000114440918
2024-02-14,12.75,81.5999984741211,83.07460021972656,124.22,105.193,124.39,11.8100004196167,77.98999786376953,11.100000381469728,82.43000030517578,10.140000343322754,78.25,12.407143047877721,10.971666717529297,1.130833815769927,0.7168372701221726,15.75,13.350000381469728
2024-02-15,12.789999961853027,82.86000061035156,83.04309844970703,124.22,105.193,124.39,12.640000343322754,78.58999633789062,11.0600004196167,83.55000305175781,10.899999618530272,77.58999633789062,12.428571564810616,11.034666728973388,1.126319498982451,0.7314731374998598,15.56999969482422,13.859999656677246
2024-02-16,12.81999969482422,83.47000122070312,83.00959777832031,124.22,105.193,124.39,11.800000190734863,79.20999908447266,10.75,82.4000015258789,10.609999656677246,78.76000213623047,12.574285779680524,11.108333396911622,1.1319676868448691,0.6874675911059751,16.43000030517578,13.859999656677246
2024-02-19,12.81999969482422,83.47000122070312,83.01599884033203,124.22,105.193,124.39,12.550000190734863,81.62999725341797,10.979999542236328,82.87000274658203,9.609999656677246,76.12000274658203,12.612857137407575,11.215333398183187,1.1246073071156053,0.6404158367629738,16.84000015258789,13.890000343322754
2024-02-20,12.5,82.33999633789062,83.02100372314453,124.22,105.193,124.39,12.350000381469728,82.19000244140625,11.239999771118164,81.70999908447266,9.0,77.58999633789062,12.634285654340472,11.332000064849854,1.114920087613589,0.5831559487554835,16.040000915527344,12.699999809265137
2024-02-21,12.949999809265137,83.02999877929688,82.8291015625,124.22,105.193,124.39,12.5,82.0,11.109999656677246,78.69999694824219,9.550000190734863,76.80000305175781,12.698571341378349,11.44533338546753,1.1094967545929708,0.5017074043498029,16.479999542236328,13.31999969482422
2024-02-22,13.510000228881836,83.66999816894531,82.93840026855469,124.22,105.193,124.39,12.260000228881836,82.7699966430664,11.170000076293944,77.33000183105469,9.4399995803833,77.41000366210938,12.877142769949776,11.581000073750813,1.1119187953334693,0.4440676274804738,16.25,12.710000038146973
2024-02-23,14.336999893188477,81.62000274658203,82.87229919433594,124.22,105.193,124.39,12.75,81.5999984741211,11.8100004196167,77.98999786376953,9.5,78.29000091552734,13.103857040405273,11.742233403523763,1.1159585600544526,0.5965828521742036,16.059999465942383,12.850000381469728
2024-02-26,13.732999801635742,82.52999877929688,82.88179779052734,124.22,105.193,124.39,12.789999961853027,82.86000061035156,12.640000343322754,78.58999633789062,9.5,78.29000091552734,13.238571303231376,11.88333339691162,1.1140443275140874,0.649477772567606,15.6899995803833,12.510000228881836
2024-02-27,14.449999809265137,83.6500015258789,82.85199737548828,124.22,105.193,124.39,12.81999969482422,83.47000122070312,11.800000190734863,79.20999908447266,9.770000457763672,78.29000091552734,13.47142846243722,12.039333375295003,1.1189504313068177,0.7085544374436628,16.190000534057617,12.779999732971191
2024-02-28,15.029999732971191,83.68000030517578,82.94819641113281,124.22,105.193,124.39,12.81999969482422,83.47000122070312,12.550000190734863,81.62999725341797,10.0600004196167,77.87999725341797,13.787142753601074,12.205000019073486,1.1296297776122344,0.8723247342209589,15.489999771118164,13.5
2024-02-29,15.25,83.62000274658203,82.91190338134766,124.22,105.193,124.39,12.5,82.33999633789062,12.350000381469728,82.19000244140625,11.1899995803833,79.0999984741211,14.179999896458217,12.340333366394043,1.1490766079551753,0.9911781095100047,14.68000030517578,13.539999961853027
2024-03-01,16.100000381469727,83.55000305175781,82.910400390625,131.49,104.84,109.79,12.949999809265137,83.02999877929688,12.5,82.0,11.050000190734863,78.55999755859375,14.62999997820173,12.508666706085204,1.1695881444505274,1.1856352458864368,15.270000457763672,13.670000076293944
2024-03-04,16.229999542236328,82.80000305175781,82.84609985351562,131.49,104.84,109.79,13.510000228881836,83.66999816894531,12.260000228881836,82.7699966430664,10.43000030517578,80.05999755859375,15.018571308680944,12.702000013987224,1.1823775364798772,1.2937599986937323,14.729999542236328,13.5600004196167
2024-03-05,15.75,82.04000091552734,82.9104995727539,131.49,104.84,109.79,14.336999893188477,81.62000274658203,12.75,81.5999984741211,10.720000267028809,79.55000305175781,15.220428466796875,12.86966667175293,1.18265818598252,1.3280869632702874,14.06999969482422,13.399999618530272
2024-03-06,15.56999969482422,82.95999908447266,82.88480377197266,131.49,104.84,109.79,13.732999801635742,82.52999877929688,12.789999961853027,82.86000061035156,11.75,80.04000091552734,15.482857022966659,12.996999994913738,1.1912629927210747,1.3149101059281043,13.380000114440918,13.8100004196167
2024-03-07,16.43000030517578,82.95999908447266,82.81909942626953,131.49,104.84,109.79,14.449999809265137,83.6500015258789,12.81999969482422,83.47000122070312,11.100000381469728,82.43000030517578,15.765714236668178,13.174666659037273,1.1966680203763151,1.3431916952168028,13.350000381469728,13.43000030517578
2024-03-08,16.84000015258789,82.08000183105469,82.7522964477539,131.49,104.84,109.79,15.029999732971191,83.68000030517578,12.81999969482422,83.47000122070312,11.0600004196167,83.55000305175781,16.02428572518485,13.367333316802979,1.1987636844070617,1.358724018857165,13.859999656677246,13.609999656677246
2024-03-11,16.040000915527344,82.20999908447266,82.7520980834961,131.49,104.84,109.79,15.25,83.62000274658203,12.5,82.33999633789062,10.75,82.4000015258789,16.137142998831614,13.54366668065389,1.1914890896563037,1.196267688906422,13.859999656677246,13.029999732971191
2024-03-12,16.479999542236328,81.91999816894531,82.7782974243164,131.49,104.84,109.79,16.100000381469727,83.55000305175781,12.949999809265137,83.02999877929688,10.979999542236328,82.87000274658203,16.191428593226842,13.727000013987224,1.1795306171357407,1.0591016644032927,13.890000343322754,13.399999618530272
2024-03-13,16.25,84.02999877929688,82.83509826660156,131.49,104.84,109.79,16.229999542236328,82.80000305175781,13.510000228881836,83.66999816894531,11.239999771118164,81.70999908447266,16.194285801478795,13.894000021616618,1.165558811047592,0.9255967677101313,12.699999809265137,13.15999984741211
2024-03-14,16.059999465942383,85.41999816894531,82.83110046386719,131.49,104.84,109.79,15.75,82.04000091552734,14.336999893188477,81.62000274658203,11.109999656677246,78.69999694824219,16.238571439470565,14.059000015258789,1.1550295093215108,0.8557366314120081,13.31999969482422,13.020000457763672
2024-03-15,15.6899995803833,85.33999633789062,82.9655990600586,131.49,104.84,109.79,15.56999969482422,82.95999908447266,13.732999801635742,82.52999877929688,11.170000076293944,77.33000183105469,16.25571428026472,14.209666665395101,1.1439890338850809,0.636196281633711,12.710000038146973,12.81999969482422
2024-03-18,16.190000534057617,86.88999938964844,82.88890075683594,131.49,104.84,109.79,16.43000030517578,82.95999908447266,14.449999809265137,83.6500015258789,11.8100004196167,77.98999786376953,16.221428598676408,14.355666669209798,1.1299661431821109,0.4909897871758029,12.850000381469728,12.600000381469728
2024-03-19,15.489999771118164,87.37999725341797,82.86360168457031,131.49,104.84,109.79,16.84000015258789,82.08000183105469,15.029999732971191,83.68000030517578,12.640000343322754,78.58999633789062,16.028571401323592,14.450666650136311,1.1091917554720454,0.4335827795931687,12.510000228881836,12.710000038146973
2024-03-20,14.68000030517578,85.94999694824219,83.04239654541016,131.49,104.84,109.79,16.040000915527344,82.20999908447266,15.25,83.62000274658203,11.800000190734863,79.20999908447266,15.834285599844794,14.546666653951009,1.0885156779465541,0.5284769822645418,12.779999732971191,12.6899995803833
2024-03-21,15.270000457763672,85.77999877929688,83.05460357666016,131.49,104.84,109.79,16.479999542236328,81.91999816894531,16.100000381469727,83.55000305175781,12.550000190734863,81.62999725341797,15.661428587777275,14.637333329518636,1.0699638749467193,0.5602692231162225,13.5,13.460000038146973
2024-03-22,14.729999542236328,85.43000030517578,83.22660064697266,131.49,104.84,109.79,16.25,84.02999877929688,16.229999542236328,82.80000305175781,12.350000381469728,82.19000244140625,15.444285665239606,14.716666634877523,1.0494411237274657,0.6360511402945166,13.539999961853027,13.449999809265137
2024-03-25,14.06999969482422,86.75,83.59359741210938,131.49,104.84,109.79,16.059999465942383,85.41999816894531,15.75,82.04000091552734,12.5,82.0,15.159999983651298,14.76899995803833,1.0264736787857716,0.7899802698818456,13.670000076293944,13.56999969482422
2024-03-26,13.380000114440918,86.25,83.41739654541016,131.49,104.84,109.79,15.6899995803833,85.33999633789062,15.56999969482422,82.95999908447266,12.260000228881836,82.7699966430664,14.830000059945244,14.806333287556965,1.001597745772122,1.0050903945252572,13.5600004196167,14.600000381469728
2024-03-27,13.350000381469728,86.08999633789062,83.34549713134766,131.49,104.84,109.79,16.190000534057617,86.88999938964844,16.43000030517578,82.95999908447266,12.75,81.5999984741211,14.42428575243269,14.826333300272625,0.9728822178404205,1.125805185432268,13.399999618530272,13.93000030517578
2024-03-28,13.859999656677246,87.4800033569336,83.36499786376953,131.49,104.84,109.79,15.489999771118164,87.37999725341797,16.84000015258789,82.08000183105469,12.789999961853027,82.86000061035156,14.191428593226842,14.861999956766764,0.9548794970874984,1.098271365970685,13.8100004196167,13.65999984741211
2024-03-29,13.859999656677246,87.4800033569336,83.39299774169922,131.49,104.84,109.79,14.68000030517578,85.94999694824219,16.040000915527344,82.20999908447266,12.81999969482422,83.47000122070312,14.074285643441339,14.896666622161865,0.9447936610574569,1.1107427009989195,13.43000030517578,13.739999771118164
2024-04-01,13.890000343322754,87.41999816894531,83.36479949951172,134.97,104.89,112.75,15.270000457763672,85.77999877929688,16.479999542236328,81.91999816894531,12.81999969482422,83.47000122070312,13.87714276994978,14.93233331044515,0.9293345646722937,1.0511712150757744,13.609999656677246,13.270000457763672
2024-04-02,12.699999809265137,88.91999816894531,83.40969848632812,134.97,104.89,112.75,14.729999542236328,85.43000030517578,16.25,84.02999877929688,12.5,82.33999633789062,13.587142808096752,14.938999970753988,0.909507580133906,1.0938197870621673,13.029999732971191,12.949999809265137
2024-04-03,13.31999969482422,89.3499984741211,83.35030364990234,134.97,104.89,112.75,14.06999969482422,86.75,16.059999465942383,85.41999816894531,12.949999809265137,83.02999877929688,13.479999950953893,14.951333300272625,0.901591226970763,1.0400592360478675,13.399999618530272,12.619999885559082
2024-04-04,12.710000038146973,90.6500015258789,83.37329864501953,134.97,104.89,112.75,13.380000114440918,86.25,15.6899995803833,85.33999633789062,13.510000228881836,83.66999816894531,13.384285654340472,14.924666627248127,0.8967889883727632,1.0430461502273272,13.15999984741211,12.75
2024-04-05,12.850000381469728,91.16999816894533,83.47779846191406,134.97,104.89,112.75,13.350000381469728,86.08999633789062,16.190000534057617,86.88999938964844,14.336999893188477,81.62000274658203,13.3128570829119,14.875099976857504,0.8949753718543167,0.9024995626326276,13.020000457763672,12.729999542236328
2024-04-08,12.510000228881836,90.37999725341795,83.29679870605469,134.97,104.89,112.75,13.859999656677246,87.4800033569336,15.489999771118164,87.37999725341797,13.732999801635742,82.52999877929688,13.12000002179827,14.834333324432373,0.8844341629999519,0.8399149529287551,12.81999969482422,12.829999923706056
2024-04-09,12.779999732971191,89.41999816894531,83.26959991455078,134.97,104.89,112.75,13.859999656677246,87.4800033569336,14.68000030517578,85.94999694824219,14.449999809265137,83.6500015258789,12.96571431841169,14.778666655222574,0.8773257999274103,0.8148052895715311,12.600000381469728,12.380000114440918
2024-04-10,13.5,90.4800033569336,83.22429656982422,134.97,104.89,112.75,13.890000343322754,87.41999816894531,15.270000457763672,85.77999877929688,15.029999732971191,83.68000030517578,12.909999983651298,14.727666664123536,0.8765808944665333,0.6412079479093965,12.710000038146973,12.140000343322754
2024-04-11,13.539999961853027,89.73999786376953,83.4126968383789,134.97,104.89,112.75,12.699999809265137,88.91999816894531,14.729999542236328,85.43000030517578,15.25,83.62000274658203,13.030000005449567,14.67066666285197,0.8881662587822684,0.5173282236269886,12.6899995803833,12.100000381469728
2024-04-12,13.670000076293944,90.4499969482422,83.34929656982422,134.97,104.89,112.75,13.31999969482422,89.3499984741211,14.06999969482422,86.75,16.100000381469727,83.55000305175781,13.080000059945244,14.589666652679444,0.896524328216901,0.4818713104754023,13.460000038146973,12.260000228881836
2024-04-15,13.5600004196167,90.0999984741211,83.61109924316406,134.97,104.89,112.75,12.710000038146973,90.6500015258789,13.380000114440918,86.25,16.229999542236328,82.80000305175781,13.20142868586949,14.500666681925455,0.9104008713141346,0.4871175339724686,13.449999809265137,12.260000228881836
2024-04-16,13.399999618530272,90.0199966430664,83.50599670410156,134.97,104.89,112.75,12.850000381469728,91.16999816894533,13.350000381469728,86.08999633789062,15.75,82.04000091552734,13.280000005449567,14.422333335876464,0.9207935004857881,0.48775159081196917,13.56999969482422,12.0
2024-04-17,13.8100004196167,87.29000091552734,83.6675033569336,134.97,104.89,112.75,12.510000228881836,90.37999725341795,13.859999656677246,87.4800033569336,15.56999969482422,82.95999908447266,13.46571431841169,14.363666693369547,0.9374838076540412,0.48347190617879954,14.600000381469728,12.079999923706056
2024-04-18,13.43000030517578,87.11000061035156,83.5958023071289,134.97,104.89,112.75,12.779999732971191,89.41999816894531,13.859999656677246,87.4800033569336,16.43000030517578,82.95999908447266,13.558571543012347,14.263666693369547,0.9505663816198969,0.45763914481197004,13.93000030517578,12.15999984741211
2024-04-19,13.609999656677246,87.29000091552734,83.54499816894531,134.97,104.89,112.75,13.5,90.4800033569336,13.890000343322754,87.41999816894531,16.84000015258789,82.08000183105469,13.574285779680524,14.156000010172527,0.9589062009652456,0.4335751175267355,13.65999984741211,11.9399995803833
2024-04-22,13.029999732971191,87.0,83.38529968261719,134.97,104.89,112.75,13.539999961853027,89.73999786376953,12.699999809265137,88.91999816894531,16.040000915527344,82.20999908447266,13.501428604125977,14.055666637420654,0.9605676732901571,0.41017285378355073,13.739999771118164,12.119999885559082
2024-04-23,13.399999618530272,88.41999816894531,83.38619995117188,134.97,104.89,112.75,13.670000076293944,90.4499969482422,13.31999969482422,89.3499984741211,16.479999542236328,81.91999816894531,13.462857110159735,13.95299997329712,0.9648711737413344,0.411542269039705,13.270000457763672,12.25
2024-04-24,13.15999984741211,88.0199966430664,83.2833023071289,134.97,104.89,112.75,13.5600004196167,90.0999984741211,12.710000038146973,90.6500015258789,16.25,84.02999877929688,13.405714171273365,13.849999968210856,0.9679209041757184,0.3807403300980663,12.949999809265137,12.0600004196167
2024-04-25,13.020000457763672,89.01000213623047,83.3405990600586,134.97,104.89,112.75,13.399999618530272,90.0199966430664,12.850000381469728,91.16999816894533,16.059999465942383,85.41999816894531,13.351428576878137,13.748666667938233,0.9711064489583587,0.3676477306074134,12.619999885559082,12.0600004196167
2024-04-26,12.81999969482422,89.5,83.30180358886719,134.97,104.89,112.75,13.8100004196167,87.29000091552734,12.510000228881836,90.37999725341795,15.6899995803833,85.33999633789062,13.209999901907784,13.653000005086263,0.9675522025536171,0.32187391803816395,12.75,11.84000015258789
2024-04-29,12.600000381469728,88.4000015258789,83.40229797363281,134.97,104.89,112.75,13.43000030517578,87.11000061035156,12.779999732971191,89.41999816894531,16.190000534057617,86.88999938964844,13.091428484235491,13.533333333333333,0.9673462175448263,0.3483753588193816,12.729999542236328,11.460000038146973
2024-04-30,12.710000038146973,87.86000061035156,83.45110321044922,134.97,104.89,112.75,13.609999656677246,87.29000091552734,13.5,90.4800033569336,15.489999771118164,87.37999725341797,12.962857110159737,13.440666675567627,0.9644497388828297,0.3803613146333206,12.829999923706056,11.420000076293944
2024-05-01,12.6899995803833,83.44000244140625,83.49839782714844,142.01,105.63,118.88,13.029999732971191,87.0,13.539999961853027,89.73999786376953,14.68000030517578,85.94999694824219,12.914285659790039,13.374333318074545,0.9656014768468844,0.40098304770953186,12.380000114440918,11.9399995803833
2024-05-02,13.460000038146973,83.66999816894531,83.40640258789062,142.01,105.63,118.88,13.399999618530272,88.41999816894531,13.670000076293944,90.4499969482422,15.270000457763672,85.77999877929688,12.922857148306713,13.313999970753988,0.9706209606792774,0.3860137703953728,12.140000343322754,12.119999885559082
2024-05-03,13.449999809265137,82.95999908447266,83.40630340576172,142.01,105.63,118.88,13.15999984741211,88.0199966430664,13.5600004196167,90.0999984741211,14.729999542236328,85.43000030517578,12.964285714285717,13.271333312988281,0.9768631108802637,0.3790220278830897,12.100000381469728,11.770000457763672
2024-05-06,13.56999969482422,83.33000183105469,83.37999725341797,142.01,105.63,118.88,13.020000457763672,89.01000213623047,13.399999618530272,90.0199966430664,14.06999969482422,86.75,13.042857033865795,13.254666646321615,0.9840192546293007,0.3890309192776631,12.260000228881836,11.960000038146973
2024-05-07,14.600000381469728,83.16000366210938,83.4728012084961,142.01,105.63,118.88,12.81999969482422,89.5,13.8100004196167,87.29000091552734,13.380000114440918,86.25,13.297142846243721,13.295333321889242,1.0001353499726116,0.5200090299775072,12.260000228881836,11.869999885559082
2024-05-08,13.93000030517578,83.58000183105469,83.46990203857422,142.01,105.63,118.88,12.600000381469728,88.4000015258789,13.43000030517578,87.11000061035156,13.350000381469728,86.08999633789062,13.487142835344587,13.314666652679444,1.012953088322309,0.5493978434192737,12.0,11.869999885559082
2024-05-09,13.65999984741211,83.87999725341797,83.46430206298828,142.01,105.63,118.88,12.710000038146973,87.86000061035156,13.609999656677246,87.29000091552734,13.859999656677246,87.4800033569336,13.622857093811035,13.307999992370606,1.02365846596305,0.5518003291961466,12.079999923706056,11.920000076293944
2024-05-10,13.739999771118164,82.79000091552734,83.45939636230469,142.01,105.63,118.88,12.6899995803833,83.44000244140625,13.029999732971191,87.0,13.859999656677246,87.4800033569336,13.772857121058873,13.303999996185302,1.0352410382289254,0.5583714139076774,12.15999984741211,11.779999732971191
2024-05-13,13.270000457763672,83.36000061035156,83.5248031616211,142.01,105.63,118.88,13.460000038146973,83.66999816894531,13.399999618530272,88.41999816894531,13.890000343322754,87.41999816894531,13.74571432386126,13.283333333333333,1.0348083294186674,0.5584417658665783,11.9399995803833,11.4399995803833
2024-05-14,12.949999809265137,82.37999725341797,83.50550079345703,142.01,105.63,118.88,13.449999809265137,82.95999908447266,13.15999984741211,88.0199966430664,12.699999809265137,88.91999816894531,13.674285752432686,13.291666666666666,1.028785614889771,0.566249046706677,12.119999885559082,11.399999618530272
2024-05-15,12.619999885559082,82.75,83.52420043945312,142.01,105.63,118.88,13.56999969482422,83.33000183105469,13.020000457763672,89.01000213623047,13.31999969482422,89.3499984741211,13.53857149396624,13.268333339691162,1.0203663824003342,0.5920170342059529,12.25,11.800000190734863
2024-05-16,12.75,83.2699966430664,83.40509796142578,142.01,105.63,118.88,14.600000381469728,83.16000366210938,12.81999969482422,89.5,12.710000038146973,90.6500015258789,13.27428572518485,13.26966667175293,1.0003473372822815,0.5965763802390647,12.0600004196167,11.920000076293944
2024-05-17,12.729999542236328,83.9800033569336,83.47010040283203,142.01,105.63,118.88,13.93000030517578,83.58000183105469,12.600000381469728,88.4000015258789,12.850000381469728,91.16999816894533,13.102857044764928,13.265666643778482,0.9877262499768592,0.5860002689249775,12.0600004196167,12.239999771118164
2024-05-20,12.829999923706056,83.70999908447266,83.30039978027344,142.01,105.63,118.88,13.65999984741211,83.87999725341797,12.710000038146973,87.86000061035156,12.510000228881836,90.37999725341795,12.984285627092634,13.276333300272624,0.9780016480009226,0.577602715330777,11.84000015258789,12.5
2024-05-21,12.380000114440918,82.87999725341797,83.31500244140625,142.01,105.63,118.88,13.739999771118164,82.79000091552734,12.6899995803833,83.44000244140625,12.779999732971191,89.41999816894531,12.789999961853027,13.262999979654948,0.9643361485418843,0.6080721688535811,11.460000038146973,11.859999656677246
2024-05-22,12.140000343322754,81.9000015258789,83.31680297851562,142.01,105.63,118.88,13.270000457763672,83.36000061035156,13.460000038146973,83.66999816894531,13.5,90.4800033569336,12.628571374075753,13.217666657765706,0.9554304966793208,0.6767164148524313,11.420000076293944,12.0
2024-05-23,12.100000381469728,81.36000061035156,83.26709747314453,142.01,105.63,118.88,12.949999809265137,82.37999725341797,13.449999809265137,82.95999908447266,13.539999961853027,89.73999786376953,12.507142884390694,13.16966667175293,0.9496924788758652,0.7304315311295699,11.9399995803833,12.0
2024-05-24,12.260000228881836,82.12000274658203,83.2863998413086,142.01,105.63,118.88,12.619999885559082,82.75,13.56999969482422,83.33000183105469,13.670000076293944,90.4499969482422,12.455714362008232,13.122666676839193,0.9491748268089152,0.7480068817405007,12.119999885559082,11.329999923706056
2024-05-27,12.260000228881836,82.12000274658203,83.05220031738281,142.01,105.63,118.88,12.75,83.2699966430664,14.600000381469728,83.16000366210938,13.5600004196167,90.0999984741211,12.385714394705635,13.07933333714803,0.9469676019229233,0.6112281987707532,11.770000457763672,11.520000457763672
2024-05-28,12.0,84.22000122070312,83.14569854736328,142.01,105.63,118.88,12.729999542236328,83.9800033569336,13.93000030517578,83.58000183105469,13.399999618530272,90.0199966430664,12.281428745814733,13.032666683197021,0.9423565890842002,0.5595076154558051,11.960000038146973,11.65999984741211
2024-05-29,12.079999923706056,83.5999984741211,83.20649719238281,142.01,105.63,118.88,12.829999923706056,83.70999908447266,13.65999984741211,83.87999725341797,13.8100004196167,87.29000091552734,12.174285888671875,12.975,0.938287206612702,0.5060626065087878,11.869999885559082,11.979999542236328
2024-05-30,12.15999984741211,81.86000061035156,83.3656005859375,142.01,105.63,118.88,12.380000114440918,82.87999725341797,13.739999771118164,82.79000091552734,13.43000030517578,87.11000061035156,12.142857279096331,12.932666651407878,0.9389283909587607,0.3902189807203151,11.869999885559082,11.9399995803833
2024-05-31,11.9399995803833,81.62000274658203,83.3208999633789,142.01,105.63,118.88,12.140000343322754,81.9000015258789,13.270000457763672,83.36000061035156,13.609999656677246,87.29000091552734,12.114285741533552,12.876999982198079,0.9407685292067832,0.3379315767967746,11.920000076293944,12.079999923706056
2024-06-03,12.119999885559082,78.36000061035156,83.45079803466797,135.1,105.3,107.45,12.100000381469728,81.36000061035156,12.949999809265137,82.37999725341797,13.029999732971191,87.0,12.117142813546318,12.84666665395101,0.9432122516931005,0.2992086110639304,11.779999732971191,11.720000267028809
2024-06-04,12.25,77.5199966430664,83.09339904785156,135.1,105.3,107.45,12.260000228881836,82.12000274658203,12.619999885559082,82.75,13.399999618530272,88.41999816894531,12.115714209420341,12.808333333333334,0.945923597932416,0.28597236572688056,11.4399995803833,11.600000381469728
2024-06-05,12.0600004196167,78.41000366210938,83.62940216064453,135.1,105.3,107.45,12.260000228881836,82.12000274658203,12.75,83.2699966430664,13.15999984741211,88.0199966430664,12.087142808096749,12.771666685740152,0.946402191780528,0.25787906301458663,11.399999618530272,11.6899995803833
2024-06-06,12.0600004196167,79.87000274658203,83.38079833984375,135.1,105.3,107.45,12.0,84.22000122070312,12.729999542236328,83.9800033569336,13.020000457763672,89.01000213623047,12.095714296613421,12.739666684468586,0.9494522189373735,0.21838064382934375,11.800000190734863,11.800000190734863
2024-06-07,11.84000015258789,79.62000274658203,83.47309875488281,135.1,105.3,107.45,12.079999923706056,83.5999984741211,12.829999923706056,83.70999908447266,12.81999969482422,89.5,12.061428615025111,12.70700003306071,0.9491948604466397,0.1414311101145613,11.920000076293944,11.760000228881836
2024-06-10,11.460000038146973,81.62999725341797,83.52760314941406,135.1,105.3,107.45,12.15999984741211,81.86000061035156,12.380000114440918,82.87999725341797,12.600000381469728,88.4000015258789,11.96142864227295,12.669000021616618,0.944148644753114,0.20822250416577104,12.239999771118164,11.770000457763672
2024-06-11,11.420000076293944,81.91999816894531,83.52980041503906,135.1,105.3,107.45,11.9399995803833,81.62000274658203,12.140000343322754,81.9000015258789,12.710000038146973,87.86000061035156,11.887142998831612,12.626000022888183,0.9414805609438637,0.2658069070471022,12.5,11.489999771118164
2024-06-12,11.9399995803833,82.5999984741211,83.5968017578125,135.1,105.3,107.45,12.119999885559082,78.36000061035156,12.100000381469728,81.36000061035156,12.6899995803833,83.44000244140625,11.861428669520787,12.601000022888183,0.9413077719941467,0.26464679476982234,11.859999656677246,11.640000343322754
2024-06-13,12.119999885559082,82.75,83.5343017578125,135.1,105.3,107.45,12.25,77.5199966430664,12.260000228881836,82.12000274658203,13.460000038146973,83.66999816894531,11.842857224600655,12.556333351135255,0.9431772366697753,0.25613891733961985,12.0,11.359999656677246
2024-06-14,11.770000457763672,82.62000274658203,83.52210235595703,135.1,105.3,107.45,12.0600004196167,78.41000366210938,12.260000228881836,82.12000274658203,13.449999809265137,82.95999908447266,11.801428658621651,12.500333372751872,0.9440883587523118,0.2481845751221803,12.0,11.0600004196167
2024-06-17,11.960000038146973,84.25,83.55180358886719,135.1,105.3,107.45,12.0600004196167,79.87000274658203,12.0,84.22000122070312,13.56999969482422,83.33000183105469,11.787142889840263,12.446666717529297,0.947011251062689,0.24772366081255298,11.329999923706056,11.229999542236328
2024-06-18,11.869999885559082,85.33000183105469,83.51010131835938,135.1,105.3,107.45,11.84000015258789,79.62000274658203,12.079999923706056,83.5999984741211,14.600000381469728,83.16000366210938,11.791428565979004,12.355666700998942,0.9543328828784976,0.24503079918604456,11.520000457763672,10.829999923706056
2024-06-19,11.869999885559082,85.33000183105469,83.37409973144531,135.1,105.3,107.45,11.460000038146973,81.62999725341797,12.15999984741211,81.86000061035156,13.93000030517578,83.58000183105469,11.849999972752162,12.287000020345053,0.9644331658500089,0.23585241939644616,11.65999984741211,10.720000267028809
2024-06-20,11.920000076293944,85.70999908447266,83.41950225830078,135.1,105.3,107.45,11.420000076293944,81.91999816894531,11.9399995803833,81.62000274658203,13.65999984741211,83.87999725341797,11.921428544180733,12.229000027974447,0.9748482106818045,0.23568929380717085,11.979999542236328,10.890000343322754
2024-06-21,11.779999732971191,85.23999786376953,83.60160064697266,135.1,105.3,107.45,11.9399995803833,82.5999984741211,12.119999885559082,78.36000061035156,13.739999771118164,82.79000091552734,11.898571423121862,12.163666693369548,0.9782051696266972,0.2291791459004832,11.9399995803833,10.9399995803833
2024-06-24,11.4399995803833,86.01000213623047,83.5625,135.1,105.3,107.45,12.119999885559082,82.75,12.25,77.5199966430664,13.270000457763672,83.36000061035156,11.801428522382464,12.102666664123536,0.9751089655535395,0.23082396921553602,12.079999923706056,10.770000457763672
2024-06-25,11.399999618530272,85.01000213623047,83.46040344238281,135.1,105.3,107.45,11.770000457763672,82.62000274658203,12.0600004196167,78.41000366210938,12.949999809265137,82.37999725341797,11.748571259634835,12.05099999109904,0.9749034535953759,0.24544316530791305,11.720000267028809,10.979999542236328
2024-06-26,11.800000190734863,85.25,83.41459655761719,135.1,105.3,107.45,11.960000038146973,84.25,12.0600004196167,79.87000274658203,12.619999885559082,82.75,11.725714138575963,12.023666667938233,0.9752186841353775,0.23166980569579623,11.600000381469728,10.770000457763672
2024-06-27,11.920000076293944,86.38999938964844,83.58039855957031,135.1,105.3,107.45,11.869999885559082,85.33000183105469,11.84000015258789,79.62000274658203,12.75,83.2699966430664,11.732857022966657,11.996000003814697,0.9780632909805546,0.23485445255784068,11.6899995803833,10.899999618530272
2024-06-28,12.239999771118164,86.41000366210938,83.45089721679688,135.1,105.3,107.45,11.869999885559082,85.33000183105469,11.460000038146973,81.62999725341797,12.729999542236328,83.9800033569336,11.785714149475098,11.979666678110759,0.9838090347638456,0.2497130526065376,11.800000190734863,10.710000038146973
2024-07-01,12.5,86.5999984741211,83.36750030517578,137.55,105.31,106.85,11.920000076293944,85.70999908447266,11.420000076293944,81.91999816894531,12.829999923706056,83.70999908447266,11.868571281433105,11.96866668065389,0.9916360511782732,0.28207342839796146,11.760000228881836,10.579999923706056
2024-07-02,11.859999656677246,86.23999786376953,83.44129943847656,137.55,105.31,106.85,11.779999732971191,85.23999786376953,11.9399995803833,82.5999984741211,12.380000114440918,82.87999725341797,11.879999841962542,11.951333332061768,0.9940305045117537,0.2819019678170048,11.770000457763672,10.829999923706056
2024-07-03,12.0,87.33999633789062,83.4791030883789,137.55,105.31,106.85,11.4399995803833,86.01000213623047,12.119999885559082,82.75,12.140000343322754,81.9000015258789,11.959999901907784,11.94666665395101,1.0011152262962075,0.27611221076250114,11.489999771118164,10.899999618530272
2024-07-04,12.0,87.33999633789062,83.49120330810547,137.55,105.31,106.85,11.399999618530272,85.01000213623047,11.770000457763672,82.62000274658203,12.100000381469728,81.36000061035156,12.045714242117745,11.943333307902018,1.0085713800212037,0.27586038769710153,11.640000343322754,10.770000457763672
2024-07-05,11.329999923706056,86.54000091552734,83.49340057373047,137.55,105.31,106.85,11.800000190734863,85.25,11.960000038146973,84.25,12.260000228881836,82.12000274658203,11.978571346827916,11.912333297729493,1.0055596155553246,0.31361862349689756,11.359999656677246,10.6899995803833
2024-07-08,11.520000457763672,85.75,83.47209930419922,137.55,105.31,106.85,11.920000076293944,86.38999938964844,11.869999885559082,85.33000183105469,12.260000228881836,82.12000274658203,11.921428544180733,11.88766663869222,1.0028392348239568,0.3257991336764701,11.0600004196167,10.449999809265137
2024-07-09,11.65999984741211,84.66000366210938,83.45760345458984,137.55,105.31,106.85,12.239999771118164,86.41000366210938,11.869999885559082,85.33000183105469,12.0,84.22000122070312,11.838571412222725,11.876333300272623,0.9968195691977824,0.3284972790345277,11.229999542236328,10.6899995803833
2024-07-10,11.979999542236328,85.08000183105469,83.49299621582031,137.55,105.31,106.85,12.5,86.5999984741211,11.920000076293944,85.70999908447266,12.079999923706056,83.5999984741211,11.764285632542201,11.872999954223634,0.9908427330474228,0.33039854351203574,10.829999923706056,10.800000190734863
2024-07-11,11.9399995803833,85.4000015258789,83.49590301513672,137.55,105.31,106.85,11.859999656677246,86.23999786376953,11.779999732971191,85.23999786376953,12.15999984741211,81.86000061035156,11.775714193071638,11.865666611989338,0.9924182647261092,0.33180575537229073,10.720000267028809,10.592000007629396
2024-07-12,12.079999923706056,85.02999877929688,83.51850128173828,137.55,105.31,106.85,12.0,87.33999633789062,11.4399995803833,86.01000213623047,11.9399995803833,81.62000274658203,11.787142753601074,11.870333290100097,0.9929908904514655,0.31806158695241804,10.890000343322754,10.40999984741211
2024-07-15,11.720000267028809,84.8499984741211,83.52030181884766,137.55,105.31,106.85,12.0,87.33999633789062,11.399999618530272,85.01000213623047,12.119999885559082,78.36000061035156,11.747142791748047,11.856999969482422,0.9907339895962683,0.29182724628765655,10.9399995803833,10.65999984741211
2024-07-16,11.600000381469728,83.7300033569336,83.58760070800781,137.55,105.31,106.85,11.329999923706056,86.54000091552734,11.800000190734863,85.25,12.25,77.5199966430664,11.785714285714286,11.835333315531413,0.995806709742674,0.3016410145774583,10.770000457763672,10.6899995803833
2024-07-17,11.6899995803833,85.08000183105469,83.52960205078125,137.55,105.31,106.85,11.520000457763672,85.75,11.920000076293944,86.38999938964844,12.0600004196167,78.41000366210938,11.809999874659947,11.822999954223633,0.9988995966666646,0.30565719674892844,10.979999542236328,10.69499969482422
2024-07-18,11.800000190734863,85.11000061035156,83.57209777832031,137.55,105.31,106.85,11.65999984741211,84.66000366210938,12.239999771118164,86.41000366210938,12.0600004196167,79.87000274658203,11.829999923706055,11.814333279927572,1.0013252233668446,0.28621432132650454,10.770000457763672,11.140000343322754
2024-07-19,11.760000228881836,82.62999725341797,83.67430114746094,137.55,105.31,106.85,11.979999542236328,85.08000183105469,12.5,86.5999984741211,11.84000015258789,79.62000274658203,11.798571450369698,11.811666615804036,0.9988904906677852,0.2127061504273423,10.899999618530272,11.109999656677246
2024-07-22,11.770000457763672,82.4000015258789,83.73030090332031,137.55,105.31,106.85,11.9399995803833,85.4000015258789,11.859999656677246,86.23999786376953,11.460000038146973,81.62999725341797,11.774285861424037,11.821999963124593,0.9959631144069901,0.21150548336334085,10.710000038146973,11.109999656677246
2024-07-23,11.489999771118164,81.01000213623047,83.67130279541016,137.55,105.31,106.85,12.079999923706056,85.02999877929688,12.0,87.33999633789062,11.420000076293944,81.91999816894531,11.690000125340053,11.8243332862854,0.9886384251799281,0.21368038201539866,10.579999923706056,10.5
2024-07-24,11.640000343322754,81.70999908447266,83.70680236816406,137.55,105.31,106.85,11.720000267028809,84.8499984741211,12.0,87.33999633789062,11.9399995803833,82.5999984741211,11.678571564810616,11.814333311716716,0.9885078888158388,0.20109033888203456,10.829999923706056,10.619999885559082
2024-07-25,11.359999656677246,82.37000274658203,83.74299621582031,137.55,105.31,106.85,11.600000381469728,83.7300033569336,11.329999923706056,86.54000091552734,12.119999885559082,82.75,11.644285746983119,11.788999970753988,0.9877238017331482,0.1968110545859198,10.899999618530272,10.739999771118164
2024-07-26,11.0600004196167,81.12999725341797,83.73760223388672,137.55,105.31,106.85,11.6899995803833,85.08000183105469,11.520000457763672,85.75,11.770000457763672,82.62000274658203,11.554285866873604,11.765333302815755,0.9820610898883301,0.26009392406229376,10.770000457763672,10.739999771118164
2024-07-29,11.229999542236328,79.77999877929688,83.72779846191406,137.55,105.31,106.85,11.800000190734863,85.11000061035156,11.65999984741211,84.66000366210938,11.960000038146973,84.25,11.472857202802386,11.740999952952068,0.9771610150043132,0.286916116901424,10.6899995803833,10.56999969482422
2024-07-30,10.829999923706056,78.62999725341797,83.75050354003906,137.55,105.31,106.85,11.760000228881836,82.62999725341797,11.979999542236328,85.08000183105469,11.869999885559082,85.33000183105469,11.340000016348702,11.706333287556966,0.9687055759250063,0.34446090035879107,10.449999809265137,10.5600004196167
2024-07-31,10.720000267028809,80.72000122070312,83.73899841308594,137.55,105.31,106.85,11.770000457763672,82.4000015258789,11.9399995803833,85.4000015258789,11.869999885559082,85.33000183105469,11.189999989100865,11.66799996693929,0.9590324331918776,0.3941920593286421,10.6899995803833,10.75
2024-08-01,10.890000343322754,79.5199966430664,83.7177963256836,145.76,106.21,99.91,11.489999771118164,81.01000213623047,12.079999923706056,85.02999877929688,11.920000076293944,85.70999908447266,11.104285785130092,11.633666642506917,0.9544949654658145,0.38351470269519805,10.800000190734863,10.619999885559082
2024-08-02,10.9399995803833,76.80999755859375,83.743896484375,145.76,106.21,99.91,11.640000343322754,81.70999908447266,11.720000267028809,84.8499984741211,11.779999732971191,85.23999786376953,11.00428567613874,11.605666637420654,0.9481813098821982,0.389612416423455,10.592000007629396,10.270000457763672
2024-08-05,10.770000457763672,76.30000305175781,83.73529815673828,145.76,106.21,99.91,11.359999656677246,82.37000274658203,11.600000381469728,83.7300033569336,11.4399995803833,86.01000213623047,10.920000076293945,11.583333333333334,0.9427330056659472,0.40986259528245045,10.40999984741211,10.369999885559082
2024-08-06,10.979999542236328,76.4800033569336,84.00260162353516,145.76,106.21,99.91,11.0600004196167,81.12999725341797,11.6899995803833,85.08000183105469,11.399999618530272,85.01000213623047,10.908571379525322,11.569333330790203,0.9428859588334346,0.39930438725551715,10.65999984741211,10.350000381469728
2024-08-07,10.770000457763672,78.33000183105469,83.93489837646484,145.76,106.21,99.91,11.229999542236328,79.77999877929688,11.800000190734863,85.11000061035156,11.800000190734863,85.25,10.842857224600655,11.535000006357828,0.9399954762609071,0.38095383428868623,10.6899995803833,10.68000030517578
2024-08-08,10.899999618530272,79.16000366210938,83.94239807128906,145.76,106.21,99.91,10.829999923706056,78.62999725341797,11.760000228881836,82.62999725341797,11.920000076293944,86.38999938964844,10.852857181004115,11.50099999109904,0.94364383557648,0.34392769727783,10.69499969482422,10.56999969482422
2024-08-09,10.710000038146973,79.66000366210938,83.98899841308594,145.76,106.21,99.91,10.720000267028809,80.72000122070312,11.770000457763672,82.4000015258789,12.239999771118164,86.41000366210938,10.851428576878138,11.45,0.9477221921097134,0.2978244409369653,11.140000343322754,10.399999618530272
2024-08-12,10.579999923706056,82.30000305175781,83.94979858398438,145.76,106.21,99.91,10.890000343322754,79.5199966430664,11.489999771118164,81.01000213623047,12.5,86.5999984741211,10.807142802647181,11.385999997456869,0.9491597851276277,0.2866172019636875,11.109999656677246,10.619999885559082
2024-08-13,10.829999923706056,80.69000244140625,83.88999938964844,145.76,106.21,99.91,10.9399995803833,76.80999755859375,11.640000343322754,81.70999908447266,11.859999656677246,86.23999786376953,10.791428565979004,11.351666673024495,0.9506462240616108,0.20914382926401937,11.109999656677246,10.739999771118164
2024-08-14,10.899999618530272,79.76000213623047,83.88200378417969,145.76,106.21,99.91,10.770000457763672,76.30000305175781,11.359999656677246,82.37000274658203,12.0,87.33999633789062,10.809999874659947,11.314999993642171,0.9553681243528741,0.1617094773866042,10.5,10.649999618530272
2024-08-15,10.770000457763672,81.04000091552734,83.97149658203125,145.76,106.21,99.91,10.979999542236328,76.4800033569336,11.0600004196167,81.12999725341797,12.0,87.33999633789062,10.780000005449567,11.27400000890096,0.9561815181056814,0.15315703601978517,10.619999885559082,10.720000267028809
2024-08-16,10.6899995803833,79.68000030517578,83.94830322265625,145.76,106.21,99.91,10.770000457763672,78.33000183105469,11.229999542236328,79.77999877929688,11.329999923706056,86.54000091552734,10.768571308680944,11.252666664123534,0.9569786487346567,0.11064234544941756,10.739999771118164,10.449999809265137
2024-08-19,10.449999809265137,77.66000366210938,83.88980102539062,145.76,106.21,99.91,10.899999618530272,79.16000366210938,10.829999923706056,78.62999725341797,11.520000457763672,85.75,10.704285621643066,11.21699997584025,0.9542904610674756,0.14538309128361895,10.739999771118164,10.739999771118164
2024-08-20,10.6899995803833,77.19999694824219,83.87860107421875,145.76,106.21,99.91,10.710000038146973,79.66000366210938,10.720000267028809,80.72000122070312,11.65999984741211,84.66000366210938,10.701428413391113,11.184666633605957,0.9567937244816846,0.1465294045156843,10.56999969482422,10.1899995803833
2024-08-21,10.800000190734863,76.05000305175781,83.77940368652344,145.76,106.21,99.91,10.579999923706056,82.30000305175781,10.890000343322754,79.5199966430664,11.979999542236328,85.08000183105469,10.732857022966657,11.145333321889241,0.9629902563779736,0.14309753257631153,10.5600004196167,10.079999923706056
2024-08-22,10.592000007629396,77.22000122070312,83.88860321044922,145.76,106.21,99.91,10.829999923706056,80.69000244140625,10.9399995803833,76.80999755859375,11.9399995803833,85.4000015258789,10.698857034955706,11.100400002797445,0.9638253931394839,0.14151204476479645,10.75,10.350000381469728
2024-08-23,10.40999984741211,79.0199966430664,83.94059753417969,145.76,106.21,99.91,10.899999618530272,79.76000213623047,10.770000457763672,76.30000305175781,12.079999923706056,85.02999877929688,10.628857067653112,11.044733333587647,0.9623453209030396,0.16705118657865506,10.619999885559082,10.260000228881836
2024-08-26,10.65999984741211,81.43000030517578,83.81379699707031,145.76,106.21,99.91,10.770000457763672,81.04000091552734,10.979999542236328,76.4800033569336,11.720000267028809,84.8499984741211,10.613142694745745,11.00939998626709,0.9640064915362732,0.14964046466794484,10.270000457763672,10.220000267028809
2024-08-27,10.6899995803833,79.55000305175781,83.88369750976562,145.76,106.21,99.91,10.6899995803833,79.68000030517578,10.770000457763672,78.33000183105469,11.600000381469728,83.7300033569336,10.613142694745745,10.979066626230876,0.9666698809068467,0.14814070600372295,10.369999885559082,9.789999961853027
2024-08-28,10.69499969482422,78.6500015258789,83.92160034179688,145.76,106.21,99.91,10.449999809265137,77.66000366210938,10.899999618530272,79.16000366210938,11.6899995803833,85.08000183105469,10.648142678397042,10.945899963378906,0.9727964796003177,0.1354674069048744,10.350000381469728,9.329999923706056
2024-08-29,11.140000343322754,79.94000244140625,83.94149780273438,145.76,106.21,99.91,10.6899995803833,77.19999694824219,10.710000038146973,79.66000366210938,11.800000190734863,85.11000061035156,10.712428501674108,10.92389996846517,0.980640497092931,0.18383048704923524,10.68000030517578,9.539999961853027
2024-08-30,11.109999656677246,78.80000305175781,83.89510345458984,145.76,106.21,99.91,10.800000190734863,76.05000305175781,10.579999923706056,82.30000305175781,11.760000228881836,82.62999725341797,10.756714139665876,10.902233282725016,0.9866514496801099,0.2085865798799037,10.56999969482422,9.40999984741211
2024-09-02,11.109999656677246,78.80000305175781,83.86380004882812,139.2,106.07,92.83,10.592000007629396,77.22000122070312,10.829999923706056,80.69000244140625,11.770000457763672,82.4000015258789,10.830714089529854,10.880233256022136,0.9954477886820345,0.22973706448089792,10.399999618530272,9.039999961853027
2024-09-03,10.5,73.75,83.92729949951172,139.2,106.07,92.83,10.40999984741211,79.0199966430664,10.899999618530272,79.76000213623047,11.489999771118164,81.01000213623047,10.843571254185267,10.84723326365153,0.99966147993762,0.23640391570298472,10.619999885559082,8.520000457763672
2024-09-04,10.619999885559082,72.69999694824219,83.95030212402344,139.2,106.07,92.83,10.65999984741211,81.43000030517578,10.770000457763672,81.04000091552734,11.640000343322754,81.70999908447266,10.83785697392055,10.813233248392741,1.0022762574523114,0.23814760072443894,10.739999771118164,8.100000381469727
2024-09-05,10.739999771118164,72.69000244140625,83.98249816894531,139.2,106.07,92.83,10.6899995803833,79.55000305175781,10.6899995803833,79.68000030517578,11.359999656677246,82.37000274658203,10.844999858311244,10.792566585540772,1.0048573454499,0.23794909666464734,10.649999618530272,8.420000076293945
2024-09-06,10.739999771118164,71.05999755859375,83.98359680175781,139.2,106.07,92.83,10.69499969482422,78.6500015258789,10.449999809265137,77.66000366210938,11.0600004196167,81.12999725341797,10.851428440638951,10.781899897257487,1.006447702127352,0.22400007739051697,10.720000267028809,8.220000267028809
2024-09-09,10.56999969482422,71.83999633789062,83.98259735107422,139.2,106.07,92.83,11.140000343322754,79.94000244140625,10.6899995803833,77.19999694824219,11.229999542236328,79.77999877929688,10.769999776567731,10.75989990234375,1.0009377285047512,0.22871017519632383,10.449999809265137,7.929999828338623
2024-09-10,10.5600004196167,69.19000244140625,83.98090362548828,139.2,106.07,92.83,11.109999656677246,78.80000305175781,10.800000190734863,76.05000305175781,10.829999923706056,78.62999725341797,10.691428456987653,10.750899918874104,0.9944673090617171,0.23292072099646116,10.739999771118164,7.929999828338623
2024-09-11,10.75,70.61000061035156,83.98200225830078,139.2,106.07,92.83,11.109999656677246,78.80000305175781,10.592000007629396,77.22000122070312,10.720000267028809,80.72000122070312,10.63999993460519,10.751899909973144,0.9895916189490994,0.22983658719297478,10.1899995803833,8.0600004196167
2024-09-12,10.619999885559082,71.97000122070312,83.99259948730469,139.2,106.07,92.83,10.5,73.75,10.40999984741211,79.0199966430664,10.890000343322754,79.5199966430664,10.657142775399345,10.742899894714355,0.9920163977771788,0.21322128618335953,10.079999923706056,7.929999828338623
2024-09-13,10.270000457763672,71.61000061035156,83.93479919433594,139.2,106.07,92.83,10.619999885559082,72.69999694824219,10.65999984741211,81.43000030517578,10.9399995803833,76.80999755859375,10.607142857142858,10.720566590627035,0.9894190641216675,0.24849344085700326,10.350000381469728,7.809999942779541
2024-09-16,10.369999885559082,72.75,83.88480377197266,139.2,106.07,92.83,10.739999771118164,72.69000244140625,10.6899995803833,79.55000305175781,10.770000457763672,76.30000305175781,10.554285730634417,10.707233238220216,0.9857145761814949,0.2658256512943675,10.260000228881836,7.53000020980835
2024-09-17,10.350000381469728,73.69999694824219,83.88400268554688,139.2,106.07,92.83,10.739999771118164,71.05999755859375,10.69499969482422,78.6500015258789,10.979999542236328,76.4800033569336,10.498571532113212,10.68623326619466,0.9824380065654001,0.28180040757774694,10.220000267028809,7.869999885559082
2024-09-18,10.68000030517578,73.6500015258789,83.77059936523438,139.2,106.07,92.83,10.56999969482422,71.83999633789062,11.140000343322754,79.94000244140625,10.770000457763672,78.33000183105469,10.514285905020577,10.683233261108398,0.9841848255292568,0.24822980811047693,9.789999961853027,7.480000019073486
2024-09-19,10.56999969482422,74.87999725341797,83.69170379638672,139.2,106.07,92.83,10.5600004196167,69.19000244140625,11.109999656677246,78.80000305175781,10.899999618530272,79.16000366210938,10.515714372907366,10.67223326365153,0.9853330844437099,0.20875465063557902,9.329999923706056,7.480000019073486
2024-09-20,10.399999618530272,74.48999786376953,83.61470031738281,139.2,106.07,92.83,10.75,70.61000061035156,11.109999656677246,78.80000305175781,10.710000038146973,79.66000366210938,10.46571431841169,10.661899916330974,0.9815984566124716,0.15578222463391772,9.539999961853027,7.46999979019165
2024-09-23,10.619999885559082,73.9000015258789,83.48709869384766,139.2,106.07,92.83,10.619999885559082,71.97000122070312,10.5,73.75,10.579999923706056,82.30000305175781,10.46571431841169,10.663233248392741,0.9814757175298591,0.15595142844884566,9.40999984741211,7.78000020980835
2024-09-24,10.739999771118164,75.16999816894531,83.55960083007812,139.2,106.07,92.83,10.270000457763672,71.61000061035156,10.619999885559082,72.69999694824219,10.829999923706056,80.69000244140625,10.532857077462333,10.660233243306477,0.9880503509219521,0.16257531636762876,9.039999961853027,7.849999904632568
2024-09-25,10.649999618530272,73.45999908447266,83.56759643554688,139.2,106.07,92.83,10.369999885559082,72.75,10.739999771118164,72.69000244140625,10.899999618530272,79.76000213623047,10.57285703931536,10.651899909973144,0.992578526167991,0.15702057016280033,8.520000457763672,7.650000095367432
2024-09-26,10.720000267028809,71.5999984741211,83.62409973144531,139.2,106.07,92.83,10.350000381469728,73.69999694824219,10.739999771118164,71.05999755859375,10.770000457763672,81.04000091552734,10.6257141658238,10.65023323694865,0.9976968534352576,0.1553743426490411,8.100000381469727,7.889999866485596
2024-09-27,10.449999809265137,71.9800033569336,83.61710357666016,139.2,106.07,92.83,10.68000030517578,73.6500015258789,10.56999969482422,71.83999633789062,10.6899995803833,79.68000030517578,10.592856952122279,10.642233244578044,0.9953594095416936,0.15819199251772903,8.420000076293945,8.149999618530273
2024-09-30,10.739999771118164,71.7699966430664,83.71640014648438,139.2,106.07,92.83,10.56999969482422,74.87999725341797,10.5600004196167,69.19000244140625,10.449999809265137,77.66000366210938,10.617142677307129,10.651899909973144,0.9967360564481058,0.16588251412409089,8.220000267028809,8.460000038146973
2024-10-01,10.1899995803833,73.55999755859375,83.82730102539062,146.63,106.81,101.39,10.399999618530272,74.48999786376953,10.75,70.61000061035156,10.6899995803833,77.19999694824219,10.587142671857562,10.635233243306478,0.9954772476427195,0.1846662979664192,7.929999828338623,8.300000190734863
2024-10-02,10.079999923706056,73.9000015258789,83.87210083007812,146.63,106.81,101.39,10.619999885559082,73.9000015258789,10.619999885559082,71.97000122070312,10.800000190734863,76.05000305175781,10.509999820164271,10.611233234405518,0.9904588546313803,0.21715567557650464,7.929999828338623,8.489999771118164
2024-10-03,10.350000381469728,77.62000274658203,83.91960144042969,146.63,106.81,101.39,10.739999771118164,75.16999816894531,10.270000457763672,71.61000061035156,10.592000007629396,77.22000122070312,10.454285621643066,10.603166580200195,0.9859578912573087,0.21197268653192233,8.0600004196167,8.449999809265137
2024-10-04,10.260000228881836,78.05000305175781,84.0093994140625,146.63,106.81,101.39,10.649999618530272,73.45999908447266,10.369999885559082,72.75,10.40999984741211,79.0199966430664,10.398571423121862,10.598166592915852,0.9811660838028107,0.21883304827776429,7.929999828338623,8.5
2024-10-07,10.220000267028809,80.93000030517578,84.02780151367188,146.63,106.81,101.39,10.720000267028809,71.5999984741211,10.350000381469728,73.69999694824219,10.65999984741211,81.43000030517578,10.32714285169329,10.58349994023641,0.9757767423103689,0.22761662370180827,7.809999942779541,7.989999771118164
2024-10-08,9.789999961853027,77.18000030517578,83.96410369873047,146.63,106.81,101.39,10.449999809265137,71.9800033569336,10.68000030517578,73.6500015258789,10.6899995803833,79.55000305175781,10.232857159205846,10.553499952952068,0.9696164787662396,0.28375033915820097,7.53000020980835,7.800000190734863
2024-10-09,9.329999923706056,76.58000183105469,83.91459655761719,146.63,106.81,101.39,10.739999771118164,71.7699966430664,10.56999969482422,74.87999725341797,10.69499969482422,78.6500015258789,10.031428609575544,10.507999960581461,0.9546458984342697,0.4004557541052055,7.869999885559082,7.664000034332275
2024-10-10,9.539999961853027,79.4000015258789,83.94219970703125,146.63,106.81,101.39,10.1899995803833,73.55999755859375,10.399999618530272,74.48999786376953,11.140000343322754,79.94000244140625,9.938571521214076,10.45466661453247,0.9506340451888311,0.45075026669384605,7.480000019073486,7.5
2024-10-11,9.40999984741211,79.04000091552734,83.94599914550781,146.63,106.81,101.39,10.079999923706056,73.9000015258789,10.619999885559082,73.9000015258789,11.109999656677246,78.80000305175781,9.842857224600655,10.397999954223632,0.9466097135829846,0.4911933173897572,7.480000019073486,7.230000019073486
2024-10-14,9.039999961853027,77.45999908447266,84.16829681396484,146.63,106.81,101.39,10.350000381469728,77.62000274658203,10.739999771118164,75.16999816894531,11.109999656677246,78.80000305175781,9.655714307512556,10.328999964396159,0.9348150830326976,0.5479998716526431,7.46999979019165,7.451000213623047
2024-10-15,8.520000457763672,74.25,84.04850006103516,146.63,106.81,101.39,10.260000228881836,78.05000305175781,10.649999618530272,73.45999908447266,10.5,73.75,9.407142911638532,10.262999979654948,0.9166066222567202,0.6552794494116378,7.78000020980835,7.409999847412109
2024-10-16,8.100000381469727,74.22000122070312,84.05619812011719,146.63,106.81,101.39,10.220000267028809,80.93000030517578,10.720000267028809,71.5999984741211,10.619999885559082,72.69999694824219,9.104285785130092,10.178999996185302,0.894417609231352,0.7683318864715246,7.849999904632568,6.800000190734863
2024-10-17,8.420000076293945,74.44999694824219,84.03929901123047,146.63,106.81,101.39,9.789999961853027,77.18000030517578,10.449999809265137,71.9800033569336,10.739999771118164,72.69000244140625,8.908571515764509,10.101666673024495,0.8818903835591915,0.8095435957084367,7.650000095367432,6.800000190734863
2024-10-18,8.220000267028809,73.05999755859375,84.05380249023438,146.63,106.81,101.39,9.329999923706056,76.58000183105469,10.739999771118164,71.7699966430664,10.739999771118164,71.05999755859375,8.750000136239189,10.01766668955485,0.8734560325112676,0.8097146262220912,7.889999866485596,6.650000095367432
2024-10-21,7.929999828338623,74.29000091552734,84.0687026977539,146.63,106.81,101.39,9.539999961853027,79.4000015258789,10.1899995803833,73.55999755859375,10.56999969482422,71.83999633789062,8.520000117165702,9.92966669400533,0.8580339904026616,0.8617197801438183,8.149999618530273,6.349999904632568
2024-10-22,7.929999828338623,76.04000091552734,84.07350158691406,146.63,106.81,101.39,9.40999984741211,79.04000091552734,10.079999923706056,73.9000015258789,10.5600004196167,69.19000244140625,8.308571543012347,9.842000007629395,0.844194583888012,0.8895782808579464,8.460000038146973,6.349999904632568
2024-10-23,8.0600004196167,74.95999908447266,84.08399963378906,146.63,106.81,101.39,9.039999961853027,77.45999908447266,10.350000381469728,77.62000274658203,10.75,70.61000061035156,8.168571608407158,9.75233335494995,0.8376009038136537,0.8467510407581514,8.300000190734863,6.440000057220459
2024-10-24,7.929999828338623,74.37999725341797,84.06759643554688,146.63,106.81,101.39,8.520000457763672,74.25,10.260000228881836,78.05000305175781,10.619999885559082,71.97000122070312,8.084285804203578,9.662666686375935,0.8366507611293837,0.7884230817006309,8.489999771118164,6.619999885559082
2024-10-25,7.809999942779541,76.05000305175781,84.08180236816406,146.63,106.81,101.39,8.100000381469727,74.22000122070312,10.220000267028809,80.93000030517578,10.270000457763672,71.61000061035156,8.04285717010498,9.580666669209798,0.8394873815075053,0.6998967260312126,8.449999809265137,6.489999771118164
2024-10-28,7.53000020980835,71.41999816894531,84.10199737548828,146.63,106.81,101.39,8.420000076293945,74.44999694824219,9.789999961853027,77.18000030517578,10.369999885559082,72.75,7.91571433203561,9.48600001335144,0.8344619414162902,0.6570701165478702,8.5,6.199999809265137
2024-10-29,7.869999885559082,71.12000274658203,84.10279846191406,146.63,106.81,101.39,8.220000267028809,73.05999755859375,9.329999923706056,76.58000183105469,10.350000381469728,73.69999694824219,7.865714277539935,9.40333333015442,0.8364806007153167,0.6146816090088623,7.989999771118164,6.019999980926514
2024-10-30,7.480000019073486,72.55000305175781,84.08930206298828,146.63,106.81,101.39,7.929999828338623,74.29000091552734,9.539999961853027,79.4000015258789,10.68000030517578,73.6500015258789,7.8014285905020575,9.296666653951009,0.8391631634500827,0.5389371828553887,7.800000190734863,5.710000038146973
2024-10-31,7.480000019073486,73.16000366210938,84.08910369873047,146.63,106.81,101.39,7.929999828338623,76.04000091552734,9.40999984741211,79.04000091552734,10.56999969482422,74.87999725341797,7.737142903464181,9.193666664759318,0.8415722224734921,0.4307851735299588,7.664000034332275,5.900000095367432
2024-11-01,7.46999979019165,73.0999984741211,84.09149932861328,142.12,106.82,100.5,8.0600004196167,74.95999908447266,9.039999961853027,77.45999908447266,10.399999618530272,74.48999786376953,7.652857099260602,9.096000003814698,0.8413422034552662,0.3405305725431047,7.5,6.099999904632568
2024-11-04,7.78000020980835,75.08000183105469,84.13359832763672,142.12,106.82,100.5,7.929999828338623,74.37999725341797,8.520000457763672,74.25,10.619999885559082,73.9000015258789,7.631428582327707,9.00133334795634,0.8478099642827581,0.2927635223119796,7.230000019073486,6.070000171661377
2024-11-05,7.849999904632568,75.52999877929688,84.15249633789062,142.12,106.82,100.5,7.809999942779541,76.05000305175781,8.100000381469727,74.22000122070312,10.739999771118164,75.16999816894531,7.637142862592425,8.905000019073487,0.8576231633916819,0.2843616806654698,7.451000213623047,5.849999904632568
2024-11-06,7.650000095367432,74.91999816894531,84.11630249023438,142.12,106.82,100.5,7.53000020980835,71.41999816894531,8.420000076293945,74.44999694824219,10.649999618530272,73.45999908447266,7.654285703386579,8.805000034968058,0.869310275966579,0.23346062971271844,7.409999847412109,6.059999942779541
2024-11-07,7.889999866485596,75.62999725341797,84.2511978149414,142.12,106.82,100.5,7.869999885559082,71.12000274658203,8.220000267028809,73.05999755859375,10.720000267028809,71.5999984741211,7.657142843518939,8.710666688283284,0.8790525831154482,0.20049389289779673,6.800000190734863,6.010000228881836
2024-11-08,8.149999618530273,73.87000274658203,84.306396484375,142.12,106.82,100.5,7.480000019073486,72.55000305175781,7.929999828338623,74.29000091552734,10.449999809265137,71.9800033569336,7.752857072012765,8.634000015258788,0.8979439516877128,0.2221720526430198,6.800000190734863,6.21999979019165
2024-11-11,8.460000038146973,71.83000183105469,84.38289642333984,142.12,106.82,100.5,7.480000019073486,73.16000366210938,7.929999828338623,76.04000091552734,10.739999771118164,71.7699966430664,7.892857074737549,8.55800002415975,0.922277147661146,0.2861615835270809,6.650000095367432,6.25
2024-11-12,8.300000190734863,71.88999938964844,84.39649963378906,142.12,106.82,100.5,7.46999979019165,73.0999984741211,8.0600004196167,74.95999908447266,10.1899995803833,73.55999755859375,8.011428560529437,8.495000044504803,0.9430746424734151,0.30830000140878944,6.349999904632568,6.130000114440918
2024-11-13,8.489999771118164,72.27999877929688,84.39530181884766,142.12,106.82,100.5,7.78000020980835,75.08000183105469,7.929999828338623,74.37999725341797,10.079999923706056,73.9000015258789,8.112857069287982,8.442000039418538,0.9610101186099481,0.35479521166238287,6.349999904632568,6.130000114440918
2024-11-14,8.449999809265137,72.55999755859375,84.4229965209961,142.12,106.82,100.5,7.849999904632568,75.52999877929688,7.809999942779541,76.05000305175781,10.350000381469728,77.62000274658203,8.198571341378349,8.37866668701172,0.9785043208657804,0.38602861328885474,6.440000057220459,6.065000057220459
2024-11-15,8.5,71.04000091552734,84.47380065917969,142.12,106.82,100.5,7.650000095367432,74.91999816894531,7.53000020980835,71.41999816894531,10.260000228881836,78.05000305175781,8.319999899183001,8.320000012715658,0.9999987844326339,0.39792591547887396,6.619999885559082,6.099999904632568
2024-11-18,7.989999771118164,73.30000305175781,84.47750091552734,142.12,106.82,100.5,7.889999866485596,75.62999725341797,7.869999885559082,71.12000274658203,10.220000267028809,80.93000030517578,8.334285599844796,8.245666662851969,1.0107461086113192,0.3964983824616597,6.489999771118164,5.920000076293945
2024-11-19,7.800000190734863,73.30999755859375,84.39849853515625,142.12,106.82,100.5,8.149999618530273,73.87000274658203,7.480000019073486,72.55000305175781,9.789999961853027,77.18000030517578,8.28428568158831,8.17933333714803,1.0128301674247693,0.3730097054219988,6.199999809265137,6.079999923706055
2024-11-20,7.664000034332275,72.80999755859375,84.39759826660156,142.12,106.82,100.5,8.460000038146973,71.83000183105469,7.480000019073486,73.16000366210938,9.329999923706056,76.58000183105469,8.170571395329066,8.123800007502238,1.005756090773128,0.35539951169044304,6.019999980926514,6.25
2024-11-21,7.5,74.2300033569336,84.38310241699219,142.12,106.82,100.5,8.300000190734863,71.88999938964844,7.46999979019165,73.0999984741211,9.539999961853027,79.4000015258789,8.056285653795515,8.055800008773804,1.0000590437238703,0.35182460571309615,5.710000038146973,6.260000228881836
2024-11-22,7.230000019073486,75.16999816894531,84.48829650878906,142.12,106.82,100.5,8.489999771118164,72.27999877929688,7.78000020980835,75.08000183105469,9.40999984741211,79.04000091552734,7.876285689217704,7.983133347829183,0.9866145885203808,0.4084946970092237,5.900000095367432,5.820000171661377
2024-11-25,7.451000213623047,73.01000213623047,84.43599700927734,142.12,106.82,100.5,8.449999809265137,72.55999755859375,7.849999904632568,75.52999877929688,9.039999961853027,77.45999908447266,7.733571461268833,7.93016668955485,0.9752079637084287,0.4325665929829415,6.099999904632568,5.630000114440918
2024-11-26,7.409999847412109,72.80999755859375,84.37750244140625,142.12,106.82,100.5,8.5,71.04000091552734,7.650000095367432,74.91999816894531,8.520000457763672,74.25,7.577857153756278,7.893166669209799,0.9600516333704352,0.450442547702421,6.070000171661377,5.550000190734863
2024-11-27,6.800000190734863,72.83000183105469,84.33910369873047,142.12,106.82,100.5,7.989999771118164,73.30000305175781,7.889999866485596,75.62999725341797,8.100000381469727,74.22000122070312,7.40785721370152,7.849833329518636,0.9436949124634035,0.545568147940312,5.849999904632568,5.550000190734863
2024-11-28,6.800000190734863,72.83000183105469,84.42030334472656,142.12,106.82,100.5,7.800000190734863,73.30999755859375,8.149999618530273,73.87000274658203,8.420000076293945,74.44999694824219,7.265000070844378,7.795833333333333,0.9319068842469955,0.6081873442419096,6.059999942779541,6.699999809265137
2024-11-29,6.650000095367432,72.94000244140625,84.47160339355469,142.12,106.82,100.5,7.664000034332275,72.80999755859375,8.460000038146973,71.83000183105469,8.220000267028809,73.05999755859375,7.120142936706543,7.743499994277954,0.9194981270726006,0.6426922825770331,6.010000228881836,5.840000152587891
2024-12-02,6.349999904632568,71.83000183105469,84.55699920654297,129.81,105.47,102.21,7.5,74.2300033569336,8.300000190734863,71.88999938964844,7.929999828338623,74.29000091552734,6.9558572087969095,7.690833330154419,0.9044336115292116,0.6987615161208137,6.21999979019165,6.130000114440918
2024-12-03,6.349999904632568,73.62000274658203,84.73709869384766,129.81,105.47,102.21,7.230000019073486,75.16999816894531,8.489999771118164,72.27999877929688,7.929999828338623,76.04000091552734,6.830142906733921,7.638166666030884,0.8942111717721174,0.701029555248227,6.25,5.889999866485596
2024-12-04,6.440000057220459,72.30999755859375,84.68309783935547,129.81,105.47,102.21,7.451000213623047,73.01000213623047,8.449999809265137,72.55999755859375,8.0600004196167,74.95999908447266,6.685714312962124,7.5841666539510095,0.8815346237325804,0.6639737585653598,6.130000114440918,5.730000019073486
2024-12-05,6.619999885559082,72.08999633789062,84.70700073242188,129.81,105.47,102.21,7.409999847412109,72.80999755859375,8.5,71.04000091552734,7.929999828338623,74.37999725341797,6.572857175554548,7.540499989191691,0.8716727628470563,0.5657802776659346,6.130000114440918,5.71999979019165
2024-12-06,6.489999771118164,71.12000274658203,84.68379974365234,129.81,105.47,102.21,6.800000190734863,72.83000183105469,7.989999771118164,73.30000305175781,7.809999942779541,76.05000305175781,6.528571401323591,7.496499983469645,0.8708814389255227,0.5193748526718155,6.065000057220459,5.71999979019165
2024-12-09,6.199999809265137,72.13999938964844,84.66600036621094,129.81,105.47,102.21,6.800000190734863,72.83000183105469,7.800000190734863,73.30999755859375,7.53000020980835,71.41999816894531,6.44285706111363,7.452166636784871,0.8645604331640351,0.49785552572098296,6.099999904632568,5.610000133514404
2024-12-10,6.019999980926514,72.19000244140625,84.84729766845703,129.81,105.47,102.21,6.650000095367432,72.94000244140625,7.664000034332275,72.80999755859375,7.869999885559082,71.12000274658203,6.352857044764927,7.3904999732971195,0.8595965728642045,0.4858260321380056,5.920000076293945,5.28000020980835
2024-12-11,5.710000038146973,73.5199966430664,84.8740005493164,129.81,105.47,102.21,6.349999904632568,71.83000183105469,7.5,74.2300033569336,7.480000019073486,72.55000305175781,6.261428492409842,7.331499973932902,0.8540435073637325,0.5046137706661891,6.079999923706055,5.139999866485596
2024-12-12,5.900000095367432,73.41000366210938,84.85710144042969,129.81,105.47,102.21,6.349999904632568,73.62000274658203,7.230000019073486,75.16999816894531,7.480000019073486,73.16000366210938,6.197142805371966,7.278833309809367,0.8513911540066205,0.5038311367246712,6.25,5.139999866485596
2024-12-13,6.099999904632568,74.48999786376953,84.83920288085938,129.81,105.47,102.21,6.440000057220459,72.30999755859375,7.451000213623047,73.01000213623047,7.46999979019165,73.0999984741211,6.148571355002267,7.233166646957398,0.850051319787501,0.4351910015831714,6.260000228881836,5.320000171661377
2024-12-16,6.070000171661377,73.91000366210938,84.802001953125,129.81,105.47,102.21,6.619999885559082,72.08999633789062,7.409999847412109,72.80999755859375,7.78000020980835,75.08000183105469,6.069999967302595,7.176166645685831,0.8458543130974561,0.3361057068458297,5.820000171661377,5.28000020980835
2024-12-17,5.849999904632568,73.19000244140625,84.91729736328125,129.81,105.47,102.21,6.489999771118164,71.12000274658203,6.800000190734863,72.83000183105469,7.849999904632568,75.52999877929688,5.97857141494751,7.109499979019165,0.8409259474409402,0.32785098265894086,5.630000114440918,5.320000171661377
2024-12-18,6.059999942779541,73.38999938964844,84.91539764404297,129.81,105.47,102.21,6.199999809265137,72.13999938964844,6.800000190734863,72.83000183105469,7.650000095367432,74.91999816894531,5.958571434020996,7.056499973932902,0.8444077108984831,0.29050256911562583,5.550000190734863,5.489999771118164
2024-12-19,6.010000228881836,72.87999725341797,85.16549682617188,129.81,105.47,102.21,6.019999980926514,72.19000244140625,6.650000095367432,72.94000244140625,7.889999866485596,75.62999725341797,5.957142898014614,6.99383331934611,0.8517695673187569,0.26346063606948555,5.550000190734863,5.769999980926514
2024-12-20,6.21999979019165,72.94000244140625,85.27940368652344,129.81,105.47,102.21,5.710000038146973,73.5199966430664,6.349999904632568,71.83000183105469,8.149999618530273,73.87000274658203,6.030000005449567,6.929499991734823,0.870191400638985,0.25829953473154393,6.699999809265137,5.46999979019165
2024-12-23,6.25,72.62999725341797,84.94499969482422,129.81,105.47,102.21,5.900000095367432,73.41000366210938,6.349999904632568,73.62000274658203,8.460000038146973,71.83000183105469,6.079999991825649,6.85583332379659,0.8868347342072429,0.25355488705624735,5.840000152587891,5.869999885559082
2024-12-24,6.130000114440918,73.58000183105469,85.0988998413086,129.81,105.47,102.21,6.099999904632568,74.48999786376953,6.440000057220459,72.30999755859375,8.300000190734863,71.88999938964844,6.084285736083984,6.783499987920125,0.8969229420932087,0.23828247575011507,6.130000114440918,5.989999771118164
2024-12-25,6.130000114440918,73.58000183105469,85.18150329589844,129.81,105.47,102.21,6.070000171661377,73.91000366210938,6.619999885559082,72.08999633789062,8.489999771118164,72.27999877929688,6.092857156481061,6.70483333269755,0.9087247612137316,0.1896496985869408,5.889999866485596,5.800000190734863
2024-12-26,6.065000057220459,73.26000213623047,85.41339874267578,129.81,105.47,102.21,5.849999904632568,73.19000244140625,6.489999771118164,71.12000274658203,8.449999809265137,72.55999755859375,6.123571463993618,6.625333340962728,0.9242647737413413,0.148843955634715,5.730000019073486,5.860000133514404
2024-12-27,6.099999904632568,74.16999816894531,85.26090240478516,129.81,105.47,102.21,6.059999942779541,73.38999938964844,6.199999809265137,72.13999938964844,8.5,71.04000091552734,6.129285744258335,6.545333337783814,0.9364345654530094,0.14344895948316,5.71999979019165,5.78000020980835
2024-12-30,5.920000076293945,74.38999938964844,85.38600158691406,129.81,105.47,102.21,6.010000228881836,72.87999725341797,6.019999980926514,72.19000244140625,7.989999771118164,73.30000305175781,6.116428579602923,6.47633334795634,0.9444262373045755,0.1471734365015198,5.71999979019165,5.679999828338623
2024-12-31,6.079999923706055,74.63999938964844,85.7865982055664,129.81,105.47,102.21,6.21999979019165,72.94000244140625,5.710000038146973,73.5199966430664,7.800000190734863,73.30999755859375,6.096428598676409,6.4190000057220455,0.9497459254997141,0.11330023816642155,5.610000133514404,5.510000228881836
2025-01-02,6.25,75.93000030517578,85.78569793701172,129.81,105.47,102.21,6.25,72.62999725341797,5.900000095367432,73.41000366210938,7.664000034332275,72.80999755859375,6.096428598676409,6.3718666712443035,0.9567712799886781,0.11313038633033502,5.28000020980835,5.5
2025-01-03,6.260000228881836,76.51000213623047,85.80400085449219,129.81,105.47,102.21,6.130000114440918,73.58000183105469,6.099999904632568,74.48999786376953,7.5,74.2300033569336,6.11500004359654,6.330533345540364,0.9659518480201756,0.12213587125415884,5.139999866485596,5.639999866485596
2025-01-06,5.820000171661377,76.30000305175781,85.75900268554688,129.81,105.47,102.21,6.130000114440918,73.58000183105469,6.070000171661377,73.91000366210938,7.230000019073486,75.16999816894531,6.070714337485177,6.2835333506266275,0.9661291406352396,0.14325348619367895,5.139999866485596,5.639999866485596
2025-01-07,5.630000114440918,77.05000305175781,85.68070220947266,129.81,105.47,102.21,6.065000057220459,73.26000213623047,5.849999904632568,73.19000244140625,7.451000213623047,73.01000213623047,6.008571488516671,6.222833347320557,0.9655668885034449,0.17839212249351089,5.320000171661377,6.079999923706055
2025-01-08,5.550000190734863,76.16000366210938,85.80650329589844,129.81,105.47,102.21,6.099999904632568,74.16999816894531,6.059999942779541,73.38999938964844,7.409999847412109,72.80999755859375,5.930000100816999,6.160833358764648,0.9625305750357631,0.22556303854291093,5.28000020980835,5.989999771118164
2025-01-09,5.550000190734863,76.91999816894531,85.90750122070312,129.81,105.47,102.21,5.920000076293945,74.38999938964844,6.010000228881836,72.87999725341797,6.800000190734863,72.83000183105469,5.877142974308559,6.1191666920979815,0.9604466858912617,0.2595824936572953,5.320000171661377,6.449999809265137
2025-01-10,6.699999809265137,79.76000213623047,85.91999816894531,129.81,105.47,102.21,6.079999923706055,74.63999938964844,6.21999979019165,72.94000244140625,6.800000190734863,72.83000183105469,5.9657143865312845,6.115833346048991,0.9754524517678018,0.3167391863906413,5.489999771118164,6.320000171661377
2025-01-13,5.840000152587891,81.01000213623047,86.18800354003906,129.81,105.47,102.21,6.25,75.93000030517578,6.25,72.62999725341797,6.650000095367432,72.94000244140625,5.9071429797581265,6.0888333479563395,0.9701584754583646,0.31388137032046154,5.769999980926514,6.090000152587891
2025-01-14,6.130000114440918,79.91999816894531,86.65059661865234,129.81,105.47,102.21,6.260000228881836,76.51000213623047,6.130000114440918,73.58000183105469,6.349999904632568,71.83000183105469,5.888571534837995,6.081500021616618,0.9682745755424514,0.31388137032046154,5.46999979019165,6.260000228881836
2025-01-15,5.889999866485596,82.02999877929688,86.535400390625,129.81,105.47,102.21,5.820000171661377,76.30000305175781,6.130000114440918,73.58000183105469,6.349999904632568,73.62000274658203,5.898571491241455,6.066166687011719,0.9723705384102771,0.31289253197544864,5.869999885559082,6.400000095367432
2025-01-16,5.730000019073486,81.29000091552734,86.43099975585938,129.81,105.47,102.21,5.630000114440918,77.05000305175781,6.065000057220459,73.26000213623047,6.440000057220459,72.30999755859375,5.91285719190325,6.042500019073486,0.9785432168484653,0.3190240207760329,5.989999771118164,6.170000076293945
2025-01-17,5.71999979019165,80.79000091552734,86.6061019897461,129.81,105.47,102.21,5.550000190734863,76.16000366210938,6.099999904632568,74.16999816894531,6.619999885559082,72.08999633789062,5.937142848968506,6.012500015894572,0.9874649411432452,0.3224093158160482,5.800000190734863,6.400000095367432
2025-01-20,5.71999979019165,80.79000091552734,86.56900024414062,129.81,105.47,102.21,5.550000190734863,76.91999816894531,5.920000076293945,74.38999938964844,6.489999771118164,71.12000274658203,5.961428506033761,5.986833349863688,0.9957548841109222,0.3274484693034577,5.860000133514404,6.150000095367432
2025-01-21,5.610000133514404,79.29000091552734,86.21109771728516,129.81,105.47,102.21,6.699999809265137,79.76000213623047,6.079999923706055,74.63999938964844,6.199999809265137,72.13999938964844,5.805714266640799,5.96716669400533,0.9729415709230235,0.33373670886743606,5.78000020980835,6.0
2025-01-22,5.28000020980835,79.0,86.45189666748047,129.81,105.47,102.21,5.840000152587891,81.01000213623047,6.25,75.93000030517578,6.019999980926514,72.19000244140625,5.725714274815151,5.942500034968059,0.963517813368897,0.35245522428325055,5.679999828338623,6.289999961853027
2025-01-23,5.139999866485596,78.29000091552734,86.47270202636719,129.81,105.47,102.21,6.130000114440918,79.91999816894531,6.260000228881836,76.51000213623047,5.710000038146973,73.5199966430664,5.58428566796439,5.9235000292460125,0.9427325420896094,0.37066685761383444,5.510000228881836,6.5
2025-01-24,5.139999866485596,78.5,86.44020080566406,129.81,105.47,102.21,5.889999866485596,82.02999877929688,5.820000171661377,76.30000305175781,5.900000095367432,73.41000366210938,5.477142810821533,5.898166688283284,0.9286162657185001,0.4020940742141959,5.5,6.570000171661377
2025-01-27,5.320000171661377,77.08000183105469,86.2030029296875,129.81,105.47,102.21,5.730000019073486,81.29000091552734,5.630000114440918,77.05000305175781,6.099999904632568,74.48999786376953,5.418571404048374,5.8721666971842446,0.9227534666398276,0.4138879833727122,5.639999866485596,6.550000190734863
2025-01-28,5.28000020980835,77.48999786376953,86.46839904785156,129.81,105.47,102.21,5.71999979019165,80.79000091552734,5.550000190734863,76.16000366210938,6.070000171661377,73.91000366210938,5.355714321136475,5.845833365122477,0.9161576844651339,0.4258133282969438,5.639999866485596,6.679999828338623
2025-01-29,5.320000171661377,76.58000183105469,86.58460235595703,129.81,105.47,102.21,5.71999979019165,80.79000091552734,5.550000190734863,76.91999816894531,5.849999904632568,73.19000244140625,5.298571518489292,5.828166707356771,0.9091302107914865,0.43417467054013886,6.079999923706055,7.139999866485596
2025-01-30,5.489999771118164,76.87000274658203,86.6406021118164,129.81,105.47,102.21,5.610000133514404,79.29000091552734,6.699999809265137,79.76000213623047,6.059999942779541,73.38999938964844,5.281428609575544,5.809166701634725,0.9091526873488509,0.30643374273334417,5.989999771118164,6.849999904632568
2025-01-31,5.769999980926514,76.76000213623047,86.64700317382812,129.81,105.47,102.21,5.28000020980835,79.0,5.840000152587891,81.01000213623047,6.010000228881836,72.87999725341797,5.351428576878139,5.801166693369548,0.9224729498404267,0.30176037404007566,6.449999809265137,6.949999809265137
2025-02-03,5.46999979019165,75.95999908447266,86.55400085449219,129.81,105.47,102.21,5.139999866485596,78.29000091552734,6.130000114440918,79.91999816894531,6.21999979019165,72.94000244140625,5.398571423121861,5.7761666933695475,0.9346271261609538,0.24924054841554594,6.320000171661377,6.860000133514404
2025-02-04,5.869999885559082,76.19999694824219,86.94339752197266,129.81,105.47,102.21,5.139999866485596,78.5,5.889999866485596,82.02999877929688,6.25,72.62999725341797,5.502857140132359,5.763500022888183,0.9547753223780797,0.24682595127520773,6.090000152587891,6.730000019073486
2025-02-05,5.989999771118164,74.61000061035156,87.13009643554688,129.81,105.47,102.21,5.320000171661377,77.08000183105469,5.730000019073486,81.29000091552734,6.130000114440918,73.58000183105469,5.598571368626186,5.758833344777425,0.9721694155308833,0.2745024681679596,6.260000228881836,6.5
2025-02-06,5.800000190734863,74.29000091552734,87.33409881591797,129.81,105.47,102.21,5.28000020980835,77.48999786376953,5.71999979019165,80.79000091552734,6.130000114440918,73.58000183105469,5.672857080187116,5.747833347320556,0.9869540169064636,0.2800195729471173,6.400000095367432,6.775000095367432
2025-02-07,5.860000133514404,74.66000366210938,87.58830261230469,129.81,105.47,102.21,5.320000171661377,76.58000183105469,5.71999979019165,80.79000091552734,6.065000057220459,73.26000213623047,5.749999931880406,5.7410000165303545,1.0015659118037012,0.29024428326979196,6.170000076293945,6.909999847412109
2025-02-10,5.78000020980835,75.87000274658203,87.51309967041016,129.81,105.47,102.21,5.489999771118164,76.87000274658203,5.610000133514404,79.29000091552734,6.099999904632568,74.16999816894531,5.791428565979004,5.730333360036214,1.010659955626534,0.29756981364484386,6.400000095367432,6.75
2025-02-11,5.679999828338623,77.0,87.49009704589844,129.81,105.47,102.21,5.769999980926514,76.76000213623047,5.28000020980835,79.0,5.920000076293945,74.38999938964844,5.778571401323591,5.722333351771037,1.0098260530863028,0.29016572988053363,6.150000095367432,6.510000228881836
2025-02-12,5.510000228881836,75.18000030517578,86.81120300292969,129.81,105.47,102.21,5.46999979019165,75.95999908447266,5.139999866485596,78.29000091552734,6.079999923706055,74.63999938964844,5.784285749707903,5.703333361943563,1.0141920944659306,0.2641635913857505,6.0,6.400000095367432
2025-02-13,5.5,75.0199966430664,86.8740005493164,129.81,105.47,102.21,5.869999885559082,76.19999694824219,5.139999866485596,78.5,6.25,75.93000030517578,5.731428623199463,5.6783333619435625,1.009348723363874,0.23245932426536156,6.289999961853027,6.349999904632568
2025-02-14,5.639999866485596,74.73999786376953,86.75409698486328,129.81,105.47,102.21,5.989999771118164,74.61000061035156,5.320000171661377,77.08000183105469,6.260000228881836,76.51000213623047,5.681428636823382,5.6576666831970215,1.0041981815074204,0.21615517335319995,6.5,6.360000133514404
2025-02-17,5.639999866485596,74.73999786376953,86.43460083007812,129.81,105.47,102.21,5.800000190734863,74.29000091552734,5.28000020980835,77.48999786376953,5.820000171661377,76.30000305175781,5.658571447644915,5.651666673024495,1.0012199520636644,0.18984665684038368,6.570000171661377,6.25
2025-02-18,6.079999923706055,75.83999633789062,86.85479736328125,129.81,105.47,102.21,5.860000133514404,74.66000366210938,5.320000171661377,76.58000183105469,5.630000114440918,77.05000305175781,5.689999989100865,5.666666666666667,1.0041158731662587,0.19203366068377467,6.550000190734863,6.5
2025-02-19,5.989999771118164,76.04000091552734,86.88719940185547,129.81,105.47,102.21,5.78000020980835,75.87000274658203,5.489999771118164,76.87000274658203,5.550000190734863,76.16000366210938,5.719999926430838,5.68133331934611,1.0068041315076128,0.1924623273093405,6.679999828338623,6.369999885559082
2025-02-20,6.449999809265137,76.4800033569336,86.872802734375,129.81,105.47,102.21,5.679999828338623,77.0,5.769999980926514,76.76000213623047,5.550000190734863,76.91999816894531,5.829999923706055,5.711333306630452,1.020775605790997,0.2675159984773841,7.139999866485596,6.019999980926514
2025-02-21,6.320000171661377,74.43000030517578,86.45120239257812,129.81,105.47,102.21,5.510000228881836,75.18000030517578,5.46999979019165,75.95999908447266,6.699999809265137,79.76000213623047,5.945714201245989,5.69866665204366,1.0433499853187382,0.2818823737317482,6.849999904632568,5.619999885559082
2025-02-24,6.090000152587891,74.77999877929688,86.52940368652344,129.81,105.47,102.21,5.5,75.0199966430664,5.869999885559082,76.19999694824219,5.840000152587891,81.01000213623047,6.029999937329974,5.706999985376994,1.0565953017044956,0.2882430429366588,6.949999809265137,5.380000114440918
2025-02-25,6.260000228881836,73.0199966430664,86.69010162353516,129.81,105.47,102.21,5.639999866485596,74.73999786376953,5.989999771118164,74.61000061035156,6.130000114440918,79.91999816894531,6.118571417672293,5.711333322525024,1.071301631183893,0.30468142570579587,6.860000133514404,5.360000133514404
2025-02-26,6.400000095367432,72.52999877929688,87.0811996459961,129.81,105.47,102.21,5.639999866485596,74.73999786376953,5.800000190734863,74.29000091552734,5.889999866485596,82.02999877929688,6.227142878941128,5.728333330154419,1.087075707589137,0.3306271253808054,6.730000019073486,5.329999923706055
2025-02-27,6.170000076293945,74.04000091552734,87.16220092773438,129.81,105.47,102.21,6.079999923706055,75.83999633789062,5.860000133514404,74.66000366210938,5.730000019073486,81.29000091552734,6.24000004359654,5.742999998728434,1.0865382517143702,0.3350028910151952,6.5,5.599999904632568
2025-02-28,6.400000095367432,73.18000030517578,87.3270034790039,129.81,105.47,102.21,5.989999771118164,76.04000091552734,5.78000020980835,75.87000274658203,5.71999979019165,80.79000091552734,6.298571518489292,5.765666675567627,1.0924253774374544,0.3493392871887755,6.775000095367432,5.630000114440918
2025-03-03,6.150000095367432,71.62000274658203,87.46399688720703,129.81,105.47,102.21,6.449999809265137,76.4800033569336,5.679999828338623,77.0,5.71999979019165,80.79000091552734,6.255714416503906,5.780000019073486,1.0823016562013978,0.3376486491758897,6.909999847412109,5.75
2025-03-04,6.0,71.04000091552734,87.32959747314453,129.81,105.47,102.21,6.320000171661377,74.43000030517578,5.510000228881836,75.18000030517578,5.610000133514404,79.29000091552734,6.210000106266567,5.793000014623006,1.0719815934360504,0.30164117335456186,6.75,5.690000057220459
2025-03-05,6.289999961853027,69.30000305175781,87.21700286865234,129.81,105.47,102.21,6.090000152587891,74.77999877929688,5.5,75.0199966430664,5.28000020980835,79.0,6.238571507590158,5.826666673024495,1.0706912117627179,0.25560535698787173,6.510000228881836,5.71999979019165
2025-03-06,6.5,69.45999908447266,86.88929748535156,129.81,105.47,102.21,6.260000228881836,73.0199966430664,5.639999866485596,74.73999786376953,5.139999866485596,78.29000091552734,6.272857189178467,5.872000010808309,1.068264048874634,0.2297060191970999,6.400000095367432,5.739999771118164
2025-03-07,6.570000171661377,70.36000061035156,87.12879943847656,129.81,105.47,102.21,6.400000095367432,72.52999877929688,5.639999866485596,74.73999786376953,5.139999866485596,78.5,6.297142914363316,5.919666687647502,1.0637646693616676,0.18717245895457058,6.349999904632568,5.730000019073486
2025-03-10,6.550000190734863,69.27999877929688,87.07379913330078,129.81,105.47,102.21,6.170000076293945,74.04000091552734,6.079999923706055,75.83999633789062,5.320000171661377,77.08000183105469,6.351428644997733,5.960666688283284,1.0655549658451595,0.19401487886826943,6.360000133514404,5.599999904632568
2025-03-11,6.679999828338623,69.55999755859375,87.3551025390625,129.81,105.47,102.21,6.400000095367432,73.18000030517578,5.989999771118164,76.04000091552734,5.28000020980835,77.48999786376953,6.39142860685076,6.007333342234293,1.0639359601633183,0.19798015370290944,6.25,5.880000114440918
2025-03-12,7.139999866485596,70.94999694824219,87.20010375976562,129.81,105.47,102.21,6.150000095367432,71.62000274658203,6.449999809265137,76.4800033569336,5.320000171661377,76.58000183105469,6.532857145581927,6.0679999987284345,1.076606193290865,0.29042971202727225,6.5,5.829999923706055
2025-03-13,6.849999904632568,69.87999725341797,87.3405990600586,129.81,105.47,102.21,6.0,71.04000091552734,6.320000171661377,74.43000030517578,5.489999771118164,76.87000274658203,6.654285703386579,6.113333336512247,1.0884855204587525,0.3136184813957393,6.369999885559082,5.920000076293945
2025-03-14,6.949999809265137,70.58000183105469,86.9220962524414,129.81,105.47,102.21,6.289999961853027,69.30000305175781,6.090000152587891,74.77999877929688,5.769999980926514,76.76000213623047,6.748571395874023,6.152666664123535,1.096851299731899,0.3254488918478352,6.019999980926514,5.78000020980835
2025-03-17,6.860000133514404,71.06999969482422,86.93900299072266,129.81,105.47,102.21,6.5,69.45999908447266,6.260000228881836,73.0199966430664,5.46999979019165,75.95999908447266,6.799999986376081,6.199000008900961,1.0969493478171801,0.3317692595781841,5.619999885559082,5.570000171661377
2025-03-18,6.730000019073486,70.55999755859375,86.91639709472656,129.81,105.47,102.21,6.570000171661377,70.36000061035156,6.400000095367432,72.52999877929688,5.869999885559082,76.19999694824219,6.822857107434954,6.227666680018107,1.0955702195212738,0.33305110932046195,5.380000114440918,5.764999866485596
2025-03-19,6.5,70.77999877929688,86.57610321044922,129.81,105.47,102.21,6.550000190734863,69.27999877929688,6.170000076293945,74.04000091552734,5.989999771118164,74.61000061035156,6.815714223044259,6.244666687647501,1.0914438911667468,0.3144862749773418,5.360000133514404,5.949999809265137
2025-03-20,6.775000095367432,72.0,86.33709716796875,129.81,105.47,102.21,6.679999828338623,69.55999755859375,6.400000095367432,73.18000030517578,5.800000190734863,74.29000091552734,6.829285689762661,6.277166684468587,1.0879549888503441,0.31361697315861714,5.329999923706055,5.840000152587891
2025-03-21,6.909999847412109,72.16000366210938,86.33609771728516,129.81,105.47,102.21,7.139999866485596,70.94999694824219,6.150000095367432,71.62000274658203,5.860000133514404,74.66000366210938,6.796428544180734,6.312166674931844,1.0767170968411017,0.2928931140156354,5.599999904632568,5.914000034332275
2025-03-24,6.75,73.0,85.98699951171875,129.81,105.47,102.21,6.849999904632568,69.87999725341797,6.0,71.04000091552734,5.78000020980835,75.87000274658203,6.782142843518939,6.344500001271566,1.0689781940858574,0.22198060420129156,5.630000114440918,5.619999885559082
2025-03-25,6.510000228881836,73.0199966430664,85.53209686279297,129.81,105.47,102.21,6.949999809265137,70.58000183105469,6.289999961853027,69.30000305175781,5.679999828338623,77.0,6.719285760607038,6.372166681289673,1.0544726075057784,0.19554824169471946,5.75,5.619999885559082
2025-03-26,6.400000095367432,73.79000091552734,85.59040069580078,129.81,105.47,102.21,6.860000133514404,71.06999969482422,6.5,69.45999908447266,5.510000228881836,75.18000030517578,6.653571469443185,6.401833343505859,1.0393211942920602,0.2062820810281708,5.690000057220459,5.420000076293945
2025-03-27,6.349999904632568,74.02999877929688,86.09539794921875,129.81,105.47,102.21,6.730000019073486,70.55999755859375,6.570000171661377,70.36000061035156,5.5,75.0199966430664,6.599285738808768,6.4301666736602785,1.0262992875205446,0.22653044541825623,5.71999979019165,5.429999828338623
2025-03-28,6.360000133514404,73.62999725341797,85.69490051269531,129.81,105.47,102.21,6.5,70.77999877929688,6.550000190734863,69.27999877929688,5.639999866485596,74.73999786376953,6.579285757882254,6.4541666825612385,1.019384203667534,0.24208026174111713,5.739999771118164,5.539999961853027
2025-03-31,6.25,74.73999786376953,85.53880310058594,129.81,105.47,102.21,6.775000095367432,72.0,6.679999828338623,69.55999755859375,5.639999866485596,74.73999786376953,6.504285744258335,6.474500020345052,1.004598915411316,0.2701253190790806,5.730000019073486,5.300000190734863
2025-04-01,6.5,74.48999786376953,85.46810150146484,129.81,105.47,102.21,6.909999847412109,72.16000366210938,7.139999866485596,70.94999694824219,6.079999923706055,75.83999633789062,6.445714337485177,6.488500022888184,0.9934043894126626,0.23586317050092329,5.599999904632568,5.460000038146973
2025-04-02,6.369999885559082,74.94999694824219,85.61009979248047,129.81,105.47,102.21,6.75,73.0,6.849999904632568,69.87999725341797,5.989999771118164,76.04000091552734,6.39142860685076,6.501166693369547,0.9831187350082767,0.2349108174063475,5.880000114440918,5.550000190734863
2025-04-03,6.019999980926514,70.13999938964844,85.65119934082031,129.81,105.47,102.21,6.510000228881836,73.0199966430664,6.949999809265137,70.58000183105469,6.449999809265137,76.4800033569336,6.321428571428571,6.48683336575826,0.9744999555249239,0.25493939825090406,5.829999923706055,5.504000186920166
2025-04-04,5.619999885559082,65.58000183105469,85.28289794921875,129.81,105.47,102.21,6.400000095367432,73.79000091552734,6.860000133514404,71.06999969482422,6.320000171661377,74.43000030517578,6.209999970027378,6.463500022888184,0.9607782687791787,0.33170660459324663,5.920000076293945,5.309999942779541
2025-04-07,5.380000114440918,64.20999908447266,85.529296875,129.81,105.47,102.21,6.349999904632568,74.02999877929688,6.730000019073486,70.55999755859375,6.090000152587891,74.77999877929688,6.071428571428571,6.439833354949951,0.9427913439481101,0.42222152115454115,5.78000020980835,5.360000133514404
2025-04-08,5.360000133514404,62.81999969482422,86.0270004272461,129.81,105.47,102.21,6.360000133514404,73.62999725341797,6.5,70.77999877929688,6.260000228881836,73.0199966430664,5.928571428571429,6.409833351771037,0.9249167418316654,0.4921623146558458,5.570000171661377,5.340000152587891
2025-04-09,5.329999923706055,65.4800033569336,86.435302734375,129.81,105.47,102.21,6.25,74.73999786376953,6.775000095367432,72.0,6.400000095367432,72.52999877929688,5.797142846243722,6.374166679382324,0.9094731975338786,0.5249097115990404,5.764999866485596,5.210000038146973
2025-04-10,5.599999904632568,63.33000183105469,86.20929718017578,129.81,105.47,102.21,6.5,74.48999786376953,6.909999847412109,72.16000366210938,6.170000076293945,74.04000091552734,5.668571404048374,6.355166673660278,0.8919612616817383,0.4950591183730996,5.949999809265137,5.150000095367432
2025-04-11,5.630000114440918,64.76000213623047,86.2603988647461,129.81,105.47,102.21,6.369999885559082,74.94999694824219,6.75,73.0,6.400000095367432,73.18000030517578,5.562857151031494,6.329500007629394,0.8788764287166304,0.4640031374197318,5.840000152587891,5.150000095367432
2025-04-14,5.75,64.87999725341797,86.19300079345703,129.81,105.47,102.21,6.019999980926514,70.13999938964844,6.510000228881836,73.0199966430664,6.150000095367432,71.62000274658203,5.524285725184849,6.316166671117147,0.8746249531692983,0.4407411253367507,5.914000034332275,5.150000095367432
2025-04-15,5.690000057220459,64.66999816894531,86.0447998046875,129.81,105.47,102.21,5.619999885559082,65.58000183105469,6.400000095367432,73.79000091552734,6.0,71.04000091552734,5.534285749707903,6.305833339691162,0.8776440281783077,0.4220677580066148,5.619999885559082,5.166999816894531
2025-04-16,5.71999979019165,65.8499984741211,85.72669982910156,129.81,105.47,102.21,5.380000114440918,64.20999908447266,6.349999904632568,74.02999877929688,6.289999961853027,69.30000305175781,5.582857131958008,6.286833333969116,0.8880223087145619,0.40021971356636515,5.619999885559082,5.190000057220459
2025-04-17,5.739999771118164,67.95999908447266,85.62049865722656,129.81,105.47,102.21,5.360000133514404,62.81999969482422,6.360000133514404,73.62999725341797,6.5,69.45999908447266,5.6371427944728305,6.261499993006388,0.900284883481632,0.3698737318225258,5.420000076293945,5.190000057220459
2025-04-21,5.730000019073486,66.26000213623047,85.62049865722656,129.81,105.47,102.21,5.329999923706055,65.4800033569336,6.25,74.73999786376953,6.570000171661377,70.36000061035156,5.694285665239606,6.233499987920125,0.9134958757224296,0.3446003947796228,5.429999828338623,5.099999904632568
2025-04-22,5.599999904632568,67.44000244140625,85.15889739990234,129.81,105.47,102.21,5.599999904632568,63.33000183105469,6.5,74.48999786376953,6.550000190734863,69.27999877929688,5.694285665239606,6.201833311716715,0.9181601951280816,0.26863918467811404,5.539999961853027,5.199999809265137
2025-04-23,5.880000114440918,66.12000274658203,85.2323989868164,129.81,105.47,102.21,5.630000114440918,64.76000213623047,6.369999885559082,74.94999694824219,6.679999828338623,69.55999755859375,5.729999950953892,6.175166654586792,0.927908669090101,0.19341492526582313,5.300000190734863,5.420000076293945
2025-04-24,5.829999923706055,66.55000305175781,85.4999008178711,129.81,105.47,102.21,5.75,64.87999725341797,6.019999980926514,70.13999938964844,7.139999866485596,70.94999694824219,5.741428511483329,6.131499989827474,0.9363808459920456,0.17049376161336818,5.460000038146973,5.489999771118164
2025-04-25,5.920000076293945,66.87000274658203,85.2573013305664,129.81,105.47,102.21,5.690000057220459,64.66999816894531,5.619999885559082,65.58000183105469,6.849999904632568,69.87999725341797,5.774285657065255,6.10049999554952,0.9465250710641809,0.1868242254935259,5.550000190734863,5.409999847412109
2025-04-28,5.78000020980835,65.86000061035156,85.38490295410156,129.81,105.47,102.21,5.71999979019165,65.8499984741211,5.380000114440918,64.20999908447266,6.949999809265137,70.58000183105469,5.782857145581927,6.0615000089009605,0.9540291341745128,0.17161803786085544,5.504000186920166,5.372000217437744
2025-04-29,5.570000171661377,64.25,85.1603012084961,129.81,105.47,102.21,5.739999771118164,67.95999908447266,5.360000133514404,62.81999969482422,6.860000133514404,71.06999969482422,5.758571488516671,6.018500010172526,0.9568101538060908,0.14890260368329822,5.309999942779541,5.519999980926514
2025-04-30,5.764999866485596,63.119998931884766,85.1707992553711,129.81,105.47,102.21,5.730000019073486,66.26000213623047,5.329999923706055,65.4800033569336,6.730000019073486,70.55999755859375,5.7635714667184015,5.9863333384195965,0.9627866530355061,0.10521368547821552,5.360000133514404,5.650000095367432
2025-05-01,5.949999809265137,62.130001068115234,84.53119659423828,129.81,105.47,102.21,5.599999904632568,67.44000244140625,5.599999904632568,63.33000183105469,6.5,70.77999877929688,5.813571453094482,5.967999998728434,0.9741222709635445,0.11347953208013029,5.340000152587891,5.730000019073486
2025-05-02,5.840000152587891,61.290000915527344,84.69670104980469,129.81,105.47,102.21,5.880000114440918,66.12000274658203,5.630000114440918,64.76000213623047,6.775000095367432,72.0,5.807857172829764,5.936833333969116,0.9782736121060622,0.10965291860157139,5.210000038146973,5.869999885559082
2025-05-05,5.914000034332275,60.22999954223633,84.52629852294922,129.81,105.47,102.21,5.829999923706055,66.55000305175781,5.75,64.87999725341797,6.909999847412109,72.16000366210938,5.81985718863351,5.9036333401997885,0.9858077213107115,0.11604879983178865,5.150000095367432,5.679999828338623
2025-05-06,5.619999885559082,62.150001525878906,84.2208023071289,129.81,105.47,102.21,5.920000076293945,66.87000274658203,5.690000057220459,64.66999816894531,6.75,73.0,5.77700001852853,5.865966669718424,0.9848317413791956,0.1216284555787847,5.150000095367432,5.630000114440918
2025-05-07,5.619999885559082,61.119998931884766,84.79319763183594,129.81,105.47,102.21,5.78000020980835,65.86000061035156,5.71999979019165,65.8499984741211,6.510000228881836,73.0199966430664,5.754142829350063,5.836299991607666,0.9859213848517719,0.12792111486467178,5.150000095367432,5.619999885559082
2025-05-08,5.420000076293945,62.84000015258789,84.81719970703125,129.81,105.47,102.21,5.570000171661377,64.25,5.739999771118164,67.95999908447266,6.400000095367432,73.79000091552734,5.732714244297573,5.803633324305216,0.9877785253083012,0.15837035589901943,5.166999816894531,5.619999885559082
2025-05-09,5.429999828338623,63.90999984741211,86.08219909667969,129.81,105.47,102.21,5.764999866485596,63.119998931884766,5.730000019073486,66.26000213623047,6.349999904632568,74.02999877929688,5.684857095990862,5.772966655095418,0.9847358538983908,0.17953196723362783,5.190000057220459,5.730000019073486
2025-05-12,5.539999961853027,64.95999908447266,85.4083023071289,129.81,105.47,102.21,5.949999809265137,62.130001068115234,5.599999904632568,67.44000244140625,6.360000133514404,73.62999725341797,5.626285689217704,5.745633316040039,0.9792264120382959,0.18339973494704623,5.190000057220459,5.78000020980835
2025-05-13,5.300000190734863,66.62999725341797,84.9656982421875,129.81,105.47,102.21,5.840000152587891,61.290000915527344,5.880000114440918,66.12000274658203,6.25,74.73999786376953,5.549142837524414,5.713966655731201,0.9711525215908161,0.20828039472141885,5.099999904632568,5.735000133514404
2025-05-14,5.460000038146973,66.08999633789062,85.060302734375,129.81,105.47,102.21,5.914000034332275,60.22999954223633,5.829999923706055,66.55000305175781,6.5,74.48999786376953,5.484285695212228,5.679299990336101,0.9656605651996941,0.21103423740226285,5.199999809265137,5.800000190734863
2025-05-15,5.550000190734863,64.52999877929688,85.48760223388672,129.81,105.47,102.21,5.619999885559082,62.150001525878906,5.920000076293945,66.87000274658203,6.369999885559082,74.94999694824219,5.474285738808768,5.651966667175293,0.9685612770840879,0.1976428526118312,5.420000076293945,5.659999847412109
2025-05-16,5.504000186920166,65.41000366210938,85.44490051269531,129.81,105.47,102.21,5.619999885559082,61.119998931884766,5.78000020980835,65.86000061035156,6.019999980926514,70.13999938964844,5.457714353288923,5.634766674041748,0.9685768698574135,0.19480654673700112,5.489999771118164,5.584000110626221
2025-05-19,5.309999942779541,65.54000091552734,85.50029754638672,129.81,105.47,102.21,5.420000076293945,62.84000015258789,5.570000171661377,64.25,5.619999885559082,65.58000183105469,5.442000048501151,5.624433342615763,0.9675624265369943,0.21027436513506867,5.409999847412109,5.550000190734863
2025-05-20,5.360000133514404,65.37999725341797,85.37210083007812,129.81,105.47,102.21,5.429999828338623,63.90999984741211,5.764999866485596,63.119998931884766,5.380000114440918,64.20999908447266,5.432000092097691,5.6237666765848795,0.9658989686973759,0.21180855498771148,5.372000217437744,5.630000114440918
2025-05-21,5.340000152587891,64.91000366210938,85.53610229492188,129.81,105.47,102.21,5.539999961853027,64.95999908447266,5.949999809265137,62.130001068115234,5.360000133514404,62.81999969482422,5.4034286907741,5.623100010553996,0.9609324165154912,0.18626318383796658,5.519999980926514,5.769999980926514
2025-05-22,5.210000038146973,64.44000244140625,85.60030364990234,129.81,105.47,102.21,5.300000190734863,66.62999725341797,5.840000152587891,61.290000915527344,5.329999923706055,65.4800033569336,5.390571526118687,5.619100014368693,0.9593283477871749,0.17756723192718663,5.650000095367432,5.929999828338623
2025-05-23,5.150000095367432,64.77999877929688,85.97489929199219,129.81,105.47,102.21,5.460000038146973,66.08999633789062,5.914000034332275,60.22999954223633,5.599999904632568,63.33000183105469,5.346285820007324,5.604100020726522,0.9539937296438422,0.14497869914028674,5.730000019073486,5.929999828338623
2025-05-26,5.150000095367432,64.77999877929688,85.19930267333984,129.81,105.47,102.21,5.550000190734863,64.52999877929688,5.619999885559082,62.150001525878906,5.630000114440918,64.76000213623047,5.289142949240548,5.588100020090739,0.9464994300800585,0.14830704966004385,5.869999885559082,6.070000171661377
2025-05-27,5.150000095367432,64.08999633789062,85.158203125,129.81,105.47,102.21,5.504000186920166,65.41000366210938,5.619999885559082,61.119998931884766,5.75,64.87999725341797,5.238571507590158,5.568100023269653,0.9408168095992495,0.14333062615192105,5.679999828338623,6.179999828338623
2025-05-28,5.166999816894531,64.9000015258789,85.3604965209961,129.81,105.47,102.21,5.309999942779541,65.54000091552734,5.420000076293945,62.84000015258789,5.690000057220459,64.66999816894531,5.218142918178013,5.550666681925455,0.9400913108792187,0.14939493001406257,5.630000114440918,6.25
2025-05-29,5.190000057220459,64.1500015258789,85.38590240478516,129.81,105.47,102.21,5.360000133514404,65.37999725341797,5.429999828338623,63.90999984741211,5.71999979019165,65.8499984741211,5.193857192993164,5.533000024159749,0.9387037381668056,0.15080936486293578,5.619999885559082,6.659999847412109
2025-05-30,5.190000057220459,63.900001525878906,85.36129760742188,129.81,105.47,102.21,5.340000152587891,64.91000366210938,5.539999961853027,64.95999908447266,5.739999771118164,67.95999908447266,5.172428607940674,5.5146667003631595,0.9379386841662092,0.13880398373274264,5.619999885559082,7.090000152587891
2025-06-02,5.099999904632568,64.62999725341797,85.52429962158203,129.81,105.47,102.21,5.210000038146973,64.44000244140625,5.300000190734863,66.62999725341797,5.730000019073486,66.26000213623047,5.156714303152902,5.493666696548462,0.938663592342945,0.14748648872984954,5.730000019073486,7.260000228881836
2025-06-03,5.199999809265137,65.62999725341797,85.36370086669922,129.81,105.47,102.21,5.150000095367432,64.77999877929688,5.460000038146973,66.08999633789062,5.599999904632568,67.44000244140625,5.163857119424002,5.480333360036214,0.9422506547819441,0.13829878085218003,5.78000020980835,6.78000020980835
2025-06-04,5.420000076293945,64.86000061035156,85.70880126953125,129.81,105.47,102.21,5.150000095367432,64.77999877929688,5.550000190734863,64.52999877929688,5.880000114440918,66.12000274658203,5.202428545270648,5.465000025431315,0.9519522418186336,0.12014623653985099,5.735000133514404,7.25
2025-06-05,5.489999771118164,65.33999633789062,85.9041976928711,129.81,105.47,102.21,5.150000095367432,64.08999633789062,5.504000186920166,65.41000366210938,5.829999923706055,66.55000305175781,5.250999927520752,5.453666687011719,0.9628366749401089,0.11786835152282678,5.800000190734863,7.610000133514404
2025-06-06,5.409999847412109,66.47000122070312,85.87750244140625,129.81,105.47,102.21,5.166999816894531,64.9000015258789,5.309999942779541,65.54000091552734,5.920000076293945,66.87000274658203,5.285714217594692,5.436666679382324,0.9722325842255561,0.12494209642255434,5.659999847412109,7.400000095367432
2025-06-09,5.372000217437744,67.04000091552734,85.7853012084961,129.81,105.47,102.21,5.190000057220459,64.1500015258789,5.360000133514404,65.37999725341797,5.78000020980835,65.86000061035156,5.311714240482876,5.423066679636637,0.9794650812200534,0.1257788990590401,5.584000110626221,7.349999904632568
2025-06-10,5.519999980926514,66.87000274658203,85.75599670410156,129.81,105.47,102.21,5.190000057220459,63.900001525878906,5.340000152587891,64.91000366210938,5.570000171661377,64.25,5.358857086726597,5.421400006612142,0.9884618725000963,0.14335194256835637,5.550000190734863,7.670000076293945
2025-06-11,5.650000095367432,69.7699966430664,85.65280151367188,129.81,105.47,102.21,5.099999904632568,64.62999725341797,5.210000038146973,64.44000244140625,5.764999866485596,63.119998931884766,5.437428542545864,5.4175666809082035,1.0036643434522339,0.17496217823644875,5.630000114440918,7.519999980926514
2025-06-12,5.730000019073486,69.36000061035156,85.46980285644531,129.81,105.47,102.21,5.199999809265137,65.62999725341797,5.150000095367432,64.77999877929688,5.949999809265137,62.130001068115234,5.51314285823277,5.410233354568481,1.0190193854362206,0.20375731388973303,5.769999980926514,7.420000076293945
2025-06-13,5.869999885559082,74.2300033569336,85.68840026855469,129.81,105.47,102.21,5.420000076293945,64.86000061035156,5.150000095367432,64.77999877929688,5.840000152587891,61.290000915527344,5.577428545270648,5.4112333456675215,1.0307110933638166,0.24013665005060175,5.929999828338623,7.150000095367432
2025-06-16,5.679999828338623,73.2300033569336,86.24919891357422,129.81,105.47,102.21,5.489999771118164,65.33999633789062,5.150000095367432,64.08999633789062,5.914000034332275,60.22999954223633,5.604571410587856,5.403433338801066,1.0372222042826893,0.24117729861262724,5.929999828338623,7.245999813079834
2025-06-17,5.630000114440918,76.44999694824219,86.10420227050781,129.81,105.47,102.21,5.409999847412109,66.47000122070312,5.166999816894531,64.9000015258789,5.619999885559082,62.150001525878906,5.6360000201634,5.403766679763794,1.0429742667326063,0.23431302072986454,6.070000171661377,6.940000057220459
2025-06-18,5.619999885559082,76.69999694824219,86.36270141601562,129.81,105.47,102.21,5.372000217437744,67.04000091552734,5.190000057220459,64.1500015258789,5.619999885559082,61.119998931884766,5.671428544180734,5.403766679763794,1.049530519168057,0.2240345838532971,6.179999828338623,7.019999980926514
2025-06-19,5.619999885559082,76.69999694824219,86.61360168457031,129.81,105.47,102.21,5.519999980926514,66.87000274658203,5.190000057220459,63.900001525878906,5.420000076293945,62.84000015258789,5.685714244842529,5.410433340072632,1.0508776984560757,0.20844311293854728,6.25,7.400000095367432
2025-06-20,5.730000019073486,77.01000213623047,86.58380126953125,129.81,105.47,102.21,5.650000095367432,69.7699966430664,5.099999904632568,64.62999725341797,5.429999828338623,63.90999984741211,5.697142805371966,5.42043334643046,1.0510473851043423,0.17569661033908973,6.659999847412109,7.460000038146973
2025-06-23,5.78000020980835,71.4800033569336,86.5802993774414,129.81,105.47,102.21,5.730000019073486,69.36000061035156,5.199999809265137,65.62999725341797,5.539999961853027,64.95999908447266,5.704285689762661,5.428433354695638,1.050814260561164,0.14874367426540536,7.090000152587891,7.309999942779541
2025-06-24,5.735000133514404,67.13999938964844,86.23300170898438,129.81,105.47,102.21,5.869999885559082,74.2300033569336,5.420000076293945,64.86000061035156,5.300000190734863,66.62999725341797,5.685000010899135,5.442933352788289,1.0444716474932347,0.14165733725208832,7.260000228881836,7.769999980926514
2025-06-25,5.800000190734863,67.68000030517578,85.90480041503906,129.81,105.47,102.21,5.679999828338623,73.2300033569336,5.489999771118164,65.33999633789062,5.460000038146973,66.08999633789062,5.702142919812884,5.454266691207886,1.0454443811045653,0.14211351329657224,6.78000020980835,7.730000019073486
2025-06-26,5.659999847412109,67.7300033569336,86.006103515625,129.81,105.47,102.21,5.630000114440918,76.44999694824219,5.409999847412109,66.47000122070312,5.550000190734863,64.52999877929688,5.706428595951626,5.457933346430461,1.045527268010885,0.12369575391972025,7.25,7.75
2025-06-27,5.584000110626221,67.7699966430664,85.66639709472656,129.81,105.47,102.21,5.619999885559082,76.69999694824219,5.372000217437744,67.04000091552734,5.504000186920166,65.41000366210938,5.701285770961216,5.460600010553995,1.044074885395964,0.0935518267386093,7.610000133514404,7.800000190734863
2025-06-30,5.550000190734863,67.61000061035156,85.4552993774414,129.81,105.47,102.21,5.619999885559082,76.69999694824219,5.519999980926514,66.87000274658203,5.309999942779541,65.54000091552734,5.691285814557757,5.468600018819173,1.0407189020559682,0.08971300449847161,7.400000095367432,7.900000095367432
2025-07-01,5.630000114440918,67.11000061035156,85.71399688720703,129.81,105.47,102.21,5.730000019073486,77.01000213623047,5.650000095367432,69.7699966430664,5.360000133514404,65.37999725341797,5.677000113895962,5.477600018183391,1.0364009294291998,0.09052875661166228,7.349999904632568,8.020000457763672
2025-07-02,5.769999980926514,69.11000061035156,85.6427993774414,129.81,105.47,102.21,5.78000020980835,71.4800033569336,5.730000019073486,69.36000061035156,5.340000152587891,64.91000366210938,5.675571509769985,5.491933345794678,1.0334359173817618,0.09259544680175001,7.670000076293945,8.166999816894531
2025-07-03,5.929999828338623,68.80000305175781,85.69409942626953,129.81,105.47,102.21,5.735000133514404,67.13999938964844,5.869999885559082,74.2300033569336,5.210000038146973,64.44000244140625,5.7034286090305875,5.515933338801066,1.0339897019809259,0.10243658542798008,7.519999980926514,8.130000114440918
2025-07-04,5.929999828338623,68.29000091552734,85.31909942626953,129.81,105.47,102.21,5.800000190734863,67.68000030517578,5.679999828338623,73.2300033569336,5.150000095367432,64.77999877929688,5.721999985831125,5.541933329900106,1.0324898046069093,0.12004511200648096,7.420000076293945,8.020000457763672
2025-07-07,6.070000171661377,69.58000183105469,85.49629974365234,129.81,105.47,102.21,5.659999847412109,67.7300033569336,5.630000114440918,76.44999694824219,5.150000095367432,64.77999877929688,5.780571460723877,5.572599999109904,1.0373185027567318,0.15061143691311127,7.150000095367432,8.079999923706055
2025-07-08,6.179999828338623,70.1500015258789,85.89199829101562,129.81,105.47,102.21,5.584000110626221,67.7699966430664,5.619999885559082,76.69999694824219,5.150000095367432,64.08999633789062,5.865714277539935,5.606933323542277,1.0461518761766573,0.1855903799706446,7.245999813079834,7.7729997634887695
2025-07-09,6.25,70.19000244140625,85.7073974609375,129.81,105.47,102.21,5.550000190734863,67.61000061035156,5.619999885559082,76.69999694824219,5.166999816894531,64.9000015258789,5.965714250292097,5.643033329645792,1.0571803017976398,0.2166722410447728,6.940000057220459,8.039999961853027
2025-07-10,6.659999847412109,68.63999938964844,85.70850372314453,129.81,105.47,102.21,5.630000114440918,67.11000061035156,5.730000019073486,77.01000213623047,5.190000057220459,64.1500015258789,6.112857069287982,5.692033322652181,1.0739301728363735,0.307623686392089,7.019999980926514,8.15999984741211
2025-07-11,7.090000152587891,70.36000061035156,85.73480224609375,129.81,105.47,102.21,5.769999980926514,69.11000061035156,5.78000020980835,71.4800033569336,5.190000057220459,63.900001525878906,6.301428522382464,5.755366659164428,1.0948768248466492,0.4405092563267785,7.400000095367432,8.40999984741211
2025-07-14,7.260000228881836,69.20999908447266,85.82129669189453,129.81,105.47,102.21,5.929999828338623,68.80000305175781,5.735000133514404,67.13999938964844,5.099999904632568,64.62999725341797,6.491428579602923,5.827366669972737,1.1139538333006527,0.5483516398699647,7.460000038146973,8.5
2025-07-15,6.78000020980835,68.70999908447266,85.96839904785156,129.81,105.47,102.21,5.929999828338623,68.29000091552734,5.800000190734863,67.68000030517578,5.199999809265137,65.62999725341797,6.6128572055271695,5.880033349990844,1.1246272879157373,0.5696020287258696,7.309999942779541,8.600000381469727
2025-07-16,7.25,68.5199966430664,85.99310302734375,129.81,105.47,102.21,6.070000171661377,69.58000183105469,5.659999847412109,67.7300033569336,5.420000076293945,64.86000061035156,6.781428609575544,5.941033347447713,1.141454154258757,0.617171116370709,7.769999980926514,8.300000190734863
2025-07-17,7.610000133514404,69.5199966430664,85.88520050048828,129.81,105.47,102.21,6.179999828338623,70.1500015258789,5.584000110626221,67.7699966430664,5.489999771118164,65.33999633789062,6.985714367457798,6.011700026194254,1.1620178513300887,0.6759007463921571,7.730000019073486,8.350000381469727
2025-07-18,7.400000095367432,69.27999877929688,86.04650115966797,129.81,105.47,102.21,6.25,70.19000244140625,5.550000190734863,67.61000061035156,5.409999847412109,66.47000122070312,7.150000095367432,6.078033367792766,1.1763654292522672,0.6723573290347583,7.75,8.369999885559082
2025-07-21,7.349999904632568,69.20999908447266,86.14859771728516,129.81,105.47,102.21,6.659999847412109,68.63999938964844,5.630000114440918,67.11000061035156,5.372000217437744,67.04000091552734,7.248571532113211,6.143966690699259,1.179784998710377,0.6464158024398966,7.800000190734863,8.369999885559082
2025-07-22,7.670000076293945,68.58999633789062,86.19529724121094,129.81,105.47,102.21,7.090000152587891,70.36000061035156,5.769999980926514,69.11000061035156,5.519999980926514,66.87000274658203,7.331428664071219,6.215633360544841,1.1795124396307985,0.6399232327865055,7.900000095367432,8.020000457763672
2025-07-23,7.519999980926514,68.51000213623047,86.3427963256836,129.81,105.47,102.21,7.260000228881836,69.20999908447266,5.929999828338623,68.80000305175781,5.650000095367432,69.7699966430664,7.368571485791888,6.277966690063477,1.1737175605405736,0.6109387988018914,8.020000457763672,8.140000343322754
2025-07-24,7.420000076293945,69.18000030517578,86.39869689941406,129.81,105.47,102.21,6.78000020980835,68.70999908447266,5.929999828338623,68.29000091552734,5.730000019073486,69.36000061035156,7.460000038146973,6.334300025304159,1.17771312239943,0.550085435060818,8.166999816894531,8.062999725341797
2025-07-25,7.150000095367432,68.44000244140625,86.4302978515625,129.81,105.47,102.21,7.25,68.5199966430664,6.070000171661377,69.58000183105469,5.869999885559082,74.2300033569336,7.445714337485177,6.376966698964437,1.1675931540873112,0.4746919707805782,8.130000114440918,8.039999961853027
2025-07-28,7.245999813079834,70.04000091552734,86.506103515625,129.81,105.47,102.21,7.610000133514404,69.5199966430664,6.179999828338623,70.1500015258789,5.679999828338623,73.2300033569336,7.39371429170881,6.429166698455811,1.150025055849634,0.39165674115767307,8.020000457763672,8.149999618530273
2025-07-29,6.940000057220459,72.51000213623047,86.77760314941406,129.81,105.47,102.21,7.400000095367432,69.27999877929688,6.25,70.19000244140625,5.630000114440918,76.44999694824219,7.328000000544956,6.472833363215129,1.1321145266992931,0.29605380042838886,8.079999923706055,8.390000343322754
2025-07-30,7.019999980926514,73.23999786376953,87.06320190429688,129.81,105.47,102.21,7.349999904632568,69.20999908447266,6.659999847412109,68.63999938964844,5.619999885559082,76.69999694824219,7.280857154301235,6.51950003306071,1.116779806669474,0.25463166960117534,7.7729997634887695,8.220000267028809
2025-07-31,7.400000095367432,72.52999877929688,87.714599609375,129.81,105.47,102.21,7.670000076293945,68.58999633789062,7.090000152587891,70.36000061035156,5.619999885559082,76.69999694824219,7.24228572845459,6.5788333733876545,1.100844832049149,0.2517320975658867,8.039999961853027,8.114999771118164
2025-08-01,7.460000038146973,69.66999816894531,87.4894027709961,129.81,105.47,102.21,7.519999980926514,68.51000213623047,7.260000228881836,69.20999908447266,5.730000019073486,77.01000213623047,7.233714308057513,6.6365000406901045,1.089987698911898,0.2557338829984665,8.15999984741211,8.100000381469727
2025-08-04,7.309999942779541,68.76000213623047,87.24530029296875,129.81,105.47,102.21,7.420000076293945,69.18000030517578,6.78000020980835,68.70999908447266,5.78000020980835,71.4800033569336,7.218000003269741,6.687500031789144,1.0793254842174305,0.2072943146099865,8.40999984741211,8.210000038146973
2025-08-05,7.769999980926514,67.63999938964844,87.89330291748047,129.81,105.47,102.21,7.150000095367432,68.44000244140625,7.25,68.5199966430664,5.735000133514404,67.13999938964844,7.306571415492466,6.755333360036214,1.0815988212704701,0.23487276506974714,8.5,8.039999961853027
2025-08-06,7.730000019073486,66.88999938964844,87.72309875488281,129.81,105.47,102.21,7.245999813079834,70.04000091552734,7.610000133514404,69.5199966430664,5.800000190734863,67.68000030517578,7.375714302062988,6.819666687647501,1.0815343072528114,0.2459901336760548,8.600000381469727,8.140000343322754
2025-08-07,7.75,66.43000030517578,87.76249694824219,129.81,105.47,102.21,6.940000057220459,72.51000213623047,7.400000095367432,69.27999877929688,5.659999847412109,67.7300033569336,7.491428579602923,6.889333359400431,1.0873937019528797,0.26473424850218175,8.300000190734863,8.199999809265137
2025-08-08,7.800000190734863,66.58999633789062,87.43319702148438,129.81,105.47,102.21,7.019999980926514,73.23999786376953,7.349999904632568,69.20999908447266,5.584000110626221,67.7699966430664,7.602857181004116,6.963200028737386,1.0918609591879156,0.28357441875100603,8.350000381469727,8.15999984741211
2025-08-11,7.900000095367432,66.62999725341797,87.48829650878906,129.81,105.47,102.21,7.400000095367432,72.52999877929688,7.670000076293945,68.58999633789062,5.550000190734863,67.61000061035156,7.674285752432687,7.041533358891805,1.0898584814850112,0.30375281524571535,8.369999885559082,8.0600004196167
2025-08-12,8.020000457763672,66.12000274658203,87.66449737548828,129.81,105.47,102.21,7.460000038146973,69.66999816894531,7.519999980926514,68.51000213623047,5.630000114440918,67.11000061035156,7.75428581237793,7.121200037002564,1.0889000285184451,0.33892507060099886,8.369999885559082,8.25
2025-08-13,8.166999816894531,65.62999725341797,87.59559631347656,129.81,105.47,102.21,7.309999942779541,68.76000213623047,7.420000076293945,69.18000030517578,5.769999980926514,69.11000061035156,7.876714365822928,7.201100031534831,1.0938194710717537,0.38239202217480345,8.020000457763672,8.380000114440918
2025-08-14,8.130000114440918,66.83999633789062,87.44999694824219,129.81,105.47,102.21,7.769999980926514,67.63999938964844,7.150000095367432,68.44000244140625,5.929999828338623,68.80000305175781,7.928142956324986,7.274433374404907,1.089862488203581,0.3935917141544171,8.140000343322754,8.199999809265137
2025-08-15,8.020000457763672,65.8499984741211,87.69180297851562,129.81,105.47,102.21,7.730000019073486,66.88999938964844,7.245999813079834,70.04000091552734,5.929999828338623,68.29000091552734,7.969571590423584,7.344100062052409,1.0851650537759483,0.3917722826354376,8.062999725341797,8.050000190734863
2025-08-18,8.079999923706055,66.5999984741211,87.51280212402344,129.81,105.47,102.21,7.75,66.43000030517578,6.940000057220459,72.51000213623047,6.070000171661377,69.58000183105469,8.016714436667305,7.411100053787232,1.0817157454800712,0.3432488818184374,8.039999961853027,7.769999980926514
2025-08-19,7.7729997634887695,65.79000091552734,87.29509735107422,129.81,105.47,102.21,7.800000190734863,66.58999633789062,7.019999980926514,73.23999786376953,6.179999828338623,70.1500015258789,8.012857232775007,7.4642000516255695,1.0735037167168082,0.2707047761265041,8.149999618530273,7.510000228881836
2025-08-20,8.039999961853027,66.83999633789062,87.0791015625,129.81,105.47,102.21,7.900000095367432,66.62999725341797,7.400000095367432,72.52999877929688,6.25,70.19000244140625,8.03285721370152,7.52386671702067,1.0676487023676802,0.24975983698849671,8.390000343322754,7.579999923706055
2025-08-21,8.15999984741211,67.66999816894531,87.01820373535156,129.81,105.47,102.21,8.020000457763672,66.12000274658203,7.460000038146973,69.66999816894531,6.659999847412109,68.63999938964844,8.05285712650844,7.57386671702067,1.0632411151361052,0.23451087715216212,8.220000267028809,7.78000020980835
2025-08-22,8.40999984741211,67.7300033569336,87.29340362548828,129.81,105.47,102.21,8.166999816894531,65.62999725341797,7.309999942779541,68.76000213623047,7.090000152587891,70.36000061035156,8.08757141658238,7.617866706848145,1.0616569062232262,0.2024187506210476,8.114999771118164,7.71999979019165
2025-08-25,8.5,68.80000305175781,87.3301010131836,129.81,105.47,102.21,8.130000114440918,66.83999633789062,7.769999980926514,67.63999938964844,7.260000228881836,69.20999908447266,8.14042854309082,7.659200032552083,1.0628287393208349,0.23497309844170858,8.100000381469727,7.866000175476074
2025-08-26,8.600000381469727,67.22000122070312,87.60859680175781,129.81,105.47,102.21,8.020000457763672,65.8499984741211,7.730000019073486,66.88999938964844,6.78000020980835,68.70999908447266,8.223285675048828,7.719866704940796,1.0652094572683843,0.2618190139498116,8.210000038146973,8.0
2025-08-27,8.300000190734863,68.05000305175781,87.60070037841797,129.81,105.47,102.21,8.079999923706055,66.5999984741211,7.75,66.43000030517578,7.25,68.5199966430664,8.254714284624372,7.754866711298624,1.0644546124888743,0.24666404631158811,8.039999961853027,7.599999904632568
2025-08-28,8.350000381469727,68.62000274658203,87.65910339355469,129.81,105.47,102.21,7.7729997634887695,65.79000091552734,7.800000190734863,66.58999633789062,7.610000133514404,69.5199966430664,8.337142944335938,7.779533386230469,1.071675101021019,0.23247304387233023,8.140000343322754,7.699999809265137
2025-08-29,8.369999885559082,68.12000274658203,87.5916976928711,129.81,105.47,102.21,8.039999961853027,66.83999633789062,7.900000095367432,66.62999725341797,7.400000095367432,69.27999877929688,8.384285790579659,7.811866712570191,1.0732742078594761,0.2234673744714268,8.199999809265137,8.180000305175781
2025-09-01,8.369999885559082,68.12000274658203,88.17430114746094,129.81,105.47,102.21,8.15999984741211,67.66999816894531,8.020000457763672,66.12000274658203,7.349999904632568,69.20999908447266,8.414285796029228,7.845866711934407,1.0724468539290466,0.22030394907191564,8.15999984741211,8.640000343322754
2025-09-02,8.020000457763672,69.13999938964844,88.00140380859375,129.81,105.47,102.21,8.40999984741211,67.7300033569336,8.166999816894531,65.62999725341797,7.670000076293945,68.58999633789062,8.358571597508021,7.857533391316732,1.0637639757414472,0.22711858862016418,8.0600004196167,8.199999809265137
2025-09-03,8.140000343322754,67.5999984741211,87.99829864501953,129.81,105.47,102.21,8.5,68.80000305175781,8.130000114440918,66.83999633789062,7.519999980926514,68.51000213623047,8.307143075125557,7.878200070063273,1.0544454896794646,0.22681888467629494,8.25,8.520000457763672
2025-09-04,8.062999725341797,66.98999786376953,88.072998046875,129.81,105.47,102.21,8.600000381469727,67.22000122070312,8.020000457763672,65.8499984741211,7.420000076293945,69.18000030517578,8.230428695678711,7.899633391698202,1.0418734476455145,0.22412223865496184,8.380000114440918,8.329999923706055
2025-09-05,8.039999961853027,65.5,88.19290161132812,129.81,105.47,102.21,8.300000190734863,68.05000305175781,8.079999923706055,66.5999984741211,7.150000095367432,68.44000244140625,8.193285805838448,7.929300053914388,1.033291137580595,0.22638197695258583,8.199999809265137,8.15999984741211
2025-09-08,8.149999618530273,66.0199966430664,88.1863021850586,129.81,105.47,102.21,8.350000381469727,68.62000274658203,7.7729997634887695,65.79000091552734,7.245999813079834,70.04000091552734,8.16471426827567,7.959433380762736,1.025789603329431,0.1877308094780999,8.050000190734863,8.239999771118164
2025-09-09,8.390000343322754,66.38999938964844,87.98049926757812,129.81,105.47,102.21,8.369999885559082,68.12000274658203,8.039999961853027,66.83999633789062,6.940000057220459,72.51000213623047,8.167571476527623,8.007766723632812,1.0199549460992363,0.18065206138354636,7.769999980926514,8.380000114440918
2025-09-10,8.220000267028809,67.48999786376953,88.21829986572266,129.81,105.47,102.21,8.369999885559082,68.12000274658203,8.15999984741211,67.66999816894531,7.019999980926514,73.23999786376953,8.146142959594727,8.047766733169556,1.0122227827245438,0.17838776409824605,7.510000228881836,8.229999542236328
2025-09-11,8.114999771118164,66.37000274658203,88.05339813232422,129.81,105.47,102.21,8.020000457763672,69.13999938964844,8.40999984741211,67.7300033569336,7.400000095367432,72.52999877929688,8.15971429007394,8.07160005569458,1.0109153234325539,0.17929864439006918,7.579999923706055,7.820000171661377
2025-09-12,8.100000381469727,66.98999786376953,88.2676010131836,129.81,105.47,102.21,8.140000343322754,67.5999984741211,8.5,68.80000305175781,7.460000038146973,69.66999816894531,8.154000009809222,8.092933400472004,1.0075444255959651,0.16957179882274348,7.78000020980835,7.849999904632568
2025-09-15,8.210000038146973,67.44000244140625,88.27729797363281,129.81,105.47,102.21,8.062999725341797,66.98999786376953,8.600000381469727,67.22000122070312,7.309999942779541,68.76000213623047,8.175000054495674,8.12293340365092,1.0064085945522354,0.13211037031702427,7.71999979019165,7.96999979019165
2025-09-16,8.039999961853027,68.47000122070312,88.12349700927734,129.81,105.47,102.21,8.039999961853027,65.5,8.300000190734863,68.05000305175781,7.769999980926514,67.63999938964844,8.175000054495674,8.131933403015136,1.0052947554288898,0.13561081750218862,7.866000175476074,7.953000068664551
2025-09-17,8.140000343322754,67.94999694824219,87.88459777832031,129.81,105.47,102.21,8.149999618530273,66.0199966430664,8.350000381469727,68.62000274658203,7.730000019073486,66.88999938964844,8.173571586608887,8.145600080490112,1.0034327086421369,0.12720779257191836,8.0,8.199999809265137
2025-09-18,8.199999809265137,67.44000244140625,87.91069793701172,129.81,105.47,102.21,8.390000343322754,66.38999938964844,8.369999885559082,68.12000274658203,7.75,66.43000030517578,8.146428653172084,8.160600074132283,0.9982622106887387,0.11398651551424802,7.599999904632568,8.25
2025-09-19,8.15999984741211,66.68000030517578,88.20690155029297,129.81,105.47,102.21,8.220000267028809,67.48999786376953,8.369999885559082,68.12000274658203,7.800000190734863,66.58999633789062,8.137857164655413,8.172600062688192,0.995747637808949,0.09623613117939574,7.699999809265137,8.100000381469727
2025-09-22,8.0600004196167,66.56999969482422,88.09919738769531,129.81,105.47,102.21,8.114999771118164,66.37000274658203,8.020000457763672,69.13999938964844,7.900000095367432,66.62999725341797,8.130000114440918,8.177933406829833,0.9941374878739225,0.0928704062691527,8.180000305175781,7.920000076293945
2025-09-23,8.25,67.62999725341797,88.30439758300781,129.81,105.47,102.21,8.100000381469727,66.98999786376953,8.140000343322754,67.5999984741211,8.020000457763672,66.12000274658203,8.151428631373815,8.185600058237712,0.9958242053285328,0.09698968985926572,8.640000343322754,8.180000305175781
2025-09-24,8.380000114440918,69.30999755859375,88.80799865722656,129.81,105.47,102.21,8.210000038146973,67.44000244140625,8.062999725341797,66.98999786376953,8.166999816894531,65.62999725341797,8.175714356558663,8.192700068155924,0.9979255079874826,0.11049654340466203,8.199999809265137,8.300000190734863
2025-09-25,8.199999809265137,69.41999816894531,88.77860260009766,129.81,105.47,102.21,8.039999961853027,68.47000122070312,8.039999961853027,65.5,8.130000114440918,66.83999633789062,8.198571477617536,8.195033391316732,1.0004305146577432,0.10347070411101301,8.520000457763672,8.5
2025-09-26,8.050000190734863,70.12999725341797,88.77310180664062,129.81,105.47,102.21,8.140000343322754,67.94999694824219,8.149999618530273,66.0199966430664,8.020000457763672,65.8499984741211,8.185714312962123,8.196033382415772,0.9987397492946647,0.10948242617892188,8.329999923706055,8.350000381469727
2025-09-29,7.769999980926514,67.97000122070312,88.67680358886719,129.81,105.47,102.21,8.199999809265137,67.44000244140625,8.390000343322754,66.38999938964844,8.079999923706055,66.5999984741211,8.124285766056605,8.185700050989787,0.9924961567719156,0.13920742003629397,8.15999984741211,8.369999885559082
2025-09-30,7.510000228881836,67.0199966430664,88.70449829101562,129.81,105.47,102.21,8.15999984741211,66.68000030517578,8.220000267028809,67.48999786376953,7.7729997634887695,65.79000091552734,8.031428677695137,8.176933399836223,0.9822042644756475,0.21480276011105542,8.239999771118164,8.420000076293945
2025-10-01,7.579999923706055,65.3499984741211,88.8406982421875,129.81,105.47,102.21,8.0600004196167,66.56999969482422,8.114999771118164,66.37000274658203,8.039999961853027,66.83999633789062,7.962857178279331,8.161600065231323,0.9756478335324199,0.25315263260432724,8.380000114440918,8.479999542236328
2025-10-02,7.78000020980835,64.11000061035156,88.68299865722656,129.81,105.47,102.21,8.25,67.62999725341797,8.100000381469727,66.98999786376953,8.15999984741211,67.66999816894531,7.895714351109096,8.148933410644531,0.9689249210879713,0.2622273246877548,8.229999542236328,8.699999809265137
2025-10-03,7.71999979019165,64.52999877929688,88.72019958496094,129.81,105.47,102.21,8.380000114440918,69.30999755859375,8.210000038146973,67.44000244140625,8.40999984741211,67.7300033569336,7.8014285905020575,8.125933408737183,0.9600643516805446,0.26806591680575287,7.820000171661377,8.600000381469727
2025-10-06,7.866000175476074,65.47000122070312,88.73509979248047,129.81,105.47,102.21,8.199999809265137,69.41999816894531,8.039999961853027,68.47000122070312,8.5,68.80000305175781,7.75371435710362,8.104800081253051,0.9566805735569871,0.269527739740469,7.849999904632568,8.800000190734863
2025-10-07,8.0,65.44999694824219,88.72109985351562,129.81,105.47,102.21,8.050000190734863,70.12999725341797,8.140000343322754,67.94999694824219,8.600000381469727,67.22000122070312,7.746571472712925,8.084800068537394,0.95816369302963,0.26554842088482955,7.96999979019165,8.989999771118164
2025-10-08,7.599999904632568,66.25,88.74259948730469,129.81,105.47,102.21,7.769999980926514,67.97000122070312,8.199999809265137,67.44000244140625,8.300000190734863,68.05000305175781,7.722285747528076,8.061466725667318,0.9579244610284273,0.27320953958430844,7.953000068664551,8.899999618530273
2025-10-09,7.699999809265137,65.22000122070312,88.7771987915039,129.81,105.47,102.21,7.510000228881836,67.0199966430664,8.15999984741211,66.68000030517578,8.350000381469727,68.62000274658203,7.74942854472569,8.039800039927165,0.9638820452523894,0.27019560552744487,8.199999809265137,8.920000076293945
2025-10-10,8.180000305175781,62.72999954223633,88.86540222167969,129.81,105.47,102.21,7.579999923706055,65.3499984741211,8.0600004196167,66.56999969482422,8.369999885559082,68.12000274658203,7.835142884935651,8.033466720581055,0.9753115814554749,0.277785507524103,8.25,8.949999809265137
2025-10-13,8.640000343322754,63.31999969482422,88.7573013305664,129.81,105.47,102.21,7.78000020980835,64.11000061035156,8.25,67.62999725341797,8.369999885559082,68.12000274658203,7.958000046866281,8.042466735839843,0.9894961848509791,0.3302864055265877,8.100000381469727,9.1899995803833
2025-10-14,8.199999809265137,62.38999938964844,88.66510009765625,129.81,105.47,102.21,7.71999979019165,64.52999877929688,8.380000114440918,69.30999755859375,8.020000457763672,69.13999938964844,8.026571478162493,8.048466714223226,0.9972783376484122,0.314411846021918,7.920000076293945,9.229999542236328
2025-10-15,8.520000457763672,61.90999984741211,88.78250122070312,129.81,105.47,102.21,7.866000175476074,65.47000122070312,8.199999809265137,69.41999816894531,8.140000343322754,67.5999984741211,8.120000089917864,8.06113338470459,1.0073012849920213,0.3467695801718413,8.180000305175781,9.199999809265137
2025-10-16,8.329999923706055,61.060001373291016,87.80950164794922,129.81,105.47,102.21,8.0,65.44999694824219,8.050000190734863,70.12999725341797,8.062999725341797,66.98999786376953,8.167142936161586,8.070033391316732,1.0120320969958267,0.3615563265926169,8.300000190734863,9.199999809265137
2025-10-17,8.15999984741211,61.290000915527344,87.9906997680664,129.81,105.47,102.21,7.599999904632568,66.25,7.769999980926514,67.97000122070312,8.039999961853027,65.5,8.247142927987236,8.074033387502034,1.0214390153950803,0.36107592830636076,8.5,8.770000457763672
2025-10-20,8.239999771118164,61.0099983215332,88.0022964477539,129.81,105.47,102.21,7.699999809265137,65.22000122070312,7.510000228881836,67.0199966430664,8.149999618530273,66.0199966430664,8.324285779680524,8.077033392588298,1.0306105062304236,0.33930230081221563,8.350000381469727,9.34000015258789
2025-10-21,8.380000114440918,61.31999969482422,87.87999725341797,129.81,105.47,102.21,8.180000305175781,62.72999954223633,7.579999923706055,65.3499984741211,8.390000343322754,66.38999938964844,8.352857181004115,8.07670005162557,1.034190546350363,0.3234374162700379,8.369999885559082,9.25
2025-10-22,8.229999542236328,62.59000015258789,88.00160217285156,129.81,105.47,102.21,8.640000343322754,63.31999969482422,7.78000020980835,64.11000061035156,8.220000267028809,67.48999786376953,8.294285637991768,8.077033360799154,1.026896262343591,0.3119897241824703,8.420000076293945,9.300000190734863
2025-10-23,7.820000171661377,65.98999786376953,87.74030303955078,129.81,105.47,102.21,8.199999809265137,62.38999938964844,7.71999979019165,64.52999877929688,8.114999771118164,66.37000274658203,8.239999975476946,8.06720004081726,1.0214187970544253,0.3029909250686057,8.479999542236328,9.270000457763672
2025-10-24,7.849999904632568,65.94000244140625,87.77899932861328,129.81,105.47,102.21,8.520000457763672,61.90999984741211,7.866000175476074,65.47000122070312,8.100000381469727,66.98999786376953,8.144285610743932,8.058866691589355,1.0105981171350735,0.3041048039894364,8.699999809265137,9.0
2025-10-27,7.96999979019165,65.62000274658203,87.8290023803711,129.81,105.47,102.21,8.329999923706055,61.060001373291016,8.0,65.44999694824219,8.210000038146973,67.44000244140625,8.092857020241874,8.050866683324179,1.0052143808145328,0.3052112592397371,8.600000381469727,9.25
2025-10-28,7.953000068664551,64.4000015258789,88.22209930419922,129.81,105.47,102.21,8.15999984741211,61.290000915527344,7.599999904632568,66.25,8.039999961853027,68.47000122070312,8.063285623277936,8.047966686884562,1.0019022093364562,0.2706870325715294,8.800000190734863,8.829999923706055
2025-10-29,8.199999809265137,64.91999816894531,88.22550201416016,129.81,105.47,102.21,8.239999771118164,61.0099983215332,7.699999809265137,65.22000122070312,8.140000343322754,67.94999694824219,8.057571343013219,8.049966669082641,1.0009434404896782,0.23687995914943416,8.989999771118164,9.012999534606934
2025-10-30,8.25,65.0,88.34559631347656,129.81,105.47,102.21,8.380000114440918,61.31999969482422,8.180000305175781,62.72999954223633,8.199999809265137,67.44000244140625,8.038999898093087,8.051633342107136,0.9984297063994466,0.2373698034615123,8.899999618530273,8.84000015258789
2025-10-31,8.100000381469727,65.06999969482422,88.6344985961914,129.81,105.47,102.21,8.229999542236328,62.59000015258789,8.640000343322754,63.31999969482422,8.15999984741211,66.68000030517578,8.020428589412145,8.049633359909057,0.9963706751727145,0.2007009606467904,8.920000076293945,8.680000305175781
2025-11-03,7.920000076293945,64.88999938964844,88.77539825439453,129.81,105.47,102.21,7.820000171661377,65.98999786376953,8.199999809265137,62.38999938964844,8.0600004196167,66.56999969482422,8.03471429007394,8.044966681798298,0.9987243727197398,0.20986650651938685,8.949999809265137,8.920000076293945
2025-11-04,8.180000305175781,64.44000244140625,88.72339630126953,129.81,105.47,102.21,7.849999904632568,65.94000244140625,8.520000457763672,61.90999984741211,8.25,67.62999725341797,8.081857204437256,8.042633358637492,1.004875740978574,0.17968278308608132,9.1899995803833,8.770000457763672
2025-11-05,8.300000190734863,63.52000045776367,88.73200225830078,129.81,105.47,102.21,7.96999979019165,65.62000274658203,8.329999923706055,61.060001373291016,8.380000114440918,69.30999755859375,8.129000118800572,8.039966694513957,1.0110725973058305,0.17705645281446697,9.229999542236328,8.420000076293945
2025-11-06,8.5,63.380001068115234,88.55690002441406,129.81,105.47,102.21,7.953000068664551,64.4000015258789,8.15999984741211,61.290000915527344,8.199999809265137,69.41999816894531,8.207142966134208,8.049966700871785,1.0195238161677416,0.20536052251785827,9.199999809265137,8.656000137329102
2025-11-07,8.350000381469727,63.630001068115234,88.6729965209961,129.81,105.47,102.21,8.199999809265137,64.91999816894531,8.239999771118164,61.0099983215332,8.050000190734863,70.12999725341797,8.228571619306292,8.059966707229615,1.0209175433379916,0.2116850066289118,9.199999809265137,8.699999809265137
2025-11-10,8.369999885559082,64.05999755859375,88.65799713134766,129.81,105.47,102.21,8.25,65.0,8.380000114440918,61.31999969482422,7.769999980926514,67.97000122070312,8.245714460100446,8.0799667040507,1.0205121576608827,0.2108392071771021,8.770000457763672,8.880000114440918
2025-11-11,8.420000076293945,65.16000366210938,88.70709991455078,129.81,105.47,102.21,8.100000381469727,65.06999969482422,8.229999542236328,62.59000015258789,7.510000228881836,67.0199966430664,8.291428702218193,8.11030003229777,1.022331904600336,0.22269624626431073,9.34000015258789,8.739999771118164
2025-11-12,8.479999542236328,62.709999084472656,88.46649932861328,129.81,105.47,102.21,7.920000076293945,64.88999938964844,7.820000171661377,65.98999786376953,7.579999923706055,65.3499984741211,8.371428625924247,8.140300019582112,1.0283918678509987,0.2158662005634519,9.25,8.770000457763672
2025-11-13,8.699999809265137,63.0099983215332,88.59400177001953,129.81,105.47,102.21,8.180000305175781,64.44000244140625,7.849999904632568,65.94000244140625,7.78000020980835,64.11000061035156,8.445714269365583,8.17096667289734,1.0336235932944873,0.22811062571152246,9.300000190734863,8.75
2025-11-14,8.600000381469727,64.38999938964844,88.81610107421875,129.81,105.47,102.21,8.300000190734863,63.52000045776367,7.96999979019165,65.62000274658203,7.71999979019165,64.52999877929688,8.488571439470563,8.200300025939942,1.0351525018711205,0.22783732385451652,9.270000457763672,8.739999771118164
2025-11-17,8.800000190734863,64.19999694824219,88.68199920654297,129.81,105.47,102.21,8.5,63.380001068115234,7.953000068664551,64.4000015258789,7.866000175476074,65.47000122070312,8.531428609575544,8.231433359781901,1.03644382117228,0.23831017465161947,9.0,8.680000305175781
2025-11-18,8.989999771118164,64.88999938964844,88.63590240478516,129.81,105.47,102.21,8.350000381469727,63.630001068115234,8.199999809265137,64.91999816894531,8.0,65.44999694824219,8.622857093811035,8.264433352152507,1.043368164846236,0.28424558054886495,9.25,8.770000457763672
2025-11-19,8.899999618530273,63.5099983215332,88.55680084228516,129.81,105.47,102.21,8.369999885559082,64.05999755859375,8.25,65.0,7.599999904632568,66.25,8.698571341378349,8.307766675949097,1.0470396209085155,0.30561848884572523,8.829999923706055,8.460000038146973
2025-11-20,8.920000076293945,63.380001068115234,88.48719787597656,129.81,105.47,102.21,8.420000076293945,65.16000366210938,8.100000381469727,65.06999969482422,7.699999809265137,65.22000122070312,8.76999991280692,8.348433351516723,1.0504952292948853,0.3073825039793867,9.012999534606934,8.720000267028809
2025-11-21,8.949999809265137,62.560001373291016,88.69219970703125,129.81,105.47,102.21,8.479999542236328,62.709999084472656,7.920000076293945,64.88999938964844,8.180000305175781,62.72999954223633,8.837142808096749,8.374100001653035,1.0552933752186575,0.2710864148929906,8.84000015258789,8.8100004196167
2025-11-24,9.1899995803833,63.369998931884766,89.63400268554688,129.81,105.47,102.21,8.699999809265137,63.0099983215332,8.180000305175781,64.44000244140625,8.640000343322754,63.31999969482422,8.907142775399345,8.392433309555054,1.0613289177965957,0.28359239632966843,8.680000305175781,8.789999961853027
2025-11-25,9.229999542236328,62.47999954223633,89.14779663085938,129.81,105.47,102.21,8.600000381469727,64.38999938964844,8.300000190734863,63.52000045776367,8.199999809265137,62.38999938964844,8.997142655508858,8.426766633987427,1.0676849578783179,0.29722880518498906,8.920000076293945,9.140000343322754
2025-11-26,9.199999809265137,63.130001068115234,89.15059661865234,129.81,105.47,102.21,8.800000190734863,64.19999694824219,8.5,63.380001068115234,8.520000457763672,61.90999984741211,9.054285458156041,8.449433279037475,1.0715836723372227,0.3117548953922832,8.770000457763672,8.850000381469727
2025-11-27,9.199999809265137,63.130001068115234,89.16300201416016,129.81,105.47,102.21,8.989999771118164,64.88999938964844,8.350000381469727,63.630001068115234,8.329999923706055,61.060001373291016,9.084285463605609,8.478433275222779,1.0714567720413168,0.301473387526462,8.420000076293945,8.729999542236328
2025-11-28,8.770000457763672,63.20000076293945,89.36479949951172,129.81,105.47,102.21,8.899999618530273,63.5099983215332,8.369999885559082,64.05999755859375,8.15999984741211,61.290000915527344,9.065714154924665,8.498766628901164,1.066708133508952,0.26936318487268945,8.656000137329102,8.720999717712402
2025-12-01,9.34000015258789,63.16999816894531,89.3499984741211,129.81,105.47,102.21,8.920000076293945,63.380001068115234,8.420000076293945,65.16000366210938,8.239999771118164,61.0099983215332,9.1257141658238,8.535433308283489,1.0691552666007944,0.2600052115606354,8.699999809265137,9.039999961853027
2025-12-02,9.25,62.45000076293945,89.61270141601562,129.81,105.47,102.21,8.949999809265137,62.560001373291016,8.479999542236328,62.709999084472656,8.380000114440918,61.31999969482422,9.16857133592878,8.56443330446879,1.070539089346854,0.23351575655404286,8.880000114440918,9.479999542236328
2025-12-03,9.300000190734863,62.66999816894531,89.91719818115234,129.81,105.47,102.21,9.1899995803833,63.369998931884766,8.699999809265137,63.0099983215332,8.229999542236328,62.59000015258789,9.184285708836146,8.600099992752074,1.0679265400763942,0.22866537598391112,8.739999771118164,9.800000190734863
2025-12-04,9.270000457763672,63.2599983215332,90.17050170898438,129.81,105.47,102.21,9.229999542236328,62.47999954223633,8.600000381469727,64.38999938964844,7.820000171661377,65.98999786376953,9.190000125340053,8.648433335622151,1.0626189903433,0.19598298046169635,8.770000457763672,9.800000190734863
2025-12-05,9.0,63.75,89.8364028930664,129.81,105.47,102.21,9.199999809265137,63.130001068115234,8.800000190734863,64.19999694824219,7.849999904632568,65.94000244140625,9.161428724016462,8.6867666721344,1.054640756841909,0.17953694511793014,8.75,10.239999771118164
2025-12-08,9.25,62.4900016784668,89.93800354003906,129.81,105.47,102.21,9.199999809265137,63.130001068115234,8.989999771118164,64.88999938964844,7.96999979019165,65.62000274658203,9.168571608407158,8.729433345794678,1.0503042685790527,0.17985493499871447,8.739999771118164,10.06999969482422
2025-12-09,8.829999923706055,61.939998626708984,90.12999725341795,129.81,105.47,102.21,8.770000457763672,63.20000076293945,8.899999618530273,63.5099983215332,7.953000068664551,64.4000015258789,9.17714296068464,8.75866667429606,1.0477773414808935,0.18744665701447905,8.680000305175781,10.0
2025-12-10,9.012999534606934,62.209999084472656,89.91690063476562,129.81,105.47,102.21,9.34000015258789,63.16999816894531,8.920000076293945,63.380001068115234,8.199999809265137,64.91999816894531,9.13042858668736,8.785766665140788,1.0392283954717452,0.18130655750520183,8.770000457763672,10.359999656677246
2025-12-11,8.84000015258789,61.279998779296875,89.79299926757812,129.81,105.47,102.21,9.25,62.45000076293945,8.949999809265137,62.560001373291016,8.25,65.0,9.071857179914202,8.805433336893717,1.030255585417743,0.19170252354640727,8.460000038146973,10.979999542236328
2025-12-12,8.680000305175781,61.119998931884766,90.25299835205078,129.81,105.47,102.21,9.300000190734863,62.66999816894531,9.1899995803833,63.369998931884766,8.100000381469727,65.06999969482422,8.983285767691475,8.82476666768392,1.017961825661607,0.2232776750494698,8.720000267028809,11.260000228881836
2025-12-15,8.920000076293945,60.560001373291016,90.5770034790039,129.81,105.47,102.21,9.270000457763672,63.2599983215332,9.229999542236328,62.47999954223633,7.920000076293945,64.88999938964844,8.9332857131958,8.858100001017252,1.0084866537184474,0.2230334515808895,8.8100004196167,11.010000228881836
2025-12-16,8.770000457763672,58.91999816894531,90.7769012451172,129.81,105.47,102.21,9.0,63.75,9.199999809265137,63.130001068115234,8.180000305175781,64.44000244140625,8.900428635733467,8.877766672770182,1.002551535570022,0.23194438327636352,8.789999961853027,11.479999542236328
2025-12-17,8.420000076293945,59.68000030517578,90.94889831542967,129.81,105.47,102.21,9.25,62.4900016784668,9.199999809265137,63.130001068115234,8.300000190734863,63.52000045776367,8.781857218061175,8.881766668955485,0.98875006041938,0.27742887638964286,9.140000343322754,11.529999732971191
2025-12-18,8.656000137329102,59.81999969482422,90.4136962890625,129.81,105.47,102.21,8.829999923706055,61.939998626708984,8.770000457763672,63.20000076293945,8.5,63.380001068115234,8.75700010572161,8.886966673533122,0.9853744898196254,0.2854719243101769,8.850000381469727,11.199999809265137
2025-12-19,8.699999809265137,60.470001220703125,90.25579833984376,129.81,105.47,102.21,9.012999534606934,62.209999084472656,9.34000015258789,63.16999816894531,8.350000381469727,63.630001068115234,8.71228585924421,8.898633321126303,0.9790577669924515,0.27208867767216277,8.729999542236328,10.550000190734863
2025-12-22,8.880000114440918,62.06999969482422,89.56999969482422,129.81,105.47,102.21,8.84000015258789,61.279998779296875,9.25,62.45000076293945,8.369999885559082,64.05999755859375,8.718000139508929,8.915633328755696,0.9778318645151151,0.255153799904668,8.720999717712402,10.850000381469728
2025-12-23,8.739999771118164,62.380001068115234,89.60389709472656,129.81,105.47,102.21,8.680000305175781,61.119998931884766,9.300000190734863,62.66999816894531,8.420000076293945,65.16000366210938,8.726571491786412,8.926299985249837,0.9776236212059093,0.22935779616157548,9.039999961853027,10.710000038146973
2025-12-24,8.770000457763672,62.2400016784668,89.50789642333984,129.81,105.47,102.21,8.920000076293945,60.560001373291016,9.270000457763672,63.2599983215332,8.479999542236328,62.709999084472656,8.705142974853516,8.935966682434081,0.9741680494719366,0.19629961630500903,9.479999542236328,10.649999618530272
2025-12-26,8.75,60.63999938964844,90.10590362548828,129.81,105.47,102.21,8.770000457763672,58.91999816894531,9.0,63.75,8.699999809265137,63.0099983215332,8.702285766601562,8.937633355458578,0.9736667061442686,0.18985397181832042,9.800000190734863,10.949999809265137
2025-12-29,8.739999771118164,61.939998626708984,89.82929992675781,129.81,105.47,102.21,8.420000076293945,59.68000030517578,9.25,62.4900016784668,8.600000381469727,64.38999938964844,8.748000008719307,8.942300001780191,0.9782707160652895,0.13936247237145888,9.800000190734863,11.18000030517578
2025-12-30,8.680000305175781,61.91999816894531,89.9000015258789,129.81,105.47,102.21,8.656000137329102,59.81999969482422,8.829999923706055,61.939998626708984,8.800000190734863,64.19999694824219,8.751428604125977,8.93830000559489,0.979092087726658,0.13974044362495272,10.239999771118164,11.4399995803833
2025-12-31,8.770000457763672,60.849998474121094,89.76940155029297,129.81,105.47,102.21,8.699999809265137,60.470001220703125,9.012999534606934,62.209999084472656,8.989999771118164,64.88999938964844,8.761428696768624,8.93096669514974,0.9810157383488421,0.11861954980593827,10.06999969482422,11.300000190734863
2026-01-02,8.460000038146973,60.75,89.96189880371094,129.81,105.47,102.21,8.880000114440918,62.06999969482422,8.84000015258789,61.279998779296875,8.899999618530273,63.5099983215332,8.70142868586949,8.916300042470295,0.9759001923915521,0.1354806132906772,10.0,11.489999771118164
2026-01-05,8.720000267028809,61.7599983215332,90.00700378417969,129.81,105.47,102.21,8.739999771118164,62.380001068115234,8.680000305175781,61.119998931884766,8.920000076293945,63.380001068115234,8.698571613856725,8.909633382161458,0.976309739991689,0.13522731307716437,10.359999656677246,11.489999771118164
2026-01-06,8.8100004196167,60.70000076293945,90.23300170898438,129.81,105.47,102.21,8.770000457763672,62.2400016784668,8.920000076293945,60.560001373291016,8.949999809265137,62.560001373291016,8.704285894121442,8.904966735839844,0.977463069509134,0.12506153932633615,10.979999542236328,11.68000030517578
2026-01-07,8.789999961853027,59.959999084472656,90.16609954833984,129.81,105.47,102.21,8.75,60.63999938964844,8.770000457763672,58.91999816894531,9.1899995803833,63.369998931884766,8.710000174386161,8.891633415222168,0.9795714658861555,0.12597552826269376,11.260000228881836,11.760000228881836
2026-01-08,9.140000343322754,61.9900016784668,89.8644027709961,129.81,105.47,102.21,8.739999771118164,61.939998626708984,8.420000076293945,59.68000030517578,9.229999542236328,62.47999954223633,8.76714311327253,8.888633441925048,0.986330835582915,0.14561110046871892,11.010000228881836,11.65999984741211
2026-01-09,8.850000381469727,63.34000015258789,89.90540313720703,129.81,105.47,102.21,8.680000305175781,61.91999816894531,8.656000137329102,59.81999969482422,9.199999809265137,63.130001068115234,8.79142883845738,8.876966794331869,0.9903629402378169,0.14442771516581415,11.479999542236328,11.729999542236328
2026-01-12,8.729999542236328,63.869998931884766,90.23600006103516,129.81,105.47,102.21,8.770000457763672,60.849998474121094,8.699999809265137,60.470001220703125,9.199999809265137,63.130001068115234,8.785714421953474,8.861300118764241,0.9914690157778487,0.14350602952710542,11.529999732971191,11.770000457763672
2026-01-13,8.720999717712402,65.47000122070312,90.13269805908205,129.81,105.47,102.21,8.460000038146973,60.75,8.880000114440918,62.06999969482422,8.770000457763672,63.20000076293945,8.823000090462822,8.859666760762533,0.995860269929695,0.14069954707447338,11.199999809265137,11.869999885559082
2026-01-14,9.039999961853027,66.5199966430664,90.27300262451172,129.81,105.47,102.21,8.720000267028809,61.7599983215332,8.739999771118164,62.380001068115234,9.34000015258789,63.16999816894531,8.868714332580566,8.849666754404703,1.0021512173499882,0.15874398092659536,10.550000190734863,11.68000030517578
2026-01-15,9.479999542236328,63.7599983215332,90.18319702148438,129.81,105.47,102.21,8.8100004196167,60.70000076293945,8.770000457763672,62.2400016784668,9.25,62.45000076293945,8.964428492954799,8.85733340581258,1.012089978025685,0.24436963997426767,10.850000381469728,11.90999984741211
2026-01-16,9.800000190734863,64.12999725341797,90.36160278320312,129.81,105.47,102.21,8.789999961853027,59.959999084472656,8.75,60.63999938964844,9.300000190734863,62.66999816894531,9.10871423993792,8.874000072479248,1.0264484900897908,0.35332650029705276,10.710000038146973,12.06999969482422
2026-01-19,9.800000190734863,64.12999725341797,90.7020034790039,129.81,105.47,102.21,9.140000343322754,61.9900016784668,8.739999771118164,61.939998626708984,9.270000457763672,63.2599983215332,9.202999932425362,8.891666730244955,1.0350128790806625,0.42128199784458603,10.649999618530272,12.220000267028809
2026-01-20,10.239999771118164,64.91999816894531,90.90450286865234,129.81,105.47,102.21,8.850000381469727,63.34000015258789,8.680000305175781,61.91999816894531,9.0,63.75,9.401571273803711,8.933000055948893,1.0524527807446922,0.5273423052836438,10.949999809265137,12.5
2026-01-21,10.06999969482422,65.23999786376953,91.11840057373048,129.81,105.47,102.21,8.729999542236328,63.869998931884766,8.770000457763672,60.849998474121094,9.25,62.4900016784668,9.592999867030553,8.9603333791097,1.070606277142887,0.5774981987998251,11.18000030517578,11.90999984741211
2026-01-22,10.0,64.05999755859375,91.53690338134766,129.81,105.47,102.21,8.720999717712402,65.47000122070312,8.460000038146973,60.75,8.829999923706055,61.939998626708984,9.775714193071638,8.999333381652832,1.086269717522015,0.5745455906141321,11.4399995803833,11.520000457763672
2026-01-23,10.359999656677246,65.87999725341797,91.55829620361328,129.81,105.47,102.21,9.039999961853027,66.5199966430664,8.720000267028809,61.7599983215332,9.012999534606934,62.209999084472656,9.964285578046526,9.044233385721842,1.1017268281144619,0.6132215233711964,11.300000190734863,10.460000038146973
2026-01-26,10.979999542236328,65.58999633789062,91.5009994506836,129.81,105.47,102.21,9.479999542236328,63.7599983215332,8.8100004196167,60.70000076293945,8.84000015258789,61.279998779296875,10.17857129233224,9.115566698710124,1.116612983331327,0.7140818645661136,11.489999771118164,10.260000228881836
2026-01-27,11.260000228881836,67.56999969482422,91.71309661865234,129.81,105.47,102.21,9.800000190734863,64.12999725341797,8.789999961853027,59.959999084472656,8.680000305175781,61.119998931884766,10.387142726353236,9.201566696166992,1.1288437915949887,0.8054325354418784,11.489999771118164,10.229999542236328
2026-01-28,11.010000228881836,68.4000015258789,91.5343017578125,129.81,105.47,102.21,9.800000190734863,64.12999725341797,9.140000343322754,61.9900016784668,8.920000076293945,60.560001373291016,10.559999874659947,9.271233367919923,1.1390057897950712,0.8506490881976295,11.68000030517578,10.699999809265137
2026-01-29,11.479999542236328,70.70999908447266,92.04080200195312,129.81,105.47,102.21,10.239999771118164,64.91999816894531,8.850000381469727,63.34000015258789,8.770000457763672,58.91999816894531,10.7371426991054,9.361566670735677,1.146937431241657,0.8945990157492328,11.760000228881836,10.399999618530272
2026-01-30,11.529999732971191,70.69000244140625,91.78189849853516,129.81,105.47,102.21,10.06999969482422,65.23999786376953,8.729999542236328,63.869998931884766,8.420000076293945,59.68000030517578,10.945714133126396,9.465233325958252,1.1564112782085572,0.8850725732958978,11.65999984741211,10.489999771118164
2026-02-02,11.199999809265137,66.30000305175781,91.68699645996094,129.81,105.47,102.21,10.0,64.05999755859375,8.720999717712402,65.47000122070312,8.656000137329102,59.81999969482422,11.117142677307129,9.550033315022786,1.1640934297982926,0.7948546379245083,11.729999542236328,10.670000076293944
2026-02-03,10.550000190734863,67.33000183105469,90.24559783935548,129.81,105.47,102.21,10.359999656677246,65.87999725341797,9.039999961853027,66.5199966430664,8.699999809265137,60.470001220703125,11.144285610743932,9.611699994405111,1.159448799145097,0.6840570356022012,11.770000457763672,10.43000030517578
2026-02-04,10.850000381469728,69.45999908447266,90.4228973388672,129.81,105.47,102.21,10.979999542236328,65.58999633789062,9.479999542236328,63.7599983215332,8.880000114440918,62.06999969482422,11.125714302062988,9.677366669972738,1.1496622154415252,0.6128392076045747,11.869999885559082,10.699999809265137
2026-02-05,10.710000038146973,67.55000305175781,90.125,129.81,105.47,102.21,11.260000228881836,67.56999969482422,9.800000190734863,64.12999725341797,8.739999771118164,62.380001068115234,11.047142846243721,9.743033345540365,1.133849296821642,0.5616243670286086,11.68000030517578,10.020000457763672
2026-02-06,10.649999618530272,68.05000305175781,90.3147964477539,129.81,105.47,102.21,11.010000228881836,68.4000015258789,9.800000190734863,64.12999725341797,8.770000457763672,62.2400016784668,10.99571418762207,9.805699984232584,1.1213582907615045,0.4970865639155065,11.90999984741211,10.010000228881836
2026-02-09,10.949999809265137,69.04000091552734,90.58799743652344,129.81,105.47,102.21,11.479999542236328,70.70999908447266,10.239999771118164,64.91999816894531,8.75,60.63999938964844,10.919999940054756,9.879033311208088,1.1053701857613754,0.47365771749909036,12.06999969482422,9.989999771118164
2026-02-10,11.18000030517578,68.80000305175781,90.8227996826172,129.81,105.47,102.21,11.529999732971191,70.69000244140625,10.06999969482422,65.23999786376953,8.739999771118164,61.939998626708984,10.87000002179827,9.960366662343343,1.0913241928785578,0.4275723434869783,12.220000267028809,9.800000190734863
2026-02-11,11.4399995803833,69.4000015258789,90.58789825439452,129.81,105.47,102.21,11.199999809265137,66.30000305175781,10.0,64.05999755859375,8.680000305175781,61.91999816894531,10.904285703386579,10.052366638183594,1.0847470300672022,0.3602875333372966,12.5,10.0
2026-02-12,11.300000190734863,67.5199966430664,90.73570251464844,129.81,105.47,102.21,10.550000190734863,67.33000183105469,10.359999656677246,65.87999725341797,8.770000457763672,60.849998474121094,11.011428560529437,10.136699962615968,1.086292159994655,0.3143534286165179,11.90999984741211,10.0
2026-02-13,11.489999771118164,67.75,90.56410217285156,129.81,105.47,102.21,10.850000381469728,69.45999908447266,10.979999542236328,65.58999633789062,8.460000038146973,60.75,11.102857044764928,10.237699953715007,1.0845059192887156,0.33123799500681045,11.520000457763672,9.93000030517578
2026-02-16,11.489999771118164,67.75,90.57119750976562,129.81,105.47,102.21,10.710000038146973,67.55000305175781,11.260000228881836,67.56999969482422,8.720000267028809,61.7599983215332,11.214285578046526,10.330033270517985,1.0855990903786603,0.34446075097622847,10.460000038146973,9.9399995803833
2026-02-17,11.68000030517578,67.41999816894531,90.78299713134766,129.81,105.47,102.21,10.649999618530272,68.05000305175781,11.010000228881836,68.4000015258789,8.8100004196167,60.70000076293945,11.361428533281599,10.425699933369954,1.0897510678785198,0.37185302821919547,10.260000228881836,9.970000267028809
2026-02-18,11.760000228881836,70.3499984741211,90.6261978149414,129.81,105.47,102.21,10.949999809265137,69.04000091552734,11.479999542236328,70.70999908447266,8.789999961853027,59.959999084472656,11.477142878941127,10.524699942270916,1.0904949344822235,0.3960547089781741,10.229999542236328,10.324999809265137
2026-02-19,11.65999984741211,71.66000366210938,90.7935028076172,129.81,105.47,102.21,11.18000030517578,68.80000305175781,11.529999732971191,70.69000244140625,9.140000343322754,61.9900016784668,11.545714242117745,10.60869992574056,1.0883240585270104,0.4058263788751912,10.699999809265137,10.449999809265137
2026-02-20,11.729999542236328,71.76000213623047,91.04109954833984,129.81,105.47,102.21,11.4399995803833,69.4000015258789,11.199999809265137,66.30000305175781,8.850000381469727,63.34000015258789,11.587142808096749,10.704699897766114,1.0824340798357164,0.4290904818403026,10.399999618530272,10.449999809265137
2026-02-23,11.770000457763672,71.48999786376953,90.72660064697266,129.81,105.47,102.21,11.300000190734863,67.5199966430664,10.550000190734863,67.33000183105469,8.729999542236328,63.869998931884766,11.654285703386579,10.806033261617024,1.0784970429262026,0.39981591629590224,10.489999771118164,9.9399995803833
2026-02-24,11.869999885559082,70.7699966430664,91.02010345458984,129.81,105.47,102.21,11.489999771118164,67.75,10.850000381469728,69.45999908447266,8.720999717712402,65.47000122070312,11.708571434020996,10.91099993387858,1.073096945651749,0.39798951018325734,10.670000076293944,10.4399995803833
2026-02-25,11.68000030517578,70.8499984741211,90.91799926757812,129.81,105.47,102.21,11.489999771118164,67.75,10.710000038146973,67.55000305175781,9.039999961853027,66.5199966430664,11.735714367457799,10.998999945322673,1.0669791577421393,0.34897111066393693,10.43000030517578,10.600000381469728
2026-02-26,11.90999984741211,70.75,90.95099639892578,129.81,105.47,102.21,11.68000030517578,67.41999816894531,10.649999618530272,68.05000305175781,9.479999542236328,63.7599983215332,11.76857144492013,11.079999955495198,1.0621444829192987,0.27433137377762506,10.699999809265137,10.300000190734863
2026-02-27,12.06999969482422,72.4800033569336,91.00740051269533,129.81,105.47,102.21,11.760000228881836,70.3499984741211,10.949999809265137,69.04000091552734,9.800000190734863,64.12999725341797,11.8128570829119,11.155666605631511,1.0589099613149988,0.24266939114715144,10.020000457763672,10.699999809265137
2026-03-02,12.220000267028809,77.73999786376953,91.07959747314452,129.81,105.47,102.21,11.65999984741211,71.66000366210938,11.18000030517578,68.80000305175781,9.800000190734863,64.12999725341797,11.892857142857142,11.236333274841309,1.0584277154904833,0.2484866700613343,10.010000228881836,11.0600004196167
2026-03-03,12.5,81.4000015258789,91.56340026855467,129.81,105.47,102.21,11.729999542236328,71.76000213623047,11.4399995803833,69.4000015258789,10.239999771118164,64.91999816894531,12.002857208251953,11.311666615804036,1.061103284324999,0.3105763895525616,9.989999771118164,11.420000076293944
2026-03-04,11.90999984741211,81.4000015258789,92.00859832763672,129.81,105.47,102.21,11.770000457763672,71.48999786376953,11.300000190734863,67.5199966430664,10.06999969482422,65.23999786376953,12.022857121058873,11.372999954223634,1.0571394177487643,0.2767353110501951,9.800000190734863,11.399999618530272
2026-03-05,11.520000457763672,85.41000366210938,92.1230010986328,129.81,105.47,102.21,11.869999885559082,70.7699966430664,11.489999771118164,67.75,10.0,64.05999755859375,11.972857202802386,11.423666636149088,1.0480738893567305,0.27393045107670944,10.0,11.130000114440918
2026-03-06,10.460000038146973,92.69000244140624,91.78690338134766,129.81,105.47,102.21,11.68000030517578,70.8499984741211,11.489999771118164,67.75,10.359999656677246,65.87999725341797,11.798571450369698,11.42699998219808,1.0325160710238694,0.4543029567165919,10.0,11.4399995803833
2026-03-09,10.260000228881836,98.95999908447266,91.93620300292967,129.81,105.47,102.21,11.90999984741211,70.75,11.68000030517578,67.41999816894531,10.979999542236328,65.58999633789062,11.562857219151088,11.403000005086263,1.0140179841983412,0.6078298048695636,9.93000030517578,11.303999900817873
2026-03-10,10.229999542236328,87.80000305175781,91.220703125,129.81,105.47,102.21,12.06999969482422,72.4800033569336,11.760000228881836,70.3499984741211,11.260000228881836,67.56999969482422,11.300000054495674,11.368666648864746,0.9939591390897788,0.7172662721058027,9.9399995803833,11.350000381469728
2026-03-11,10.699999809265137,91.9800033569336,92.16510009765624,129.81,105.47,102.21,12.220000267028809,77.73999786376953,11.65999984741211,71.66000366210938,11.010000228881836,68.4000015258789,11.082857131958008,11.358333301544189,0.9757459197813886,0.7516666814418532,9.970000267028809,11.399999618530272
2026-03-12,10.399999618530272,100.45999908447266,92.22879791259766,129.81,105.47,102.21,12.5,81.4000015258789,11.729999542236328,71.76000213623047,11.479999542236328,70.70999908447266,10.782857077462333,11.322333304087321,0.9523520695198993,0.8011284085840383,10.324999809265137,11.34000015258789
2026-03-13,10.489999771118164,103.13999938964844,92.38990020751952,129.81,105.47,102.21,11.90999984741211,81.4000015258789,11.770000457763672,71.48999786376953,11.529999732971191,70.69000244140625,10.579999923706055,11.28766663869222,0.9373053695956907,0.8273857396487463,10.449999809265137,10.899999618530272
2026-03-16,10.670000076293944,100.20999908447266,92.5635986328125,129.81,105.47,102.21,11.520000457763672,85.41000366210938,11.869999885559082,70.7699966430664,11.199999809265137,66.30000305175781,10.458571297781807,11.269999980926514,0.9280001806104881,0.8261097191800653,10.449999809265137,11.270000457763672
2026-03-17,10.43000030517578,103.41999816894533,92.28269958496094,129.81,105.47,102.21,10.460000038146973,92.69000244140624,11.68000030517578,70.8499984741211,10.550000190734863,67.33000183105469,10.454285621643066,11.26599998474121,0.927949259391963,0.8395109476329627,9.9399995803833,11.449999809265137
2026-03-18,10.699999809265137,107.37999725341795,92.39129638671876,129.81,105.47,102.21,10.260000228881836,98.95999908447266,11.90999984741211,70.75,10.850000381469728,69.45999908447266,10.517142704554967,11.260999965667725,0.9339431131505397,0.8145504227888951,10.4399995803833,11.850000381469728
2026-03-19,10.020000457763672,108.6500015258789,93.24659729003906,129.81,105.47,102.21,10.229999542236328,87.80000305175781,12.06999969482422,72.4800033569336,10.710000038146973,67.55000305175781,10.487142835344587,11.237999979654948,0.9331850438227307,0.7992651565838961,10.600000381469728,11.720000267028809
2026-03-20,10.010000228881836,112.19000244140624,93.0822982788086,129.81,105.47,102.21,10.699999809265137,91.9800033569336,12.220000267028809,77.73999786376953,10.649999618530272,68.05000305175781,10.388571466718401,11.216666666666667,0.9261719647844358,0.7326003555728574,10.300000190734863,11.729999542236328
2026-03-23,9.989999771118164,99.94000244140624,93.89530181884766,129.81,105.47,102.21,10.399999618530272,100.45999908447266,12.5,81.4000015258789,10.949999809265137,69.04000091552734,10.330000059945244,11.1846666653951,0.9235850413008193,0.552652453865243,10.699999809265137,11.789999961853027
2026-03-24,9.800000190734863,104.48999786376952,93.2436981201172,129.81,105.47,102.21,10.489999771118164,103.13999938964844,11.90999984741211,81.4000015258789,11.18000030517578,68.80000305175781,10.231428691319056,11.138666661580404,0.9185497525580725,0.4290009142007051,11.0600004196167,12.18000030517578
2026-03-25,10.0,102.22000122070312,94.29969787597656,129.81,105.47,102.21,10.670000076293944,100.20999908447266,11.520000457763672,85.41000366210938,11.4399995803833,69.4000015258789,10.135714394705635,11.090666675567627,0.9138950391579136,0.2974875564115015,11.420000076293944,12.109999656677246
2026-03-26,10.0,108.01000213623048,94.6937026977539,129.81,105.47,102.21,10.43000030517578,103.41999816894533,10.460000038146973,92.69000244140624,11.300000190734863,67.5199966430664,10.074285779680524,11.047333335876464,0.9119193161096102,0.30345980835816794,11.399999618530272,12.100000381469728
2026-03-27,9.93000030517578,112.56999969482422,94.30950164794922,129.81,105.47,102.21,10.699999809265137,107.37999725341795,10.260000228881836,98.95999908447266,11.489999771118164,67.75,9.964285850524902,10.995333353678385,0.9062278029900219,0.3163605430139586,11.130000114440918,12.105999946594238
2026-03-30,9.9399995803833,112.77999877929688,94.78179931640624,129.81,105.47,102.21,10.020000457763672,108.6500015258789,10.229999542236328,87.80000305175781,11.489999771118164,67.75,9.952857153756279,10.94366668065389,0.9094619152401341,0.3264493474133429,11.4399995803833,12.649999618530272
2026-03-31,9.970000267028809,118.3499984741211,94.35590362548828,129.81,105.47,102.21,10.010000228881836,112.19000244140624,10.699999809265137,91.9800033569336,11.68000030517578,67.41999816894531,9.94714287349156,10.886666679382325,0.9136987499895082,0.3012071989644956,11.303999900817873,13.289999961853027
2026-04-01,10.324999809265137,101.16000366210938,93.48429870605467,129.81,105.47,102.21,9.989999771118164,99.94000244140624,10.399999618530272,100.45999908447266,11.760000228881836,70.3499984741211,9.99500002179827,10.838833332061768,0.9221463689056772,0.29740376675167757,11.350000381469728,13.329999923706056
2026-04-02,10.449999809265137,109.02999877929688,92.6426010131836,129.81,105.47,102.21,9.800000190734863,104.48999786376952,10.489999771118164,103.13999938964844,11.65999984741211,71.66000366210938,10.087857110159737,10.798499997456869,0.9341897273360403,0.2941902529674396,11.399999618530272,12.949999809265137
2026-04-03,10.449999809265137,109.02999877929688,92.97360229492188,129.81,105.47,102.21,10.0,102.22000122070312,10.670000076293944,100.20999908447266,11.729999542236328,71.76000213623047,10.152142797197614,10.755833339691161,0.9438723191266859,0.26968761140263314,11.34000015258789,13.18000030517578
2026-04-06,9.9399995803833,109.7699966430664,92.97100067138672,129.81,105.47,102.21,10.0,108.01000213623048,10.43000030517578,103.41999816894533,11.770000457763672,71.48999786376953,10.143571308680944,10.69483331044515,0.9484544106199476,0.2613733360701218,10.899999618530272,12.850000381469728
2026-04-07,10.4399995803833,109.2699966430664,92.81659698486328,129.81,105.47,102.21,9.93000030517578,112.56999969482422,10.699999809265137,107.37999725341795,11.869999885559082,70.7699966430664,10.216428347996303,10.647166633605957,0.9595434263530416,0.22248984094066174,11.270000457763672,12.649999618530272
2026-04-08,10.600000381469728,94.75,92.86019897460938,129.81,105.47,102.21,9.9399995803833,112.77999877929688,10.020000457763672,108.6500015258789,11.68000030517578,70.8499984741211,10.310714176722936,10.611166636149088,0.9716843409803804,0.2593305188623561,11.449999809265137,12.109999656677246
2026-04-09,10.300000190734863,95.91999816894533,92.2748031616211,129.81,105.47,102.21,9.970000267028809,118.3499984741211,10.010000228881836,112.19000244140624,11.90999984741211,70.75,10.357857022966657,10.557499980926513,0.9810890107306974,0.2604341681140566,11.850000381469728,12.5
2026-04-10,10.699999809265137,95.1999969482422,92.46980285644533,129.81,105.47,102.21,10.324999809265137,101.16000366210938,9.989999771118164,99.94000244140624,12.06999969482422,72.4800033569336,10.411428451538086,10.511833318074544,0.9904474540289429,0.2933991860042409,11.720000267028809,12.675000190734863
2026-04-13,11.0600004196167,99.36000061035156,94.50879669189452,129.81,105.47,102.21,10.449999809265137,109.02999877929688,9.800000190734863,104.48999786376952,12.220000267028809,77.73999786376953,10.498571395874023,10.47316665649414,1.0024247408606572,0.3483125282954167,11.729999542236328,12.675000190734863
2026-04-14,11.420000076293944,94.79000091552734,94.9468002319336,129.81,105.47,102.21,10.449999809265137,109.02999877929688,10.0,102.22000122070312,12.5,81.4000015258789,10.637142862592425,10.437166659037272,1.0191590321873116,0.4486581817133715,11.789999961853027,12.880000114440918
2026-04-15,11.399999618530272,94.93000030517578,93.16539764404295,129.81,105.47,102.21,9.9399995803833,109.7699966430664,10.0,108.01000213623048,11.90999984741211,81.4000015258789,10.845714296613421,10.420166651407877,1.0408378532765132,0.5062549918310223,12.18000030517578,12.875
2026-04-16,11.130000114440918,99.38999938964844,93.38680267333984,129.81,105.47,102.21,10.4399995803833,109.2699966430664,9.93000030517578,112.56999969482422,11.520000457763672,85.41000366210938,10.944285801478795,10.407166639963785,1.0516094979547574,0.5048856817552426,12.109999656677246,13.149999618530272
2026-04-17,11.4399995803833,90.37999725341795,93.0478973388672,129.81,105.47,102.21,10.600000381469728,94.75,9.9399995803833,112.77999877929688,10.460000038146973,92.69000244140624,11.064285687037877,10.439833291371663,1.0598133878295188,0.517541332616332,12.100000381469728,12.9399995803833
2026-04-20,11.303999900817873,95.4800033569336,92.60330200195312,129.81,105.47,102.21,10.300000190734863,95.91999816894533,9.970000267028809,118.3499984741211,10.260000228881836,98.95999908447266,11.207714217049736,10.474633280436198,1.0699852889484758,0.4977018548466662,12.105999946594238,13.03499984741211
2026-04-21,11.350000381469728,98.4800033569336,93.12359619140624,129.81,105.47,102.21,10.699999809265137,95.1999969482422,10.324999809265137,101.16000366210938,10.229999542236328,87.80000305175781,11.30057144165039,10.511966641743978,1.0750186978893042,0.500562205662437,12.649999618530272,12.9399995803833
2026-04-22,11.399999618530272,101.91000366210938,93.622802734375,129.81,105.47,102.21,11.0600004196167,99.36000061035156,10.449999809265137,109.02999877929688,10.699999809265137,91.9800033569336,11.349142755780901,10.535299968719482,1.0772481103524985,0.5056563179378245,13.289999961853027,12.619999885559082
2026-04-23,11.34000015258789,105.06999969482422,93.80049896240234,129.81,105.47,102.21,11.420000076293944,94.79000091552734,10.449999809265137,109.02999877929688,10.399999618530272,100.45999908447266,11.337714195251465,10.566633319854736,1.072972168365699,0.4973780322464618,13.329999923706056,12.65999984741211
2026-04-24,10.899999618530272,105.33000183105467,94.11289978027344,129.81,105.47,102.21,11.399999618530272,94.93000030517578,9.9399995803833,109.7699966430664,10.489999771118164,103.13999938964844,11.266285623822894,10.58029998143514,1.0648351176469697,0.39814102893446873,12.949999809265137,12.699999809265137
2026-04-27,11.270000457763672,108.2300033569336,94.25029754638672,129.81,105.47,102.21,11.130000114440918,99.38999938964844,10.4399995803833,109.2699966430664,10.670000076293944,100.20999908447266,11.286285672869,10.600299994150797,1.0647127941632577,0.35925608223281047,13.18000030517578,12.369999885559082
2026-04-28,11.449999809265137,111.26000213623048,94.2584991455078,129.81,105.47,102.21,11.4399995803833,90.37999725341795,10.600000381469728,94.75,10.43000030517578,103.41999816894533,11.287714276994977,10.634299977620442,1.0614430368072403,0.3365836920673489,12.850000381469728,12.369999885559082
2026-04-29,11.850000381469728,118.02999877929688,94.64550018310548,129.81,105.47,102.21,11.303999900817873,95.4800033569336,10.300000190734863,95.91999816894533,10.699999809265137,107.37999725341795,11.365714345659528,10.672633330027262,1.0649390215901178,0.27568729247246204,12.649999618530272,12.5
2026-04-30,11.720000267028809,114.01000213623048,94.9166030883789,129.81,105.47,102.21,11.350000381469728,98.4800033569336,10.699999809265137,95.1999969482422,10.020000457763672,108.6500015258789,11.418571472167969,10.7292999903361,1.0642409886984985,0.24134778659175923,12.109999656677246,12.520000457763672
2026-05-01,11.729999542236328,108.16999816894533,94.75910186767578,129.81,105.47,102.21,11.399999618530272,101.91000366210938,11.0600004196167,99.36000061035156,10.010000228881836,112.19000244140624,11.46571431841169,10.78663330078125,1.0629548042606782,0.24379117190486402,12.5,12.31999969482422
2026-05-04,11.789999961853027,114.44000244140624,94.90299987792967,129.81,105.47,102.21,11.34000015258789,105.06999969482422,11.420000076293944,94.79000091552734,9.989999771118164,99.94000244140624,11.530000005449567,10.84663330713908,1.0630016751690097,0.2644396175873569,12.675000190734863,11.989999771118164
2026-05-05,12.18000030517578,109.87000274658205,95.2593994140625,129.81,105.47,102.21,10.899999618530272,105.33000183105467,11.399999618530272,94.93000030517578,9.800000190734863,104.48999786376952,11.712857246398926,10.92596664428711,1.0720192462175229,0.33063972738282343,12.675000190734863,12.130000114440918
2026-05-06,12.109999656677246,101.2699966430664,95.18299865722656,129.81,105.47,102.21,11.270000457763672,108.2300033569336,11.130000114440918,99.38999938964844,10.0,102.22000122070312,11.832857131958008,10.99629996617635,1.0760752623702678,0.35172474910882395,12.880000114440918,11.880000114440918
2026-05-07,12.100000381469728,100.05999755859376,94.60800170898438,129.81,105.47,102.21,11.449999809265137,111.26000213623048,11.4399995803833,90.37999725341795,10.0,108.01000213623048,11.925714356558663,11.066299978892008,1.077659525108721,0.377734704246489,12.875,11.56999969482422
2026-05-08,12.105999946594238,101.29000091552734,94.25299835205078,129.81,105.47,102.21,11.850000381469728,118.02999877929688,11.303999900817873,95.4800033569336,9.93000030517578,112.56999969482422,11.962285723005023,11.138833300272625,1.0739253080894176,0.38894260627711896,13.149999618530272,11.56999969482422
2026-05-11,12.649999618530272,104.20999908447266,94.42530059814452,129.81,105.47,102.21,11.720000267028809,114.01000213623048,11.350000381469728,98.4800033569336,9.9399995803833,112.77999877929688,12.095142773219518,11.229166634877522,1.0771175097248296,0.45737359049959736,12.9399995803833,11.579999923706056
2026-05-12,13.289999961853027,107.7699966430664,95.3914031982422,129.81,105.47,102.21,11.729999542236328,108.16999816894533,11.399999618530272,101.91000366210938,9.970000267028809,118.3499984741211,12.317999976021904,11.339833291371663,1.0862583952455946,0.6004810514537285,13.03499984741211,11.770000457763672
2026-05-13,13.329999923706056,105.62999725341795,95.63300323486328,129.81,105.47,102.21,11.789999961853027,114.44000244140624,11.34000015258789,105.06999969482422,10.324999809265137,101.16000366210938,12.537999970572335,11.439999961853028,1.0959780640384562,0.6888313231852816,12.9399995803833,11.699999809265137
2026-05-14,12.949999809265137,105.72000122070312,95.69580078125,129.81,105.47,102.21,12.18000030517578,109.87000274658205,10.899999618530272,105.33000183105467,10.449999809265137,109.02999877929688,12.647999899727958,11.52333329518636,1.0975981167732285,0.645771565986942,12.619999885559082,11.399999618530272
2026-05-15,13.18000030517578,109.26000213623048,95.70989990234376,129.81,105.47,102.21,12.109999656677246,101.2699966430664,11.270000457763672,108.2300033569336,10.449999809265137,109.02999877929688,12.800857135227748,11.614333311716715,1.1021593551754287,0.6403699450858111,12.65999984741211,11.270000457763672
2026-05-18,12.850000381469728,112.0999984741211,95.97029876708984,129.81,105.47,102.21,12.100000381469728,100.05999755859376,11.449999809265137,111.26000213623048,9.9399995803833,109.7699966430664,12.907999992370605,11.711333338419596,1.1021792820320897,0.6027984516451078,12.699999809265137,11.630000114440918
2026-05-19,12.649999618530272,111.27999877929688,96.27020263671876,129.81,105.47,102.21,12.105999946594238,101.29000091552734,11.850000381469728,118.02999877929688,10.4399995803833,109.2699966430664,12.98571423121861,11.785000006357828,1.1018840225178443,0.5825060072264504,12.369999885559082,11.869999885559082
2026-05-20,12.109999656677246,105.0199966430664,96.56580352783205,129.81,105.47,102.21,12.649999618530272,104.20999908447266,11.720000267028809,114.01000213623048,10.600000381469728,94.75,12.908571379525322,11.835333315531413,1.0906799266723022,0.5522115431242662,12.369999885559082,12.052000045776367
2026-05-21,12.5,102.58000183105467,96.5282974243164,129.81,105.47,102.21,13.289999961853027,107.7699966430664,11.729999542236328,108.16999816894533,10.300000190734863,95.91999816894533,12.795714242117745,11.908666642506917,1.074486664323778,0.5058183007648103,12.5,12.270000457763672
2026-05-22,12.675000190734863,103.54000091552734,96.17389678955078,129.81,105.47,102.21,13.329999923706056,105.62999725341795,11.789999961853027,114.44000244140624,10.699999809265137,95.1999969482422,12.70214285169329,11.974499988555909,1.0607651472864261,0.45539680294857615,12.520000457763672,12.270000457763672
2026-05-25,12.675000190734863,103.54000091552734,95.71949768066406,129.81,105.47,102.21,12.949999809265137,105.72000122070312,12.18000030517578,109.87000274658205,11.0600004196167,99.36000061035156,12.662857191903251,12.028333314259847,1.0527515602993454,0.4374641999131776,12.31999969482422,12.960000038146973
2026-05-26,12.880000114440918,99.58000183105467,95.25279998779295,129.81,105.47,102.21,13.18000030517578,109.26000213623048,12.109999656677246,101.2699966430664,11.420000076293944,94.79000091552734,12.62000002179827,12.07699998219808,1.0449606351572598,0.41123301523475014,11.989999771118164,12.760000228881836
2026-05-27,12.875,94.29000091552734,95.90499877929688,129.81,105.47,102.21,12.850000381469728,112.0999984741211,12.100000381469728,100.05999755859376,11.399999618530272,94.93000030517578,12.623571395874023,12.126166661580404,1.0410182655403268,0.3731387793170003,12.130000114440918,12.835000038146973
2026-05-28,13.149999618530272,93.70999908447266,96.04889678955078,129.81,105.47,102.21,12.649999618530272,111.27999877929688,12.105999946594238,101.29000091552734,11.130000114440918,99.38999938964844,12.694999967302595,12.193499978383382,1.041127615412482,0.33333671089107664,11.880000114440918,12.949999809265137
2026-05-29,12.9399995803833,92.0500030517578,96.04820251464844,129.81,105.47,102.21,12.109999656677246,105.0199966430664,12.649999618530272,104.20999908447266,11.4399995803833,90.37999725341795,12.813571384974889,12.243499978383381,1.0465602925629973,0.3295870643766401,11.56999969482422,12.890000343322754
2026-06-01,13.03499984741211,94.9800033569336,95.00299835205078,129.81,105.47,102.21,12.5,102.58000183105467,13.289999961853027,107.7699966430664,11.303999900817873,95.4800033569336,12.88999993460519,12.30119997660319,1.0478643937565388,0.31055607280449243,11.56999969482422,13.329999923706056
2026-06-02,12.9399995803833,96.0,95.55139923095705,129.81,105.47,102.21,12.675000190734863,103.54000091552734,13.329999923706056,105.62999725341795,11.350000381469728,98.4800033569336,12.927856990269252,12.354199949900309,1.0464333245667055,0.27942938883913276,11.579999923706056,13.100000381469728
2026-06-03,12.619999885559082,97.80999755859376,95.26300048828124,129.81,105.47,102.21,12.675000190734863,103.54000091552734,12.949999809265137,105.72000122070312,11.399999618530272,101.91000366210938,12.91999980381557,12.394866625467936,1.0423661480638424,0.28107919218848665,11.770000457763672,12.84000015258789
2026-06-04,12.65999984741211,95.02999877929688,96.16449737548828,129.81,105.47,102.21,12.880000114440918,99.58000183105467,13.18000030517578,109.26000213623048,11.34000015258789,105.06999969482422,12.888571194240026,12.43886661529541,1.0361523466187976,0.2592953143625792,11.699999809265137,12.649999618530272
2026-06-05,12.699999809265137,93.08999633789062,95.79029846191406,129.81,105.47,102.21,12.875,94.29000091552734,12.850000381469728,112.0999984741211,10.899999618530272,105.33000183105467,12.863571166992188,12.498866621653239,1.029178185878493,0.25813253239164974,11.399999618530272,12.65999984741211
2026-06-08,12.369999885559082,94.25,94.95030212402344,129.81,105.47,102.21,13.149999618530272,93.70999908447266,12.649999618530272,111.27999877929688,11.270000457763672,108.2300033569336,12.752142633710589,12.53553326924642,1.017278817504109,0.2761578698476203,11.270000457763672,12.1899995803833
2026-06-09,12.369999885559082,91.4499969482422,95.68830108642578,129.81,105.47,102.21,12.9399995803833,92.0500030517578,12.109999656677246,105.0199966430664,11.449999809265137,111.26000213623048,12.670714105878558,12.566199938456217,1.0083162837430026,0.23780004552155404,11.630000114440918,12.619999885559082
2026-06-10,12.5,93.0999984741211,95.36029815673828,129.81,105.47,102.21,13.03499984741211,94.9800033569336,12.5,102.58000183105467,11.850000381469728,118.02999877929688,12.594285556248256,12.587866592407227,1.0005091378036621,0.23780004552155404,11.869999885559082,12.510000228881836
2026-06-11,12.520000457763672,90.37999725341795,95.64450073242188,129.81,105.47,102.21,12.9399995803833,96.0,12.675000190734863,103.54000091552734,11.720000267028809,114.01000213623048,12.53428568158831,12.614533265431723,0.9936376940365851,0.2446753279273347,12.052000045776367,12.68000030517578
2026-06-12,12.31999969482422,87.33000183105469,95.76010131835938,129.81,105.47,102.21,12.619999885559082,97.80999755859376,12.675000190734863,103.54000091552734,11.729999542236328,108.16999816894533,12.49142851148333,12.634199937184652,0.988698824349824,0.2681980208705656,12.270000457763672,12.56999969482422
2026-06-15,11.989999771118164,83.16999816894531,95.11029815673828,129.81,105.47,102.21,12.65999984741211,95.02999877929688,12.880000114440918,99.58000183105467,11.789999961853027,114.44000244140624,12.395714214869908,12.64086659749349,0.980605586904298,0.32348881712441024,12.270000457763672,12.380000114440918
2026-06-16,12.130000114440918,78.95999908447266,94.74169921875,129.81,105.47,102.21,12.699999809265137,93.08999633789062,12.875,94.29000091552734,12.18000030517578,109.87000274658205,12.314285687037877,12.639199924468993,0.9742923616766522,0.3429294695760914,12.960000038146973,12.609999656677246
2026-06-17,11.880000114440918,79.55000305175781,94.88860321044922,129.81,105.47,102.21,12.369999885559082,94.25,13.149999618530272,93.70999908447266,12.109999656677246,101.2699966430664,12.244285719735283,12.631533273061116,0.9693420237769581,0.35097441194094314,12.760000228881836,12.779999732971191
2026-06-18,11.56999969482422,79.8499984741211,94.85890197753906,129.81,105.47,102.21,12.369999885559082,91.4499969482422,12.9399995803833,92.0500030517578,12.100000381469728,100.05999755859376,12.12999997820173,12.613866583506267,0.9616393420292975,0.40513274273687055,12.835000038146973,13.359999656677246
2026-06-19,11.56999969482422,79.8499984741211,94.33989715576172,129.81,105.47,102.21,12.5,93.0999984741211,13.03499984741211,94.9800033569336,12.105999946594238,101.29000091552734,11.997142791748047,12.595999908447265,0.95245580774769,0.4176070131027623,12.949999809265137,13.420000076293944
2026-06-22,11.579999923706056,77.9000015258789,94.3302993774414,129.81,105.47,102.21,12.520000457763672,90.37999725341795,12.9399995803833,96.0,12.649999618530272,104.20999908447266,11.862857001168388,12.560333251953125,0.9444691727930065,0.4143736710416349,12.890000343322754,13.949999809265137
2026-06-23,11.770000457763672,77.08000183105469,94.70059967041016,129.81,105.47,102.21,12.31999969482422,87.33000183105469,12.619999885559082,97.80999755859376,13.289999961853027,107.7699966430664,11.78428568158831,12.509666601816813,0.9420136152741829,0.41012530180418333,13.329999923706056,13.90999984741211
2026-06-24,11.699999809265137,73.73999786376953,95.18370056152344,129.81,105.47,102.21,11.989999771118164,83.16999816894531,12.65999984741211,95.02999877929688,13.329999923706056,105.62999725341795,11.742857115609306,12.455333264668782,0.9427967472337325,0.3961248148678309,13.100000381469728,13.970000267028809
2026-06-25,11.399999618530272,75.26000213623047,94.4406967163086,129.81,105.47,102.21,12.130000114440918,78.95999908447266,12.699999809265137,93.08999633789062,12.949999809265137,105.72000122070312,11.638571330479213,12.403666591644287,0.938316251998985,0.38921246482851535,12.84000015258789,13.9399995803833
2026-06-26,11.270000457763672,71.98999786376953,94.40039825439452,129.81,105.47,102.21,11.880000114440918,79.55000305175781,12.369999885559082,94.25,13.18000030517578,109.26000213623048,11.551428522382464,12.339999930063884,0.9360955613366077,0.41389669253586453,12.649999618530272,13.760000228881836
2026-06-29,11.630000114440918,73.1500015258789,94.36029815673828,129.81,105.47,102.21,11.56999969482422,79.8499984741211,12.369999885559082,91.4499969482422,12.850000381469728,112.0999984741211,11.560000010899135,12.299333254496256,0.9398875835645256,0.3958195452868307,12.65999984741211,13.800000190734863
2026-06-30,11.869999885559082,72.91999816894531,94.79049682617188,129.81,105.47,102.21,11.56999969482422,79.8499984741211,12.5,93.0999984741211,12.649999618530272,111.27999877929688,11.602857181004115,12.273333263397216,0.9453705426464613,0.3486237158970027,12.1899995803833,13.789999961853027
2026-07-01,12.052000045776367,71.56999969482422,94.91799926757812,129.81,105.47,102.21,11.579999923706056,77.9000015258789,12.520000457763672,90.37999725341795,12.109999656677246,105.0199966430664,11.670285769871303,12.271399943033854,0.9510142537855812,0.29213526778405563,12.619999885559082,13.670000076293944
2026-07-02,12.270000457763672,71.80000305175781,95.4175033569336,129.81,105.47,102.21,11.770000457763672,77.08000183105469,12.31999969482422,87.33000183105469,12.5,102.58000183105467,11.741714341299874,12.263733291625977,0.9574331476195723,0.28506929820715315,12.510000228881836,13.890000343322754
2026-07-03,12.270000457763672,71.80000305175781,95.527099609375,129.81,105.47,102.21,11.699999809265137,73.73999786376953,11.989999771118164,83.16999816894531,12.675000190734863,103.54000091552734,11.823143005371094,12.250233300526936,0.9651353622390936,0.3108745846991664,12.68000030517578,14.286999702453612
2026-07-06,12.960000038146973,71.98999786376953,95.2147979736328,129.81,105.47,102.21,11.399999618530272,75.26000213623047,12.130000114440918,78.95999908447266,12.675000190734863,103.54000091552734,12.04600020817348,12.259733295440673,0.9825654516480224,0.43607267147590556,12.56999969482422,14.0
2026-07-07,12.760000228881836,74.16000366210938,95.60350036621094,129.81,105.47,102.21,11.270000457763672,71.98999786376953,11.880000114440918,79.55000305175781,12.880000114440918,99.58000183105467,12.258857318333217,12.255733299255372,1.000254086512895,0.5005792821133335,12.380000114440918,13.81999969482422
2026-07-08,12.835000038146973,78.0199966430664,95.59339904785156,129.81,105.47,102.21,11.630000114440918,73.1500015258789,11.56999969482422,79.8499984741211,12.875,94.29000091552734,12.43100016457694,12.254399967193603,1.014410338633691,0.5474097368501525,12.609999656677246,14.005000114440918
2026-07-09,12.949999809265137,76.30000305175781,95.86180114746094,129.81,105.47,102.21,11.869999885559082,72.91999816894531,11.56999969482422,79.8499984741211,13.149999618530272,93.70999908447266,12.585285867963519,12.247733306884765,1.0275595718020163,0.5876640196584186,12.779999732971191,14.1899995803833
2026-07-10,12.890000343322754,76.01000213623047,95.39019775390624,129.81,105.47,102.21,12.052000045776367,71.56999969482422,11.579999923706056,77.9000015258789,12.9399995803833,92.0500030517578,12.70500019618443,12.246066665649414,1.0374751475974595,0.6035912666945642,13.359999656677246,14.75
2026-07-13,13.329999923706056,83.30000305175781,95.3249969482422,129.81,105.47,102.21,12.270000457763672,71.80000305175781,11.770000457763672,77.08000183105469,13.03499984741211,94.9800033569336,12.856428691319056,12.255900001525879,1.0489982946772956,0.6617527467953642,13.420000076293944,14.6899995803833
2026-07-14,13.100000381469728,84.7300033569336,96.29889678955078,129.81,105.47,102.21,12.270000457763672,71.80000305175781,11.699999809265137,73.73999786376953,12.9399995803833,96.0,12.97500010899135,12.261233361562093,1.0582124280859495,0.669989500205359,13.949999809265137,15.0649995803833
2026-07-15,12.84000015258789,84.94999694824219,96.42530059814452,129.81,105.47,102.21,12.960000038146973,71.98999786376953,11.399999618530272,75.26000213623047,12.619999885559082,97.80999755859376,12.957857268197197,12.268566703796386,1.0561826021911342,0.6129171099109288,13.90999984741211,15.0600004196167
2026-07-16,12.649999618530272,84.2300033569336,96.49859619140624,129.81,105.47,102.21,12.760000228881836,74.16000366210938,11.270000457763672,71.98999786376953,12.65999984741211,95.02999877929688,12.94214289528983,12.268233362833659,1.0549304014051217,0.5001480764275188,13.970000267028809,14.81999969482422
2026-07-17,12.65999984741211,88.0999984741211,96.6521987915039,129.81,105.47,102.21,12.835000038146973,78.0199966430664,11.630000114440918,73.1500015258789,12.699999809265137,93.08999633789062,12.917142868041992,12.266900030771891,1.0530070601022568,0.4148972746269029,13.9399995803833,14.81999969482422
2026-07-20,12.1899995803833,89.22000122070312,96.28479766845705,129.81,105.47,102.21,12.949999809265137,76.30000305175781,11.869999885559082,72.91999816894531,12.369999885559082,94.25,12.808571406773158,12.260900020599365,1.0446672706392655,0.37399063238135816,13.760000228881836,15.350000381469728
